{"type":"FeatureCollection","features":[{"type":"Feature","properties":{"DT":"Kawlin","DT_MMR":"ကောလင်းခရိုင်","DT_PCODE":"MMR005D011"},"geometry":{"type":"Polygon","coordinates":[[[95.2888,24.3559],[95.2901,24.353],[95.3008,24.3546],[95.3077,24.3512],[95.3121,24.3388],[95.3101,24.3359],[95.311,24.3286],[95.3187,24.3263],[95.3181,24.3252],[95.319,24.3195],[95.3241,24.3195],[95.3266,24.317],[95.327,24.3137],[95.3294,24.3099],[95.3355,24.3107],[95.3365,24.3098],[95.3377,24.2994],[95.341,24.2968],[95.3449,24.2982],[95.3435,24.2946],[95.3457,24.2921],[95.3499,24.2912],[95.3488,24.2865],[95.3523,24.2792],[95.3557,24.2812],[95.3559,24.2797],[95.3599,24.2802],[95.3623,24.2816],[95.365,24.279],[95.3664,24.2759],[95.3699,24.2781],[95.3725,24.2757],[95.3742,24.2785],[95.3737,24.2803],[95.3779,24.2821],[95.3797,24.2852],[95.3815,24.2799],[95.3835,24.2799],[95.384,24.2831],[95.3855,24.2827],[95.3893,24.2843],[95.3906,24.2832],[95.388,24.2782],[95.3928,24.2836],[95.3948,24.2832],[95.4024,24.2854],[95.4044,24.289],[95.4117,24.2914],[95.4137,24.2948],[95.4158,24.3046],[95.4183,24.3041],[95.4188,24.3032],[95.4276,24.3073],[95.4302,24.3101],[95.4399,24.3152],[95.4506,24.3266],[95.4585,24.3306],[95.4619,24.3306],[95.4633,24.3343],[95.4656,24.3344],[95.4663,24.3374],[95.4677,24.3388],[95.4708,24.3388],[95.4742,24.3446],[95.4786,24.3472],[95.486,24.3435],[95.49,24.3399],[95.4919,24.3403],[95.4989,24.349],[95.5041,24.3517],[95.5138,24.3679],[95.5173,24.3695],[95.52,24.3665],[95.52,24.3644],[95.5302,24.3557],[95.5394,24.3526],[95.5376,24.3505],[95.5288,24.3477],[95.5258,24.3459],[95.5234,24.3427],[95.5239,24.3405],[95.5264,24.3396],[95.5274,24.3319],[95.5264,24.3315],[95.5259,24.3289],[95.5182,24.3217],[95.5153,24.317],[95.5149,24.3123],[95.5109,24.3088],[95.5044,24.3061],[95.5013,24.305],[95.4973,24.3052],[95.4984,24.2999],[95.4923,24.2908],[95.4888,24.2906],[95.4848,24.2879],[95.4835,24.2838],[95.4874,24.2843],[95.4879,24.2829],[95.4942,24.2832],[95.503,24.2767],[95.5055,24.2691],[95.5092,24.2686],[95.5147,24.2707],[95.5206,24.2761],[95.5248,24.2781],[95.5347,24.2769],[95.5352,24.2864],[95.54,24.2862],[95.5399,24.2885],[95.5455,24.2905],[95.5548,24.2906],[95.5583,24.2897],[95.5725,24.2948],[95.5849,24.2862],[95.5879,24.2849],[95.5923,24.2854],[95.5969,24.2816],[95.6105,24.2864],[95.6164,24.2903],[95.6223,24.2897],[95.6235,24.2882],[95.6256,24.2879],[95.6313,24.2884],[95.6599,24.3035],[95.6708,24.3174],[95.6754,24.3281],[95.6801,24.3301],[95.691,24.3297],[95.6925,24.331],[95.6967,24.3304],[95.7021,24.3364],[95.7038,24.3404],[95.7062,24.3366],[95.7097,24.3348],[95.7112,24.3298],[95.7142,24.3263],[95.7157,24.3195],[95.7187,24.3163],[95.7197,24.3127],[95.7187,24.3091],[95.7207,24.3055],[95.7237,24.3042],[95.7237,24.3033],[95.7281,24.3019],[95.7281,24.301],[95.7311,24.3006],[95.7375,24.2948],[95.738,24.2925],[95.741,24.2894],[95.7435,24.2817],[95.749,24.275],[95.7569,24.27],[95.7613,24.2642],[95.7712,24.2579],[95.7719,24.2555],[95.7697,24.242],[95.7675,24.2384],[95.7588,24.2322],[95.7583,24.2299],[95.7547,24.2285],[95.7493,24.2208],[95.7384,24.2161],[95.7377,24.212],[95.7415,24.2059],[95.7388,24.2001],[95.7406,24.1986],[95.744,24.1973],[95.744,24.1964],[95.7504,24.1946],[95.7509,24.1937],[95.7612,24.1922],[95.7642,24.1831],[95.7694,24.1796],[95.7733,24.1786],[95.7786,24.1789],[95.7826,24.1822],[95.7928,24.1804],[95.7933,24.179],[95.8089,24.1797],[95.8163,24.1783],[95.8189,24.1792],[95.8161,24.1873],[95.821,24.195],[95.8235,24.197],[95.8235,24.2005],[95.8262,24.2014],[95.8282,24.1968],[95.8326,24.1964],[95.8341,24.1936],[95.8351,24.1873],[95.8366,24.1842],[95.8381,24.1833],[95.8548,24.1852],[95.8597,24.1838],[95.8627,24.1816],[95.8627,24.1802],[95.8561,24.179],[95.8507,24.1756],[95.8502,24.1731],[95.8519,24.1687],[95.8554,24.1698],[95.8618,24.1649],[95.8629,24.1625],[95.8907,24.158],[95.8956,24.1561],[95.9,24.1561],[95.9072,24.1606],[95.9107,24.1606],[95.9115,24.1628],[95.915,24.1624],[95.9165,24.1592],[95.9253,24.1575],[95.9258,24.1552],[95.9283,24.1525],[95.9317,24.1507],[95.9323,24.1439],[95.9378,24.1439],[95.9426,24.1531],[95.9431,24.1592],[95.9495,24.1587],[95.9548,24.1528],[95.9539,24.1499],[95.9529,24.1499],[95.9489,24.1439],[95.9486,24.1416],[95.9502,24.1386],[95.9489,24.1342],[95.954,24.1291],[95.9537,24.1247],[95.9505,24.1207],[95.9554,24.111],[95.9546,24.1054],[95.9592,24.1021],[95.9608,24.1042],[95.9653,24.1035],[95.9671,24.0993],[95.9668,24.0968],[95.9587,24.0812],[95.9602,24.0716],[95.9709,24.0576],[95.9752,24.0423],[95.9755,24.0357],[95.9775,24.033],[95.9745,24.011],[95.9784,24.0028],[95.9885,23.9906],[95.987,23.9893],[95.9916,23.9874],[95.9905,23.9843],[95.9903,23.9767],[95.9959,23.9753],[95.9977,23.97],[95.9977,23.9666],[96.0018,23.9642],[96.0018,23.9496],[95.9971,23.9363],[95.9988,23.9268],[95.9937,23.916],[95.995,23.9109],[96.0005,23.9014],[96.0005,23.8966],[95.9981,23.8915],[96.0001,23.8905],[96.0038,23.8942],[96.0066,23.8942],[96.0052,23.8881],[96.0093,23.8824],[96.0035,23.8803],[96.0042,23.8735],[96.0018,23.8698],[95.9903,23.864],[95.9852,23.8637],[95.9828,23.8606],[95.9831,23.8561],[95.9774,23.8501],[95.9768,23.8454],[95.9706,23.8409],[95.9712,23.8365],[95.9706,23.8304],[95.9739,23.8186],[95.9789,23.8118],[95.9794,23.8082],[95.9818,23.8069],[95.9843,23.8073],[95.9853,23.8087],[95.9892,23.8087],[95.9907,23.8069],[95.9907,23.7997],[95.9956,23.8001],[95.9988,23.7975],[95.9947,23.7941],[95.9913,23.7859],[96.0003,23.7831],[95.9933,23.7598],[95.9909,23.7547],[95.9909,23.7513],[95.9889,23.7475],[95.9875,23.7404],[95.9821,23.7343],[95.9763,23.7312],[95.9753,23.7256],[95.9614,23.719],[95.9604,23.7136],[95.956,23.7109],[95.955,23.7065],[95.959,23.6824],[95.956,23.6728],[95.9526,23.6671],[95.9495,23.6545],[95.9511,23.646],[95.9543,23.6409],[95.9533,23.6369],[95.959,23.6352],[95.9605,23.6334],[95.9634,23.6321],[95.9737,23.6321],[95.9716,23.6192],[95.9787,23.6039],[95.9777,23.5998],[95.9801,23.5934],[95.978,23.589],[95.9817,23.5852],[95.9797,23.5798],[95.9794,23.5703],[95.9774,23.5706],[95.9692,23.5669],[95.9699,23.5615],[95.9729,23.556],[95.9725,23.5348],[95.9707,23.5355],[95.9682,23.5413],[95.9667,23.5418],[95.9662,23.5386],[95.9641,23.5427],[95.9608,23.54],[95.9535,23.5447],[95.9503,23.542],[95.9437,23.5397],[95.9305,23.5412],[95.9283,23.5432],[95.9222,23.5426],[95.9189,23.5436],[95.9156,23.543],[95.9123,23.5443],[95.9094,23.544],[95.908,23.5384],[95.9065,23.5398],[95.9036,23.5398],[95.9026,23.5432],[95.8998,23.5409],[95.8985,23.5376],[95.8963,23.5374],[95.8938,23.5415],[95.8907,23.5438],[95.8831,23.5354],[95.882,23.5363],[95.882,23.541],[95.8747,23.5406],[95.8712,23.5446],[95.8688,23.5459],[95.8683,23.5482],[95.8702,23.5491],[95.8707,23.5514],[95.8697,23.5523],[95.8673,23.5523],[95.8668,23.5505],[95.8642,23.5504],[95.8646,23.5529],[95.8636,23.5539],[95.8593,23.5518],[95.8562,23.5516],[95.8521,23.5482],[95.849,23.549],[95.8457,23.5467],[95.8451,23.5445],[95.8369,23.543],[95.8359,23.5305],[95.833,23.5291],[95.8336,23.5258],[95.826,23.5227],[95.824,23.5196],[95.8244,23.5135],[95.8198,23.511],[95.8189,23.5085],[95.817,23.5102],[95.8145,23.5164],[95.8124,23.5164],[95.8124,23.5181],[95.806,23.5157],[95.8053,23.5105],[95.8038,23.514],[95.8025,23.5143],[95.8,23.5113],[95.795,23.51],[95.7929,23.5083],[95.7929,23.5151],[95.7943,23.5181],[95.7934,23.5181],[95.7934,23.5198],[95.7922,23.5212],[95.7871,23.5195],[95.7852,23.5201],[95.7835,23.5247],[95.7786,23.5297],[95.7767,23.5297],[95.7745,23.5267],[95.7709,23.5252],[95.7709,23.5261],[95.7685,23.527],[95.761,23.5352],[95.7613,23.5475],[95.7635,23.5582],[95.7624,23.5642],[95.7643,23.5699],[95.7588,23.5829],[95.7618,23.5845],[95.7617,23.5902],[95.7625,23.5917],[95.7591,23.5977],[95.7577,23.6132],[95.7536,23.6232],[95.7468,23.6294],[95.7429,23.6307],[95.735,23.6411],[95.7252,23.6419],[95.7204,23.6408],[95.7202,23.6507],[95.7166,23.6556],[95.7155,23.6622],[95.7191,23.6693],[95.7174,23.6765],[95.7136,23.6828],[95.7144,23.6894],[95.7089,23.7031],[95.7141,23.7102],[95.7144,23.7152],[95.7111,23.7239],[95.7078,23.7253],[95.7081,23.7283],[95.7053,23.7283],[95.7012,23.7245],[95.6958,23.7244],[95.6935,23.7283],[95.6913,23.7283],[95.6916,23.7248],[95.6861,23.722],[95.685,23.7196],[95.6798,23.7174],[95.6826,23.7166],[95.6826,23.7144],[95.6846,23.7144],[95.6806,23.7121],[95.6765,23.7132],[95.6751,23.7091],[95.6723,23.7057],[95.6718,23.7085],[95.6659,23.7093],[95.665,23.7113],[95.6636,23.7119],[95.6614,23.7091],[95.6581,23.7086],[95.6573,23.7105],[95.6581,23.7152],[95.6566,23.7192],[95.651,23.7204],[95.6512,23.7156],[95.645,23.7174],[95.6439,23.716],[95.6444,23.7141],[95.6496,23.7083],[95.6466,23.7075],[95.6449,23.7101],[95.6419,23.7105],[95.6417,23.7075],[95.6439,23.7001],[95.6431,23.696],[95.6406,23.6973],[95.64,23.7023],[95.6373,23.7009],[95.6373,23.6979],[95.6362,23.696],[95.6337,23.6943],[95.6312,23.6905],[95.634,23.6891],[95.6351,23.6918],[95.6376,23.6916],[95.6378,23.6888],[95.6365,23.6855],[95.6328,23.6857],[95.6356,23.682],[95.6356,23.6809],[95.634,23.6798],[95.6271,23.687],[95.6239,23.687],[95.6234,23.6861],[95.62,23.6851],[95.6164,23.685],[95.6142,23.6829],[95.6088,23.6833],[95.6068,23.6851],[95.6043,23.6828],[95.5978,23.6847],[95.5934,23.682],[95.5941,23.6778],[95.5916,23.6778],[95.5921,23.675],[95.5877,23.6755],[95.5872,23.6786],[95.5808,23.6798],[95.5753,23.6748],[95.5758,23.6691],[95.5805,23.6641],[95.5834,23.6651],[95.5839,23.661],[95.5854,23.6601],[95.586,23.6545],[95.5918,23.6511],[95.5978,23.6494],[95.6022,23.6548],[95.6041,23.653],[95.606,23.653],[95.607,23.6508],[95.6085,23.6503],[95.609,23.6517],[95.6109,23.6517],[95.6109,23.6494],[95.61,23.649],[95.6105,23.6463],[95.6129,23.6458],[95.6145,23.6488],[95.617,23.6479],[95.617,23.6449],[95.614,23.6417],[95.6142,23.6378],[95.6112,23.6337],[95.6112,23.6304],[95.615,23.6318],[95.6183,23.6304],[95.6159,23.6246],[95.6112,23.6197],[95.6109,23.6147],[95.6151,23.616],[95.5937,23.5906],[95.5884,23.5799],[95.5851,23.5785],[95.5774,23.5774],[95.5733,23.5793],[95.5698,23.5791],[95.5659,23.5758],[95.5514,23.5777],[95.5459,23.5755],[95.5382,23.5675],[95.5325,23.5588],[95.5245,23.5541],[95.5218,23.55],[95.5185,23.5264],[95.5097,23.519],[95.5061,23.5206],[95.4951,23.5201],[95.4858,23.5159],[95.486,23.5123],[95.4811,23.5135],[95.4778,23.5082],[95.4718,23.5085],[95.4617,23.4995],[95.4552,23.5],[95.4515,23.5042],[95.4408,23.5032],[95.4363,23.5004],[95.4348,23.4946],[95.4322,23.4901],[95.416,23.4871],[95.4084,23.4964],[95.4088,23.4946],[95.4054,23.4955],[95.401,23.491],[95.3971,23.4896],[95.3916,23.4856],[95.3925,23.4806],[95.3906,23.4792],[95.383,23.4854],[95.3825,23.4868],[95.372,23.4913],[95.3589,23.4916],[95.3594,23.4893],[95.3539,23.4892],[95.3527,23.4901],[95.3578,23.4949],[95.3584,23.4979],[95.3476,23.5041],[95.3425,23.5049],[95.3403,23.5076],[95.3397,23.5109],[95.3409,23.5112],[95.3461,23.5068],[95.3479,23.5066],[95.3545,23.5139],[95.3569,23.5184],[95.3575,23.522],[95.381,23.5278],[95.3874,23.5326],[95.3964,23.5344],[95.4036,23.5383],[95.4118,23.5531],[95.4088,23.5593],[95.3884,23.567],[95.3843,23.5659],[95.3821,23.5631],[95.3824,23.5588],[95.3858,23.5572],[95.3895,23.5606],[95.3966,23.5578],[95.3986,23.553],[95.3922,23.5501],[95.3868,23.5511],[95.3832,23.553],[95.3801,23.5569],[95.3708,23.5612],[95.3524,23.5567],[95.3488,23.5648],[95.3461,23.5778],[95.3464,23.5832],[95.3533,23.588],[95.3575,23.5898],[95.3678,23.6021],[95.3638,23.6049],[95.3533,23.6082],[95.3578,23.6145],[95.3581,23.6188],[95.3559,23.6212],[95.3422,23.6239],[95.3422,23.6272],[95.3479,23.6302],[95.3554,23.6299],[95.3614,23.6308],[95.3635,23.6335],[95.3631,23.637],[95.3567,23.6374],[95.3478,23.6405],[95.3429,23.6436],[95.3356,23.6444],[95.3261,23.6487],[95.3225,23.6547],[95.3157,23.6619],[95.3149,23.6811],[95.3074,23.6824],[95.3013,23.6791],[95.2934,23.6855],[95.2933,23.7017],[95.289,23.7028],[95.2819,23.7069],[95.2811,23.7091],[95.2896,23.7143],[95.2869,23.7203],[95.28,23.7176],[95.2749,23.7216],[95.2755,23.7245],[95.2713,23.7239],[95.2707,23.7219],[95.272,23.7208],[95.2698,23.7198],[95.2682,23.7217],[95.2685,23.7242],[95.2645,23.7296],[95.2618,23.7272],[95.2578,23.7258],[95.2561,23.7274],[95.2578,23.7314],[95.2556,23.7328],[95.2527,23.7328],[95.2514,23.7301],[95.2503,23.7304],[95.2491,23.7331],[95.2439,23.735],[95.2439,23.73],[95.2408,23.731],[95.2397,23.7373],[95.2382,23.7349],[95.2352,23.7357],[95.2334,23.7384],[95.232,23.736],[95.2287,23.734],[95.2293,23.7381],[95.2246,23.7351],[95.2221,23.7387],[95.2235,23.7406],[95.2232,23.745],[95.2195,23.7442],[95.2196,23.7483],[95.2185,23.7487],[95.2155,23.7455],[95.215,23.7467],[95.2131,23.7475],[95.2125,23.7459],[95.2089,23.7458],[95.2075,23.7509],[95.1996,23.7516],[95.2002,23.7558],[95.1955,23.7585],[95.1969,23.7615],[95.1947,23.7629],[95.1916,23.7631],[95.1903,23.7656],[95.1868,23.7674],[95.185,23.7671],[95.1838,23.7719],[95.1817,23.7723],[95.1812,23.7706],[95.1796,23.7694],[95.176,23.7705],[95.173,23.7746],[95.1685,23.7731],[95.1664,23.7746],[95.1628,23.7728],[95.1597,23.7751],[95.1576,23.7727],[95.1532,23.7757],[95.1538,23.7782],[95.1516,23.7799],[95.1513,23.782],[95.1491,23.7822],[95.1477,23.7844],[95.1443,23.7851],[95.145,23.7824],[95.1425,23.7819],[95.141,23.7841],[95.1371,23.7848],[95.1365,23.7864],[95.124,23.7879],[95.1216,23.7862],[95.12,23.7874],[95.1173,23.7859],[95.1175,23.7871],[95.1151,23.7851],[95.1137,23.7815],[95.1096,23.7823],[95.111,23.7862],[95.1076,23.7911],[95.1076,23.7938],[95.1038,23.7919],[95.1022,23.7947],[95.1025,23.7966],[95.1056,23.796],[95.1056,23.7983],[95.1005,23.7991],[95.1005,23.8018],[95.0992,23.8043],[95.0992,23.8103],[95.0953,23.8174],[95.0945,23.8229],[95.1003,23.8336],[95.1003,23.8391],[95.1016,23.8424],[95.1022,23.8498],[95.1036,23.8512],[95.1014,23.8539],[95.0998,23.8664],[95.0956,23.8713],[95.0952,23.8674],[95.0925,23.8602],[95.0853,23.8508],[95.0796,23.8461],[95.0804,23.8429],[95.0772,23.8425],[95.0757,23.8441],[95.0734,23.8443],[95.0702,23.8489],[95.0665,23.8437],[95.0607,23.8407],[95.0584,23.8362],[95.0546,23.8344],[95.0506,23.8407],[95.0477,23.8411],[95.0389,23.8471],[95.0313,23.8438],[95.0295,23.8472],[95.0191,23.8564],[95.0198,23.869],[95.0271,23.8833],[95.0288,23.8916],[95.0327,23.8978],[95.0337,23.9058],[95.0417,23.923],[95.034,23.9272],[95.0335,23.9285],[95.0223,23.9373],[95.0173,23.9456],[95.0173,23.9515],[95.0191,23.9557],[95.0149,23.9616],[95.0182,23.9708],[95.0182,23.9743],[95.0211,23.9794],[95.0188,23.985],[95.0226,23.9871],[95.0256,23.9939],[95.0303,23.993],[95.0413,23.9986],[95.0517,24.0072],[95.0564,24.0191],[95.0618,24.0194],[95.064,24.0166],[95.0644,24.0177],[95.0664,24.0182],[95.0673,24.0168],[95.0772,24.0327],[95.0819,24.0502],[95.0855,24.0576],[95.0893,24.0612],[95.0947,24.071],[95.0997,24.0748],[95.1018,24.0837],[95.1071,24.0911],[95.113,24.0917],[95.1163,24.0903],[95.1186,24.0918],[95.1232,24.0897],[95.1335,24.0988],[95.1421,24.111],[95.1575,24.1249],[95.1726,24.1365],[95.1788,24.1433],[95.182,24.1497],[95.175,24.1481],[95.1691,24.1552],[95.1669,24.1602],[95.1602,24.1594],[95.1597,24.1603],[95.1557,24.1584],[95.1563,24.1765],[95.1525,24.1884],[95.1531,24.1993],[95.1522,24.2201],[95.1575,24.2293],[95.1619,24.2411],[95.1694,24.2503],[95.1744,24.2586],[95.175,24.2648],[95.1863,24.2752],[95.1904,24.2803],[95.1916,24.2865],[95.1969,24.2945],[95.2034,24.3069],[95.2032,24.3146],[95.2346,24.339],[95.2423,24.3428],[95.2488,24.3478],[95.2577,24.3588],[95.2669,24.3615],[95.2764,24.3686],[95.2848,24.3712],[95.2861,24.3695],[95.2881,24.369],[95.2888,24.3559]]]}},{"type":"Feature","properties":{"DT":"Mawlaik","DT_MMR":"မော်လိုက်ခရိုင်","DT_PCODE":"MMR005D007"},"geometry":{"type":"Polygon","coordinates":[[[94.7199,24.5478],[94.722,24.5476],[94.7258,24.5499],[94.7262,24.5528],[94.7318,24.5528],[94.7318,24.5557],[94.7368,24.5542],[94.7434,24.5587],[94.7529,24.5583],[94.7571,24.5606],[94.7653,24.5588],[94.7676,24.5555],[94.772,24.5407],[94.7792,24.5443],[94.7807,24.5474],[94.7884,24.5528],[94.7921,24.5597],[94.7913,24.5653],[94.7923,24.572],[94.7965,24.5754],[94.8091,24.5772],[94.8177,24.5767],[94.8355,24.5724],[94.8455,24.572],[94.85,24.5678],[94.8613,24.5668],[94.8663,24.5628],[94.8663,24.5614],[94.8703,24.5587],[94.8729,24.5588],[94.8753,24.5547],[94.8795,24.5523],[94.8854,24.5523],[94.8928,24.5545],[94.9002,24.5545],[94.9113,24.5641],[94.9131,24.5696],[94.9199,24.5696],[94.9315,24.566],[94.9385,24.5605],[94.9385,24.5565],[94.9427,24.5573],[94.9439,24.5527],[94.9454,24.5523],[94.9469,24.5496],[94.9503,24.5483],[94.9593,24.5397],[94.9625,24.5345],[94.9645,24.5336],[94.9683,24.5358],[94.9742,24.5364],[94.9751,24.5373],[94.986,24.5369],[94.986,24.536],[94.99,24.5356],[94.9925,24.5338],[94.9999,24.5339],[94.9999,24.5289],[95.0058,24.529],[95.0058,24.5281],[95.0088,24.5263],[95.0143,24.5264],[95.0158,24.5241],[95.0242,24.5238],[95.0287,24.5152],[95.0352,24.5081],[95.0387,24.5063],[95.0441,24.5059],[95.0475,24.4996],[95.0521,24.4979],[95.061,24.4901],[95.0618,24.4849],[95.0658,24.4809],[95.068,24.4822],[95.069,24.4812],[95.0693,24.4776],[95.0745,24.4746],[95.0734,24.4801],[95.0758,24.4806],[95.0787,24.4797],[95.0814,24.4769],[95.0844,24.4765],[95.0844,24.4756],[95.0918,24.4793],[95.0965,24.4793],[95.0997,24.4784],[95.1041,24.4753],[95.1041,24.4744],[95.1195,24.471],[95.12,24.4696],[95.1244,24.4683],[95.1387,24.4693],[95.1427,24.4639],[95.1457,24.464],[95.1486,24.4658],[95.1531,24.4654],[95.1541,24.4645],[95.1634,24.4641],[95.1649,24.4614],[95.1684,24.4592],[95.1757,24.4579],[95.1806,24.4495],[95.1829,24.4499],[95.1863,24.4458],[95.1908,24.4432],[95.2006,24.4423],[95.2031,24.441],[95.2081,24.4406],[95.2086,24.4397],[95.213,24.4384],[95.2174,24.4389],[95.2184,24.4398],[95.2233,24.4394],[95.2253,24.4371],[95.2313,24.4372],[95.2318,24.4363],[95.2377,24.4359],[95.2407,24.4332],[95.2431,24.4328],[95.2619,24.4329],[95.2625,24.4326],[95.2622,24.4264],[95.2703,24.4178],[95.272,24.4103],[95.2775,24.4066],[95.2791,24.4076],[95.2838,24.4065],[95.2967,24.4153],[95.2998,24.4132],[95.3051,24.4149],[95.3107,24.4153],[95.3195,24.4186],[95.3231,24.4178],[95.3374,24.4186],[95.3409,24.4164],[95.3429,24.4164],[95.3429,24.4155],[95.3468,24.416],[95.3483,24.4174],[95.3488,24.4205],[95.3522,24.4205],[95.3527,24.4196],[95.3557,24.421],[95.3556,24.426],[95.3566,24.426],[95.3581,24.4287],[95.3603,24.4287],[95.3606,24.4157],[95.3552,24.4122],[95.3455,24.3997],[95.3421,24.3988],[95.3327,24.4005],[95.3108,24.3979],[95.3102,24.3941],[95.3111,24.3891],[95.3057,24.3855],[95.3001,24.3763],[95.2764,24.3686],[95.2669,24.3615],[95.2577,24.3588],[95.2488,24.3478],[95.2423,24.3428],[95.2346,24.339],[95.2032,24.3146],[95.2034,24.3069],[95.1969,24.2945],[95.1916,24.2865],[95.1904,24.2803],[95.1863,24.2752],[95.175,24.2648],[95.1744,24.2586],[95.1694,24.2503],[95.1619,24.2411],[95.1575,24.2293],[95.1522,24.2201],[95.1531,24.1993],[95.1525,24.1884],[95.1563,24.1765],[95.1557,24.1584],[95.1597,24.1603],[95.1602,24.1594],[95.1669,24.1602],[95.1691,24.1552],[95.175,24.1481],[95.182,24.1497],[95.1788,24.1433],[95.1726,24.1365],[95.1575,24.1249],[95.1421,24.111],[95.1335,24.0988],[95.1232,24.0897],[95.1186,24.0918],[95.1163,24.0903],[95.113,24.0917],[95.1071,24.0911],[95.1018,24.0837],[95.0997,24.0748],[95.0947,24.071],[95.0893,24.0612],[95.0855,24.0576],[95.0819,24.0502],[95.0772,24.0327],[95.0673,24.0168],[95.0664,24.0182],[95.0644,24.0177],[95.064,24.0166],[95.0618,24.0194],[95.0564,24.0191],[95.0517,24.0072],[95.0413,23.9986],[95.0303,23.993],[95.0256,23.9939],[95.0226,23.9871],[95.0188,23.985],[95.0211,23.9794],[95.0182,23.9743],[95.0182,23.9708],[95.0149,23.9616],[95.0191,23.9557],[95.0173,23.9515],[95.0173,23.9456],[95.0223,23.9373],[95.0335,23.9285],[95.034,23.9272],[95.0417,23.923],[95.0337,23.9058],[95.0327,23.8978],[95.0288,23.8916],[95.0271,23.8833],[95.0198,23.869],[95.0191,23.8564],[95.0295,23.8472],[95.0313,23.8438],[95.0389,23.8471],[95.0477,23.8411],[95.0506,23.8407],[95.0546,23.8344],[95.0505,23.8334],[95.0507,23.8258],[95.0477,23.8204],[95.0463,23.8158],[95.0472,23.8077],[95.0454,23.7998],[95.0366,23.7912],[95.0305,23.7875],[95.0273,23.7831],[95.0271,23.7785],[95.0166,23.7757],[95.0119,23.7563],[95.0178,23.7528],[95.0174,23.7491],[95.0184,23.7468],[95.0184,23.7415],[95.0202,23.7374],[95.0161,23.7308],[95.0115,23.7274],[95.0064,23.7285],[95.0064,23.7254],[94.9993,23.7145],[95.0006,23.7045],[94.995,23.6885],[94.9906,23.6834],[94.9784,23.6342],[94.9834,23.6266],[94.9914,23.6216],[94.9935,23.6067],[94.992,23.6027],[94.9901,23.5999],[94.9877,23.5986],[94.9839,23.5999],[94.9762,23.5996],[94.9708,23.5979],[94.9678,23.591],[94.9693,23.5866],[94.9669,23.578],[94.9614,23.5725],[94.9568,23.5632],[94.9533,23.5504],[94.9531,23.5437],[94.9494,23.5383],[94.9527,23.5337],[94.9517,23.5305],[94.9401,23.5182],[94.9326,23.5198],[94.9216,23.5157],[94.9102,23.521],[94.9102,23.522],[94.9058,23.5224],[94.8994,23.5202],[94.8988,23.5169],[94.8936,23.5182],[94.8907,23.5199],[94.8902,23.5213],[94.8794,23.5206],[94.8697,23.513],[94.8677,23.5138],[94.8614,23.5129],[94.859,23.5085],[94.8507,23.5073],[94.8485,23.5059],[94.847,23.501],[94.8391,23.5013],[94.8297,23.5001],[94.8285,23.5013],[94.8255,23.501],[94.8192,23.5037],[94.8146,23.4988],[94.8106,23.4997],[94.8092,23.505],[94.7974,23.5036],[94.7843,23.5124],[94.7788,23.5057],[94.7732,23.5045],[94.7698,23.5073],[94.7659,23.5136],[94.7509,23.5153],[94.7481,23.5188],[94.7387,23.5171],[94.7375,23.5149],[94.735,23.5154],[94.7341,23.5176],[94.7272,23.5107],[94.7257,23.5011],[94.719,23.4962],[94.7141,23.4989],[94.7139,23.49],[94.7102,23.4961],[94.7089,23.4872],[94.7053,23.4905],[94.7006,23.4917],[94.6999,23.4936],[94.6987,23.4935],[94.6985,23.4953],[94.6959,23.4953],[94.6934,23.4933],[94.6959,23.4933],[94.6972,23.4915],[94.6924,23.488],[94.6879,23.4906],[94.6855,23.4938],[94.6806,23.493],[94.6718,23.4882],[94.6684,23.485],[94.6685,23.4761],[94.6662,23.4754],[94.664,23.4724],[94.6595,23.4709],[94.6579,23.4659],[94.6546,23.463],[94.6546,23.4594],[94.6566,23.4528],[94.6543,23.4478],[94.6533,23.4478],[94.6475,23.4392],[94.6392,23.436],[94.6463,23.4175],[94.6449,23.4042],[94.6535,23.3604],[94.6565,23.3506],[94.6617,23.34],[94.6607,23.336],[94.6592,23.3355],[94.654,23.3382],[94.647,23.3353],[94.6456,23.3326],[94.6461,23.3244],[94.6446,23.321],[94.6374,23.3221],[94.6345,23.3239],[94.6279,23.3205],[94.6263,23.3166],[94.6224,23.317],[94.6097,23.311],[94.6063,23.3112],[94.603,23.3156],[94.6015,23.3201],[94.6041,23.3276],[94.6031,23.3339],[94.601,23.3375],[94.5971,23.3397],[94.5949,23.345],[94.5823,23.3499],[94.5793,23.353],[94.5747,23.3522],[94.5725,23.3535],[94.5712,23.3569],[94.5734,23.3644],[94.5718,23.3681],[94.5714,23.3718],[94.5653,23.3777],[94.5618,23.3768],[94.5562,23.3788],[94.5513,23.386],[94.5479,23.3886],[94.5508,23.3974],[94.5444,23.4018],[94.5355,23.4014],[94.5394,23.4114],[94.5359,23.4154],[94.5402,23.4204],[94.5392,23.425],[94.5444,23.4325],[94.5416,23.4333],[94.5326,23.4335],[94.5343,23.4389],[94.5322,23.445],[94.5278,23.4479],[94.5319,23.4544],[94.5319,23.4666],[94.5294,23.4733],[94.5261,23.4782],[94.5126,23.4897],[94.5025,23.4921],[94.4971,23.4921],[94.4877,23.4871],[94.4803,23.4879],[94.4722,23.4908],[94.4657,23.4901],[94.4616,23.493],[94.452,23.4869],[94.4228,23.4577],[94.4188,23.4657],[94.4171,23.472],[94.4134,23.4766],[94.4114,23.4818],[94.4073,23.4829],[94.3983,23.4712],[94.3916,23.4681],[94.3791,23.4555],[94.3709,23.4444],[94.3639,23.4452],[94.3589,23.4479],[94.3591,23.4518],[94.3761,23.4731],[94.3824,23.4784],[94.3859,23.4842],[94.3869,23.4936],[94.3893,23.4959],[94.3917,23.5009],[94.3927,23.5009],[94.3955,23.5059],[94.3999,23.5096],[94.4208,23.5193],[94.4265,23.528],[94.4289,23.5339],[94.4254,23.5612],[94.4291,23.5668],[94.43,23.5721],[94.4286,23.5812],[94.4247,23.585],[94.4221,23.5845],[94.4175,23.5802],[94.4068,23.5784],[94.3728,23.5784],[94.3693,23.5743],[94.3496,23.564],[94.3417,23.5643],[94.3343,23.5674],[94.3201,23.5625],[94.3092,23.5645],[94.3049,23.5696],[94.2839,23.5786],[94.2788,23.5783],[94.2735,23.5836],[94.2658,23.5893],[94.2551,23.5865],[94.2473,23.5821],[94.2423,23.5821],[94.2325,23.5887],[94.2286,23.6063],[94.2401,23.6187],[94.2412,23.6225],[94.2403,23.6269],[94.2359,23.6273],[94.2359,23.6282],[94.2256,23.6285],[94.2256,23.6294],[94.2216,23.6294],[94.2162,23.6311],[94.2147,23.6324],[94.2059,23.6332],[94.2054,23.6341],[94.2,23.6349],[94.1876,23.6451],[94.1974,23.6511],[94.2,23.6557],[94.2006,23.6644],[94.2059,23.6675],[94.2135,23.6911],[94.2178,23.7012],[94.2204,23.7011],[94.2228,23.7029],[94.2284,23.7019],[94.231,23.7038],[94.2286,23.7089],[94.2301,23.7156],[94.2245,23.7193],[94.2266,23.7272],[94.2233,23.7374],[94.2264,23.7416],[94.2264,23.7462],[94.2303,23.7477],[94.2312,23.7559],[94.2344,23.7694],[94.2348,23.7762],[94.2358,23.7762],[94.2361,23.7821],[94.2394,23.7943],[94.2403,23.7948],[94.2446,23.8034],[94.2524,23.8081],[94.2577,23.8127],[94.2609,23.823],[94.2644,23.8267],[94.2822,23.8561],[94.2848,23.864],[94.2943,23.8796],[94.2985,23.8914],[94.308,23.8986],[94.311,23.9065],[94.326,23.9219],[94.328,23.9224],[94.3357,23.9315],[94.3444,23.938],[94.3488,23.9501],[94.3544,23.9589],[94.3592,23.9626],[94.3654,23.9726],[94.3668,23.9771],[94.3657,23.981],[94.3674,23.9864],[94.3671,23.9978],[94.3767,24.0054],[94.3806,24.0035],[94.3992,24.0021],[94.4081,24.0066],[94.41,24.0093],[94.4154,24.0125],[94.4178,24.013],[94.4251,24.0058],[94.4239,24.0005],[94.422,23.9991],[94.4186,23.9941],[94.4158,23.985],[94.4107,23.9768],[94.4105,23.9712],[94.4117,23.9667],[94.4154,23.9653],[94.4239,23.9684],[94.4287,23.9752],[94.4376,23.9756],[94.4445,23.9724],[94.4514,23.966],[94.4573,23.9581],[94.4593,23.9502],[94.4667,23.9451],[94.4765,23.9406],[94.4867,23.944],[94.4926,23.9445],[94.498,23.9431],[94.4955,23.949],[94.4906,23.9542],[94.4866,23.9606],[94.4896,23.9717],[94.4906,23.9805],[94.4962,23.9902],[94.4917,23.9983],[94.4977,24.0021],[94.4978,24.0153],[94.4913,24.032],[94.4885,24.0492],[94.4884,24.0564],[94.4908,24.0596],[94.4927,24.0664],[94.4936,24.0668],[94.4935,24.0722],[94.4925,24.0736],[94.4915,24.0799],[94.4938,24.0844],[94.4953,24.0849],[94.4962,24.0917],[94.5005,24.0967],[94.502,24.0999],[94.5023,24.1038],[94.4975,24.1075],[94.495,24.1132],[94.4965,24.1203],[94.5005,24.131],[94.499,24.1332],[94.5032,24.1531],[94.5029,24.1652],[94.5046,24.176],[94.5024,24.182],[94.5048,24.1928],[94.5099,24.198],[94.5161,24.2124],[94.5264,24.224],[94.5322,24.2284],[94.5333,24.2339],[94.5403,24.2321],[94.548,24.2395],[94.5476,24.245],[94.5539,24.2546],[94.5561,24.2644],[94.5653,24.2889],[94.5688,24.2963],[94.5764,24.3065],[94.5795,24.3187],[94.5883,24.3342],[94.6003,24.3286],[94.6015,24.3246],[94.6058,24.3218],[94.608,24.3159],[94.6129,24.3138],[94.6145,24.3117],[94.6137,24.3065],[94.6159,24.3047],[94.6213,24.3072],[94.6233,24.3099],[94.6293,24.3075],[94.6325,24.3038],[94.6339,24.2968],[94.6516,24.2958],[94.6554,24.299],[94.6569,24.3022],[94.6563,24.3049],[94.6578,24.3132],[94.6641,24.3249],[94.6691,24.3299],[94.6732,24.3299],[94.6776,24.3358],[94.6824,24.3348],[94.6844,24.3391],[94.6833,24.3434],[94.6902,24.35],[94.703,24.3746],[94.7077,24.3772],[94.713,24.3766],[94.7156,24.3742],[94.7188,24.3653],[94.7221,24.3631],[94.7389,24.3592],[94.7658,24.3694],[94.7733,24.3762],[94.7747,24.3862],[94.7738,24.3945],[94.7714,24.401],[94.7642,24.4078],[94.7518,24.4166],[94.7484,24.4179],[94.7503,24.4324],[94.754,24.4418],[94.7551,24.4515],[94.7539,24.4562],[94.7504,24.4621],[94.7472,24.4648],[94.7416,24.4673],[94.7389,24.4729],[94.7349,24.4865],[94.7206,24.5008],[94.7145,24.5109],[94.6972,24.5318],[94.6829,24.5579],[94.6832,24.5683],[94.6849,24.5776],[94.6923,24.5815],[94.7017,24.5841],[94.7132,24.5836],[94.7169,24.5789],[94.7162,24.5656],[94.7179,24.5525],[94.7199,24.5478]]]}},{"type":"Feature","properties":{"DT":"Monywa","DT_MMR":"မုံရွာခရိုင်","DT_PCODE":"MMR005D003"},"geometry":{"type":"Polygon","coordinates":[[[95.1483,22.6211],[95.1581,22.6196],[95.1632,22.6162],[95.165,22.6097],[95.1636,22.6016],[95.1641,22.5998],[95.1719,22.595],[95.1812,22.5918],[95.183,22.5892],[95.1828,22.5801],[95.19,22.5745],[95.1912,22.5695],[95.2064,22.5536],[95.2065,22.545],[95.215,22.5301],[95.2234,22.5279],[95.2388,22.5164],[95.2446,22.5068],[95.2465,22.4963],[95.2595,22.4872],[95.2653,22.4868],[95.273,22.4828],[95.2836,22.4826],[95.2996,22.4922],[95.3052,22.493],[95.3066,22.4912],[95.3099,22.4929],[95.3112,22.4958],[95.3101,22.5011],[95.3115,22.504],[95.3155,22.506],[95.3197,22.5018],[95.3235,22.5012],[95.3295,22.503],[95.3374,22.5118],[95.3414,22.5146],[95.3425,22.5125],[95.3453,22.5113],[95.3468,22.5064],[95.3492,22.5064],[95.3496,22.5034],[95.3538,22.5024],[95.3531,22.4997],[95.3488,22.4985],[95.3505,22.4946],[95.3496,22.4913],[95.3517,22.4883],[95.3615,22.4902],[95.3717,22.4904],[95.3775,22.4872],[95.3848,22.4917],[95.3913,22.4894],[95.3969,22.4924],[95.4006,22.496],[95.4036,22.496],[95.4028,22.491],[95.4033,22.4865],[95.4102,22.4793],[95.4141,22.477],[95.4213,22.4763],[95.4226,22.4794],[95.4204,22.4866],[95.4211,22.4973],[95.4334,22.4943],[95.4415,22.4959],[95.4419,22.492],[95.4393,22.4894],[95.4446,22.4875],[95.4455,22.485],[95.4431,22.4831],[95.4491,22.481],[95.4485,22.4782],[95.4515,22.4782],[95.4543,22.4768],[95.4559,22.4719],[95.459,22.47],[95.4692,22.4778],[95.4758,22.477],[95.4779,22.4785],[95.4795,22.4774],[95.4806,22.4784],[95.484,22.478],[95.4851,22.4767],[95.4905,22.4782],[95.4939,22.478],[95.4925,22.4714],[95.4967,22.4693],[95.4982,22.4707],[95.496,22.4766],[95.4965,22.4792],[95.4986,22.4796],[95.5025,22.4776],[95.5042,22.4752],[95.5016,22.4719],[95.5035,22.4677],[95.5038,22.4635],[95.5065,22.4649],[95.5184,22.4661],[95.5243,22.4658],[95.5234,22.4624],[95.5248,22.4586],[95.5229,22.4518],[95.5267,22.4468],[95.5254,22.4455],[95.5259,22.4427],[95.5311,22.4395],[95.5411,22.4381],[95.5444,22.4367],[95.5483,22.4316],[95.5471,22.428],[95.5427,22.4246],[95.5398,22.4239],[95.5348,22.4247],[95.5291,22.4313],[95.5268,22.4325],[95.5233,22.4271],[95.5238,22.4129],[95.5273,22.4108],[95.5343,22.4101],[95.5397,22.4154],[95.5419,22.4148],[95.5408,22.4113],[95.5294,22.4024],[95.5327,22.399],[95.5323,22.3921],[95.5352,22.3875],[95.5384,22.3846],[95.547,22.3799],[95.5426,22.3764],[95.536,22.369],[95.5344,22.3636],[95.54,22.3578],[95.5499,22.3569],[95.5563,22.3547],[95.5577,22.3533],[95.5583,22.3446],[95.5554,22.34],[95.5637,22.3281],[95.5682,22.3235],[95.572,22.3223],[95.5848,22.3223],[95.5871,22.3186],[95.5848,22.313],[95.5791,22.3078],[95.5736,22.3069],[95.5652,22.2999],[95.5654,22.295],[95.5694,22.2934],[95.5867,22.3009],[95.5945,22.2962],[95.5964,22.2903],[95.6018,22.2822],[95.6018,22.2768],[95.5961,22.2714],[95.5903,22.274],[95.5845,22.2736],[95.581,22.2768],[95.578,22.2735],[95.5803,22.2686],[95.5873,22.2651],[95.6001,22.2644],[95.6029,22.2609],[95.6022,22.2562],[95.5996,22.2538],[95.5969,22.2481],[95.606,22.2389],[95.6032,22.2357],[95.5962,22.2329],[95.5945,22.2273],[95.5966,22.2264],[95.6071,22.2281],[95.6105,22.2263],[95.6111,22.2107],[95.6186,22.2047],[95.6274,22.2033],[95.637,22.2033],[95.6417,22.2047],[95.6436,22.2035],[95.6456,22.2008],[95.6461,22.1931],[95.6501,22.1832],[95.649,22.179],[95.6419,22.1757],[95.6419,22.1641],[95.6445,22.1617],[95.6405,22.1574],[95.635,22.1575],[95.6261,22.1498],[95.6196,22.1512],[95.6163,22.1547],[95.6143,22.1534],[95.6105,22.1468],[95.5969,22.1477],[95.5949,22.146],[95.5932,22.1461],[95.5866,22.141],[95.5845,22.1368],[95.5839,22.1292],[95.5746,22.1272],[95.5648,22.1294],[95.5646,22.1317],[95.5631,22.1335],[95.5597,22.1348],[95.551,22.1348],[95.5447,22.136],[95.5325,22.1473],[95.5235,22.1508],[95.5158,22.1515],[95.5106,22.1487],[95.5025,22.1512],[95.4943,22.1458],[95.4931,22.1402],[95.4952,22.1209],[95.492,22.1127],[95.4917,22.0969],[95.4894,22.0928],[95.4826,22.0928],[95.4798,22.0886],[95.4777,22.0875],[95.4696,22.0878],[95.468,22.0859],[95.4609,22.0873],[95.454,22.0865],[95.4467,22.0896],[95.4467,22.0965],[95.4375,22.1007],[95.4335,22.1054],[95.4304,22.1132],[95.4238,22.117],[95.4175,22.1167],[95.4144,22.1149],[95.407,22.1133],[95.4025,22.1146],[95.4015,22.1191],[95.4041,22.122],[95.4008,22.1239],[95.3965,22.1225],[95.3854,22.1235],[95.3702,22.1277],[95.3612,22.1254],[95.3565,22.1206],[95.3567,22.1157],[95.3762,22.1009],[95.381,22.0836],[95.3799,22.0704],[95.3839,22.0633],[95.397,22.056],[95.4003,22.051],[95.4009,22.0473],[95.3991,22.0457],[95.3857,22.0515],[95.3831,22.0486],[95.3825,22.0494],[95.3796,22.0491],[95.3781,22.0436],[95.3699,22.0368],[95.3531,22.0052],[95.3531,21.9829],[95.3579,21.9777],[95.3608,21.9728],[95.3637,21.9706],[95.3696,21.9616],[95.3821,21.9589],[95.3838,21.9551],[95.3869,21.9515],[95.3964,21.9449],[95.4055,21.9466],[95.4147,21.9456],[95.4182,21.94],[95.4207,21.933],[95.4206,21.9249],[95.4188,21.9207],[95.3801,21.9201],[95.3799,21.9191],[95.3718,21.9185],[95.3671,21.9108],[95.3708,21.8882],[95.3694,21.8861],[95.3599,21.8884],[95.3526,21.8753],[95.3531,21.8599],[95.3513,21.8547],[95.342,21.8471],[95.3454,21.8364],[95.3451,21.8302],[95.3281,21.8288],[95.3082,21.8238],[95.3031,21.8175],[95.2918,21.8173],[95.2789,21.8187],[95.2779,21.8196],[95.2711,21.8195],[95.2692,21.8186],[95.2619,21.8244],[95.2463,21.8279],[95.2244,21.829],[95.2185,21.8285],[95.2149,21.8269],[95.2144,21.8245],[95.2107,21.8186],[95.2055,21.8146],[95.197,21.8147],[95.1939,21.8093],[95.1905,21.7977],[95.1771,21.7914],[95.172,21.8],[95.1621,21.8091],[95.1607,21.8113],[95.1611,21.8178],[95.1641,21.8261],[95.1631,21.8313],[95.1636,21.8345],[95.1602,21.8385],[95.1597,21.8458],[95.1576,21.8539],[95.1557,21.8575],[95.1531,21.8723],[95.1522,21.8723],[95.1521,21.8778],[95.1506,21.8841],[95.1476,21.8922],[95.1398,21.906],[95.1395,21.9158],[95.1405,21.9291],[95.1424,21.9353],[95.1341,21.9462],[95.1332,21.95],[95.1338,21.9587],[95.1375,21.9662],[95.1378,21.9696],[95.1349,21.9787],[95.1357,21.9894],[95.1341,22.0002],[95.1384,22.0087],[95.1402,22.028],[95.1436,22.0416],[95.1438,22.0574],[95.1457,22.0734],[95.1408,22.087],[95.1238,22.1087],[95.1104,22.1187],[95.101,22.1339],[95.0913,22.1453],[95.083,22.1518],[95.0813,22.1621],[95.0797,22.185],[95.0795,22.1917],[95.0811,22.1956],[95.0799,22.2],[95.0757,22.2112],[95.0625,22.2238],[95.0595,22.23],[95.0561,22.2332],[95.0492,22.2439],[95.0395,22.2546],[95.0356,22.2675],[95.0303,22.3035],[95.0261,22.3124],[95.0195,22.3195],[95.0093,22.3248],[94.9998,22.3311],[94.9988,22.3356],[94.9968,22.3369],[94.9934,22.3369],[94.985,22.3485],[94.9824,22.3594],[94.9815,22.3685],[94.9795,22.3743],[94.968,22.3935],[94.9617,22.3966],[94.9589,22.4009],[94.9491,22.4107],[94.9496,22.4189],[94.944,22.4332],[94.9366,22.4464],[94.9353,22.4513],[94.9353,22.4549],[94.9377,22.458],[94.9402,22.4781],[94.9435,22.4895],[94.9487,22.4999],[94.9511,22.5102],[94.9527,22.5336],[94.962,22.5417],[94.9643,22.5488],[94.9768,22.5738],[94.9661,22.5863],[94.9609,22.5908],[94.9522,22.5948],[94.9493,22.6015],[94.9446,22.6075],[94.9507,22.6142],[94.9634,22.6158],[94.9757,22.6146],[94.9797,22.6071],[94.9846,22.6064],[94.9929,22.6073],[94.9975,22.6091],[95.0002,22.6037],[95.0037,22.6024],[95.0122,22.6017],[95.026,22.605],[95.0289,22.6027],[95.0318,22.6036],[95.0503,22.602],[95.0565,22.6034],[95.063,22.6078],[95.0668,22.6048],[95.0722,22.6044],[95.0742,22.6031],[95.0785,22.6022],[95.078,22.6165],[95.082,22.6196],[95.0842,22.6233],[95.0866,22.6216],[95.0885,22.6226],[95.0934,22.6222],[95.0939,22.6209],[95.0968,22.6191],[95.1112,22.6289],[95.1233,22.6324],[95.135,22.6336],[95.1386,22.6242],[95.1483,22.6211]]]}},{"type":"Feature","properties":{"DT":"Naga Self-Administered Zone","DT_MMR":"နာဂကိုယ်ပိုင်အုပ်ချုပ်ခွင့်ရဒေသ","DT_PCODE":"MMR005S001"},"geometry":{"type":"MultiPolygon","coordinates":[[[[95.0376,25.7406],[95.039,25.7336],[95.0447,25.725],[95.0546,25.7185],[95.0611,25.7185],[95.0659,25.7195],[95.0758,25.7191],[95.0799,25.7175],[95.0937,25.7175],[95.1046,25.7157],[95.1117,25.7098],[95.1166,25.709],[95.1337,25.7128],[95.1478,25.7115],[95.1562,25.7043],[95.1598,25.7053],[95.1604,25.7035],[95.1632,25.7055],[95.166,25.7049],[95.1748,25.6977],[95.1754,25.6956],[95.1779,25.6946],[95.184,25.6941],[95.1888,25.692],[95.1928,25.695],[95.1996,25.6954],[95.2017,25.6929],[95.2011,25.691],[95.1997,25.6919],[95.1984,25.6895],[95.2001,25.6879],[95.2046,25.6866],[95.2035,25.6838],[95.2066,25.6796],[95.215,25.6795],[95.2135,25.6593],[95.2029,25.6429],[95.1988,25.64],[95.2034,25.6362],[95.2043,25.6316],[95.2,25.6258],[95.1988,25.618],[95.1965,25.6143],[95.1951,25.6076],[95.1887,25.603],[95.1855,25.592],[95.1841,25.5756],[95.1829,25.5727],[95.176,25.5681],[95.1731,25.5562],[95.1679,25.5536],[95.1642,25.547],[95.1575,25.5424],[95.1572,25.5343],[95.1642,25.5282],[95.1648,25.5233],[95.1598,25.5213],[95.1601,25.5141],[95.1564,25.5115],[95.1552,25.5075],[95.1509,25.4994],[95.1527,25.4981],[95.1676,25.4957],[95.1801,25.4906],[95.1867,25.4788],[95.1912,25.4777],[95.1891,25.4733],[95.1889,25.4698],[95.1941,25.4659],[95.1979,25.456],[95.1974,25.4494],[95.1943,25.4426],[95.189,25.4359],[95.1908,25.4238],[95.1937,25.4205],[95.2003,25.4183],[95.2059,25.4188],[95.2088,25.4267],[95.2101,25.4261],[95.213,25.4234],[95.2183,25.4088],[95.2152,25.4073],[95.2108,25.4084],[95.209,25.408],[95.2029,25.4043],[95.2058,25.4023],[95.2138,25.4028],[95.2345,25.3951],[95.2375,25.3925],[95.2354,25.3903],[95.2374,25.3905],[95.2305,25.3876],[95.2223,25.3822],[95.225,25.3799],[95.2322,25.3797],[95.231,25.3778],[95.2273,25.3783],[95.2231,25.3761],[95.2223,25.3739],[95.2248,25.3697],[95.2192,25.368],[95.2156,25.3701],[95.2142,25.3731],[95.2028,25.3699],[95.199,25.3709],[95.1992,25.3756],[95.1907,25.3798],[95.1863,25.3856],[95.188,25.3778],[95.1852,25.3751],[95.1842,25.3792],[95.1716,25.3689],[95.1678,25.3749],[95.164,25.3763],[95.16,25.3803],[95.1541,25.3961],[95.1474,25.3919],[95.141,25.3923],[95.1306,25.3855],[95.1266,25.3859],[95.1224,25.3895],[95.123,25.3943],[95.1159,25.4082],[95.1096,25.4099],[95.1066,25.4121],[95.1034,25.4119],[95.1005,25.4097],[95.0885,25.4048],[95.0808,25.3998],[95.0793,25.3981],[95.0784,25.3935],[95.0759,25.3903],[95.0713,25.3899],[95.0686,25.3921],[95.0595,25.392],[95.0484,25.3872],[95.0377,25.3846],[95.0292,25.379],[95.0199,25.3744],[95.0104,25.372],[95.0148,25.3666],[95.0263,25.3632],[95.0358,25.3527],[95.0344,25.3473],[95.0357,25.3453],[95.0344,25.3385],[95.0385,25.3331],[95.0395,25.3253],[95.038,25.3061],[95.0361,25.3016],[95.03,25.2999],[95.0134,25.3029],[95.0035,25.298],[94.9995,25.2975],[94.9931,25.3036],[94.9873,25.3029],[94.9839,25.2802],[94.9812,25.2758],[94.9822,25.2721],[94.9683,25.2629],[94.9677,25.2575],[94.9643,25.2521],[94.9572,25.2456],[94.9715,25.2365],[94.9715,25.2354],[94.9843,25.2294],[94.9907,25.2209],[94.9955,25.2107],[94.99,25.208],[94.9853,25.2029],[94.9819,25.1975],[94.9697,25.1928],[94.966,25.1901],[94.9602,25.1897],[94.9612,25.185],[94.965,25.1823],[94.966,25.1697],[94.9561,25.165],[94.9514,25.1565],[94.9436,25.1507],[94.9405,25.1507],[94.929,25.1396],[94.9195,25.1252],[94.9151,25.125],[94.9094,25.1291],[94.9056,25.1257],[94.905,25.1199],[94.908,25.1162],[94.908,25.1118],[94.9043,25.1016],[94.9121,25.0989],[94.9233,25.1002],[94.929,25.0996],[94.9338,25.0928],[94.9314,25.0813],[94.9239,25.0674],[94.9304,25.0657],[94.9375,25.0603],[94.9365,25.0538],[94.9256,25.0464],[94.9185,25.0379],[94.9148,25.0298],[94.9104,25.0284],[94.8985,25.0274],[94.8904,25.0186],[94.888,25.0142],[94.8846,25.0182],[94.8799,25.0162],[94.8758,25.0125],[94.867,25.0138],[94.8592,25.007],[94.8592,25.003],[94.8616,25.0009],[94.8578,24.9881],[94.8568,24.9801],[94.848,24.9732],[94.8411,24.9694],[94.8352,24.9674],[94.8359,24.9612],[94.8394,24.9541],[94.8492,24.9388],[94.8475,24.9351],[94.8381,24.9243],[94.8352,24.9174],[94.8327,24.9169],[94.8259,24.9207],[94.8214,24.9218],[94.8181,24.9188],[94.8108,24.9179],[94.8081,24.9206],[94.8078,24.925],[94.8103,24.929],[94.8201,24.9391],[94.8233,24.9442],[94.8184,24.945],[94.8163,24.9413],[94.8125,24.94],[94.8068,24.9455],[94.8036,24.9447],[94.7977,24.9366],[94.7928,24.9366],[94.7877,24.9283],[94.7763,24.9307],[94.7679,24.926],[94.762,24.9213],[94.7583,24.9147],[94.7286,24.8873],[94.7031,24.8854],[94.697,24.8831],[94.689,24.878],[94.6786,24.8761],[94.6742,24.8737],[94.6715,24.8744],[94.6837,24.8865],[94.6875,24.8922],[94.6964,24.9123],[94.6987,24.9196],[94.7035,24.9262],[94.7046,24.9297],[94.7101,24.9289],[94.7135,24.9312],[94.7152,24.935],[94.7108,24.9396],[94.7088,24.9453],[94.7091,24.9491],[94.7034,24.953],[94.6973,24.9618],[94.6987,24.9689],[94.7037,24.9826],[94.7093,24.9894],[94.717,24.9926],[94.7249,24.9984],[94.729,25.0043],[94.7302,25.0131],[94.7376,25.0222],[94.7388,25.0293],[94.7428,25.0337],[94.7434,25.0541],[94.7449,25.0614],[94.7394,25.0662],[94.7435,25.075],[94.7452,25.0811],[94.7402,25.0945],[94.7406,25.1025],[94.7376,25.1102],[94.738,25.1149],[94.7415,25.1205],[94.7421,25.1248],[94.7401,25.1296],[94.7367,25.1341],[94.7291,25.134],[94.7187,25.1377],[94.7117,25.1421],[94.705,25.1443],[94.7001,25.1522],[94.6949,25.1563],[94.6897,25.1576],[94.6873,25.1536],[94.6836,25.1503],[94.6802,25.1503],[94.6745,25.1559],[94.6659,25.161],[94.6467,25.1679],[94.6417,25.167],[94.6295,25.1755],[94.6202,25.1865],[94.6076,25.1817],[94.5931,25.1928],[94.5911,25.1983],[94.5855,25.2072],[94.5777,25.2137],[94.5853,25.2304],[94.5863,25.2428],[94.5892,25.2565],[94.5862,25.2653],[94.5894,25.2738],[94.5944,25.2864],[94.6028,25.3017],[94.608,25.3163],[94.6161,25.3264],[94.6221,25.3389],[94.6347,25.3593],[94.6349,25.3691],[94.6336,25.3826],[94.6353,25.3932],[94.638,25.397],[94.6513,25.4054],[94.6586,25.406],[94.664,25.4097],[94.6696,25.4163],[94.6746,25.4253],[94.6727,25.4357],[94.6742,25.4447],[94.6779,25.4468],[94.6842,25.4652],[94.6942,25.466],[94.714,25.471],[94.7201,25.4702],[94.7307,25.4788],[94.7444,25.4821],[94.7496,25.4901],[94.7528,25.4927],[94.7575,25.4914],[94.7627,25.4861],[94.7652,25.4814],[94.7733,25.4801],[94.7841,25.4808],[94.7914,25.4902],[94.7982,25.4899],[94.804,25.4917],[94.8072,25.495],[94.816,25.5152],[94.8203,25.5195],[94.8265,25.5234],[94.8265,25.5272],[94.8248,25.5332],[94.8263,25.5414],[94.8313,25.5444],[94.838,25.5543],[94.8471,25.5619],[94.8545,25.5637],[94.8625,25.5679],[94.8727,25.5644],[94.8811,25.5633],[94.8882,25.5665],[94.8973,25.5679],[94.8964,25.5686],[94.898,25.5702],[94.8917,25.5802],[94.8821,25.588],[94.8819,25.5934],[94.8825,25.5946],[94.888,25.5974],[94.8939,25.5987],[94.9015,25.5988],[94.9154,25.6097],[94.9197,25.6308],[94.9243,25.6457],[94.9287,25.6546],[94.9336,25.6617],[94.9361,25.6692],[94.946,25.675],[94.9548,25.6822],[94.9684,25.6905],[94.9874,25.7049],[94.9901,25.711],[94.9911,25.7191],[94.9943,25.7238],[95.0105,25.7314],[95.0208,25.7307],[95.0242,25.7323],[95.0262,25.7377],[95.0376,25.7406]]],[[[96.7282,27.3603],[96.746,27.3572],[96.7537,27.353],[96.7674,27.3564],[96.778,27.3513],[96.7992,27.3444],[96.8065,27.3286],[96.8236,27.3073],[96.8377,27.2991],[96.8466,27.2896],[96.8508,27.2791],[96.8485,27.2702],[96.8547,27.264],[96.867,27.2581],[96.8842,27.2586],[96.8878,27.2477],[96.8876,27.2436],[96.883,27.2413],[96.8854,27.2296],[96.8803,27.2228],[96.8692,27.2181],[96.8631,27.2129],[96.8554,27.2101],[96.8549,27.1978],[96.8591,27.1902],[96.8957,27.1703],[96.9306,27.1625],[96.9546,27.1625],[96.9625,27.1607],[96.9724,27.1557],[96.9845,27.1536],[96.9947,27.1407],[97.0088,27.139],[97.0333,27.1266],[97.0342,27.1205],[97.0427,27.1143],[97.0467,27.1081],[97.0512,27.1067],[97.0572,27.1015],[97.0639,27.0938],[97.0666,27.0927],[97.0669,27.0914],[97.0569,27.0717],[97.055,27.0662],[97.0525,27.0656],[97.0502,27.056],[97.0419,27.0553],[97.0367,27.0484],[97.0336,27.0423],[97.0358,27.0362],[97.0306,27.0359],[97.0256,27.0376],[97.0111,27.0365],[97.0048,27.039],[96.9976,27.0356],[96.9926,27.0293],[96.9859,27.0237],[96.9546,27.0329],[96.9543,27.0367],[96.9423,27.0448],[96.9332,27.0443],[96.9285,27.0412],[96.9263,27.0423],[96.9199,27.0417],[96.9172,27.0406],[96.9169,27.0412],[96.9085,27.0354],[96.9041,27.0365],[96.8929,27.0464],[96.89,27.0432],[96.8865,27.0432],[96.8848,27.0438],[96.8819,27.0473],[96.8739,27.0462],[96.8628,27.0478],[96.8585,27.0453],[96.8561,27.0452],[96.8498,27.0472],[96.8412,27.0413],[96.8281,27.0447],[96.8067,27.0366],[96.8015,27.0354],[96.7996,27.0358],[96.7945,27.0315],[96.7881,27.0309],[96.774,27.0379],[96.7664,27.0393],[96.7624,27.0374],[96.7557,27.04],[96.7534,27.0397],[96.7488,27.0384],[96.748,27.0369],[96.741,27.0392],[96.7346,27.0326],[96.7288,27.0234],[96.7252,27.0123],[96.7193,27.0015],[96.7105,27.001],[96.6966,26.9929],[96.6811,26.9996],[96.673,26.999],[96.6714,27.004],[96.6531,27.0079],[96.6467,27.0079],[96.6289,27.0026],[96.6111,27.0023],[96.6078,26.9999],[96.5948,26.9976],[96.5859,26.9982],[96.582,26.9954],[96.579,26.9899],[96.5696,26.9824],[96.5662,26.9849],[96.5618,26.9843],[96.5549,26.9885],[96.5496,26.9896],[96.5393,26.9899],[96.5345,26.9952],[96.5257,26.9963],[96.5216,26.9951],[96.5166,26.9921],[96.4972,26.9963],[96.4924,26.9918],[96.4877,26.9907],[96.4841,26.9852],[96.4797,26.9865],[96.4694,26.9946],[96.4694,26.9971],[96.4661,27.0032],[96.4614,27.0043],[96.4553,26.9976],[96.4493,26.9831],[96.4443,26.9823],[96.4301,26.9858],[96.4246,26.9841],[96.4162,26.9943],[96.408,26.9965],[96.4092,27.0027],[96.4054,27.0067],[96.3997,27.0067],[96.3961,27.005],[96.3863,27.0061],[96.3803,27.0057],[96.3751,27.011],[96.3564,27.0132],[96.3509,27.0193],[96.3303,27.0194],[96.3241,27.0088],[96.3065,26.9951],[96.3037,26.9885],[96.2846,26.9854],[96.2705,26.9873],[96.251,26.9826],[96.2362,26.9699],[96.2283,26.9693],[96.2354,26.9604],[96.242,26.9545],[96.2508,26.9574],[96.2549,26.951],[96.2675,26.9505],[96.2759,26.9519],[96.2839,26.951],[96.2985,26.958],[96.3007,26.9579],[96.3046,26.9556],[96.3068,26.9555],[96.3147,26.9471],[96.317,26.9397],[96.3144,26.9303],[96.2928,26.926],[96.2893,26.9178],[96.283,26.915],[96.278,26.9096],[96.2838,26.8994],[96.2826,26.8764],[96.2787,26.874],[96.2698,26.874],[96.2573,26.8826],[96.2518,26.8889],[96.2451,26.8889],[96.2315,26.8697],[96.2334,26.8607],[96.2405,26.8557],[96.2455,26.8432],[96.2502,26.8279],[96.2506,26.8111],[96.2483,26.8014],[96.2451,26.7982],[96.2362,26.7959],[96.2248,26.7893],[96.2178,26.7912],[96.2096,26.7908],[96.2061,26.7826],[96.2053,26.7752],[96.1969,26.7569],[96.1942,26.7559],[96.1913,26.7533],[96.1867,26.7533],[96.178,26.7486],[96.16,26.7494],[96.1518,26.7443],[96.1311,26.735],[96.1135,26.7322],[96.1034,26.7256],[96.1006,26.7143],[96.0979,26.7111],[96.1009,26.7056],[96.0896,26.6979],[96.0811,26.689],[96.0745,26.6853],[96.0819,26.6834],[96.0915,26.6842],[96.0915,26.6731],[96.097,26.6716],[96.0949,26.6644],[96.0893,26.6616],[96.0896,26.6575],[96.0811,26.655],[96.0826,26.652],[96.1007,26.645],[96.1304,26.6356],[96.1283,26.6162],[96.136,26.6009],[96.1374,26.5946],[96.1547,26.5821],[96.1644,26.5613],[96.161,26.5481],[96.1769,26.537],[96.1832,26.5245],[96.1763,26.505],[96.1655,26.497],[96.1584,26.4977],[96.152,26.4969],[96.1496,26.4935],[96.1417,26.4925],[96.1342,26.4925],[96.1277,26.496],[96.1226,26.4957],[96.1191,26.4939],[96.1113,26.4975],[96.0997,26.493],[96.0938,26.493],[96.0871,26.4909],[96.0587,26.4907],[96.0548,26.4897],[96.0426,26.4939],[96.0361,26.4919],[96.0174,26.4892],[96.0078,26.4853],[95.9986,26.4924],[95.9942,26.499],[95.9906,26.4945],[95.9858,26.4924],[95.9817,26.4939],[95.9695,26.4927],[95.965,26.4895],[95.9614,26.4892],[95.96,26.4862],[95.9469,26.4832],[95.9293,26.4901],[95.918,26.4883],[95.9112,26.485],[95.9022,26.4892],[95.9005,26.4913],[95.8948,26.4913],[95.8889,26.4895],[95.8805,26.4889],[95.874,26.4865],[95.8657,26.4859],[95.854,26.4885],[95.8472,26.4916],[95.8425,26.4868],[95.8252,26.4767],[95.8228,26.4731],[95.8234,26.4678],[95.8196,26.4509],[95.8141,26.4486],[95.8077,26.4496],[95.7987,26.446],[95.7934,26.4383],[95.8041,26.4172],[95.8026,26.4068],[95.8044,26.402],[95.8017,26.3961],[95.8014,26.3925],[95.8029,26.386],[95.7996,26.3727],[95.7946,26.3705],[95.7889,26.3634],[95.7797,26.3607],[95.7791,26.3568],[95.7755,26.3512],[95.7747,26.3469],[95.7726,26.3455],[95.7676,26.3474],[95.7642,26.3471],[95.7602,26.3433],[95.7538,26.3437],[95.7488,26.3408],[95.7447,26.3359],[95.7399,26.3327],[95.7388,26.3297],[95.7262,26.33],[95.7248,26.3312],[95.7217,26.3306],[95.719,26.3256],[95.7167,26.3235],[95.7022,26.319],[95.6997,26.319],[95.6983,26.3178],[95.6848,26.3174],[95.6764,26.3108],[95.673,26.3064],[95.6656,26.3064],[95.6652,26.3058],[95.6615,26.3064],[95.6588,26.3034],[95.6581,26.297],[95.6531,26.2874],[95.6515,26.2813],[95.6369,26.2757],[95.633,26.2721],[95.63,26.2671],[95.6473,26.2436],[95.6567,26.2363],[95.6604,26.2248],[95.6593,26.2113],[95.6494,26.1978],[95.6432,26.1858],[95.6395,26.1754],[95.6296,26.1639],[95.6218,26.1576],[95.6083,26.1566],[95.6005,26.1509],[95.6005,26.1436],[95.5927,26.1399],[95.5745,26.1341],[95.5724,26.1298],[95.5676,26.1267],[95.5626,26.1275],[95.5525,26.1248],[95.5354,26.1056],[95.5296,26.0957],[95.5197,26.0915],[95.5177,26.0837],[95.5312,26.0608],[95.5302,26.0561],[95.5247,26.0516],[95.5169,26.0474],[95.5104,26.0417],[95.5095,26.0379],[95.501,26.0243],[95.4942,26.016],[95.4916,26.0014],[95.487,25.9968],[95.4531,25.9942],[95.4412,25.988],[95.3802,25.9817],[95.3635,25.977],[95.3349,25.9791],[95.3146,25.9713],[95.301,25.9676],[95.2922,25.9687],[95.2755,25.9614],[95.263,25.9577],[95.2556,25.9544],[95.2561,25.9475],[95.2569,25.9463],[95.2562,25.941],[95.2502,25.94],[95.248,25.9427],[95.2455,25.942],[95.2447,25.9442],[95.242,25.9438],[95.2387,25.9467],[95.2292,25.9426],[95.2285,25.9418],[95.2298,25.9391],[95.2262,25.9329],[95.2225,25.9307],[95.2225,25.928],[95.2187,25.9272],[95.2162,25.9242],[95.2099,25.9235],[95.2031,25.9157],[95.2003,25.9155],[95.1998,25.9141],[95.1975,25.9136],[95.1957,25.9118],[95.1956,25.9095],[95.1925,25.9104],[95.1766,25.9097],[95.1735,25.9067],[95.1705,25.9069],[95.1657,25.9021],[95.1616,25.9029],[95.1561,25.9025],[95.153,25.9052],[95.1496,25.9036],[95.1483,25.901],[95.1477,25.8952],[95.1446,25.8891],[95.1402,25.8835],[95.1346,25.8823],[95.1289,25.8782],[95.115,25.8728],[95.1154,25.8702],[95.1129,25.8697],[95.1135,25.8678],[95.1058,25.8661],[95.1037,25.8586],[95.0999,25.8567],[95.0949,25.8559],[95.0899,25.8511],[95.0884,25.8409],[95.093,25.8303],[95.0929,25.8255],[95.0849,25.8092],[95.0855,25.7994],[95.0826,25.7955],[95.0806,25.7894],[95.0698,25.7783],[95.0682,25.773],[95.0634,25.7639],[95.0463,25.7576],[95.0468,25.7596],[95.0446,25.7688],[95.0458,25.7859],[95.0494,25.7934],[95.0497,25.7975],[95.0327,25.8144],[95.0318,25.8248],[95.0289,25.8362],[95.0248,25.8432],[95.0175,25.8599],[95.01,25.8648],[95.008,25.8712],[95.0107,25.8769],[95.0161,25.8804],[95.0187,25.881],[95.0186,25.8855],[95.0117,25.8971],[95.0165,25.9027],[95.0184,25.9036],[95.0255,25.9132],[95.0312,25.9224],[95.0321,25.928],[95.0376,25.927],[95.0442,25.9285],[95.051,25.9365],[95.063,25.9415],[95.0712,25.9419],[95.0901,25.9517],[95.1063,25.97],[95.1127,25.9739],[95.1177,25.9835],[95.1244,25.9872],[95.1325,25.9966],[95.1423,26.0106],[95.1589,26.0264],[95.1661,26.0524],[95.1758,26.0645],[95.1844,26.0686],[95.1853,26.0741],[95.1708,26.0881],[95.1648,26.0915],[95.1555,26.0907],[95.1483,26.0883],[95.1387,26.096],[95.1324,26.0956],[95.1253,26.0967],[95.1193,26.1004],[95.1166,26.1104],[95.1189,26.118],[95.1252,26.1318],[95.1217,26.1383],[95.1202,26.1433],[95.1224,26.1482],[95.1182,26.1606],[95.1194,26.167],[95.1243,26.1747],[95.1257,26.1802],[95.1221,26.1852],[95.1233,26.1918],[95.1426,26.2119],[95.141,26.2148],[95.1344,26.2151],[95.1173,26.2299],[95.1139,26.2345],[95.1172,26.2411],[95.1235,26.2469],[95.1259,26.2521],[95.1216,26.2605],[95.1219,26.2728],[95.1287,26.2956],[95.1268,26.3037],[95.1237,26.309],[95.1256,26.3218],[95.1231,26.3287],[95.1275,26.3355],[95.1276,26.3414],[95.1241,26.3488],[95.1245,26.3557],[95.1262,26.3633],[95.1304,26.3732],[95.1301,26.3817],[95.1249,26.387],[95.1196,26.3885],[95.1139,26.3924],[95.1081,26.3942],[95.1022,26.3945],[95.0965,26.401],[95.1007,26.4105],[95.1033,26.4199],[95.093,26.4372],[95.0819,26.449],[95.08,26.4488],[95.0768,26.446],[95.0713,26.4466],[95.0652,26.4429],[95.0634,26.4494],[95.0655,26.4584],[95.0709,26.4659],[95.0751,26.475],[95.0876,26.4886],[95.0951,26.4942],[95.1006,26.5045],[95.1088,26.512],[95.1142,26.5197],[95.1138,26.5293],[95.1116,26.5365],[95.1064,26.5413],[95.1223,26.5522],[95.1253,26.5581],[95.1311,26.5582],[95.1356,26.557],[95.1376,26.5617],[95.148,26.5783],[95.1529,26.5835],[95.1483,26.5907],[95.1467,26.6014],[95.1476,26.6071],[95.1472,26.612],[95.1507,26.616],[95.1614,26.6213],[95.1658,26.6252],[95.1676,26.6352],[95.1818,26.6432],[95.1993,26.6427],[95.2058,26.6471],[95.2123,26.6517],[95.2137,26.6574],[95.2205,26.6642],[95.2342,26.6812],[95.2477,26.6822],[95.2543,26.679],[95.2585,26.6744],[95.2583,26.6554],[95.2666,26.6574],[95.2785,26.6574],[95.2838,26.655],[95.2927,26.6529],[95.3026,26.6525],[95.318,26.6648],[95.3262,26.6665],[95.3378,26.6744],[95.349,26.6737],[95.3598,26.6704],[95.3655,26.6751],[95.372,26.6825],[95.3983,26.6846],[95.4041,26.6933],[95.4182,26.6949],[95.4327,26.7013],[95.4335,26.7115],[95.4364,26.7186],[95.4447,26.7231],[95.4491,26.7295],[95.4551,26.7353],[95.4574,26.7412],[95.4619,26.743],[95.4689,26.7428],[95.4726,26.741],[95.4768,26.7419],[95.4825,26.7468],[95.4855,26.7595],[95.4908,26.7684],[95.4953,26.7788],[95.5025,26.7898],[95.5066,26.808],[95.5163,26.8092],[95.5239,26.8162],[95.5256,26.8235],[95.5348,26.8281],[95.5421,26.8341],[95.5503,26.8332],[95.5574,26.8295],[95.5636,26.8201],[95.5677,26.8163],[95.5869,26.8159],[95.6056,26.8119],[95.607,26.8124],[95.6109,26.8213],[95.6197,26.8306],[95.6259,26.8443],[95.6288,26.8556],[95.6276,26.8606],[95.6283,26.866],[95.6306,26.8719],[95.6427,26.8757],[95.645,26.8819],[95.6683,26.9026],[95.6928,26.8907],[95.7037,26.8817],[95.714,26.8793],[95.7207,26.8806],[95.7292,26.8904],[95.7421,26.8958],[95.748,26.9052],[95.75,26.9106],[95.7452,26.9195],[95.7452,26.9209],[95.757,26.9346],[95.7604,26.9431],[95.7551,26.9527],[95.7588,26.9616],[95.7641,26.9717],[95.779,26.9785],[95.7813,26.9863],[95.7896,26.9956],[95.7963,26.997],[95.7983,27.0007],[95.8002,27.0135],[95.8084,27.0128],[95.8254,27.0082],[95.8321,27.0079],[95.8419,27.0124],[95.8746,27.0128],[95.8795,27.0233],[95.8908,27.024],[95.8957,27.0263],[95.9002,27.0331],[95.9043,27.0372],[95.9122,27.0364],[95.9329,27.0477],[95.946,27.0507],[95.9528,27.0665],[95.9547,27.0759],[95.9633,27.0857],[95.9652,27.0921],[95.9693,27.1],[95.9795,27.1067],[95.993,27.124],[96.0007,27.1363],[96.0047,27.1391],[96.0148,27.1565],[96.0183,27.1657],[96.019,27.1731],[96.0268,27.1822],[96.0463,27.1906],[96.0637,27.2034],[96.0756,27.2094],[96.0899,27.2229],[96.1098,27.2305],[96.1203,27.2317],[96.1333,27.2389],[96.1429,27.2415],[96.1541,27.247],[96.1731,27.2478],[96.1861,27.2497],[96.1935,27.2586],[96.1969,27.2605],[96.2076,27.2595],[96.2119,27.2619],[96.2283,27.2774],[96.2702,27.2715],[96.2768,27.2842],[96.3002,27.2916],[96.3082,27.2929],[96.3308,27.2851],[96.3418,27.2848],[96.347,27.2879],[96.3503,27.2936],[96.3562,27.2927],[96.3637,27.2877],[96.3693,27.2873],[96.3765,27.2829],[96.385,27.2837],[96.4022,27.291],[96.4067,27.2889],[96.4142,27.294],[96.4163,27.2992],[96.4249,27.3025],[96.4323,27.302],[96.4374,27.3034],[96.445,27.3019],[96.4515,27.302],[96.4564,27.3059],[96.4866,27.2976],[96.4901,27.3007],[96.5075,27.2978],[96.5132,27.2908],[96.5196,27.2854],[96.5204,27.2856],[96.5248,27.2885],[96.5295,27.2949],[96.5421,27.3006],[96.5415,27.3077],[96.5496,27.3135],[96.5525,27.3179],[96.5622,27.3187],[96.5705,27.323],[96.5844,27.3331],[96.5944,27.3339],[96.5942,27.3386],[96.5919,27.3442],[96.5915,27.348],[96.5964,27.3521],[96.5994,27.3576],[96.6044,27.3637],[96.6144,27.3654],[96.6268,27.3651],[96.6495,27.3594],[96.6649,27.3615],[96.6893,27.3578],[96.6967,27.3576],[96.7001,27.3636],[96.7026,27.372],[96.7124,27.3688],[96.7282,27.3603]]]]}},{"type":"Feature","properties":{"DT":"Sagaing","DT_MMR":"စစ်ကိုင်းခရိုင်","DT_PCODE":"MMR005D001"},"geometry":{"type":"Polygon","coordinates":[[[95.6884,22.2502],[95.7012,22.2424],[95.7211,22.2411],[95.7232,22.239],[95.7282,22.2291],[95.7347,22.2229],[95.7493,22.2225],[95.7628,22.2149],[95.7771,22.205],[95.7854,22.2013],[95.8004,22.1924],[95.8043,22.1776],[95.8111,22.1747],[95.8406,22.183],[95.8595,22.1913],[95.8624,22.1945],[95.89,22.1992],[95.9036,22.1956],[95.9036,22.2001],[95.9045,22.201],[95.9113,22.2019],[95.9456,22.2104],[95.9631,22.2102],[95.9721,22.2071],[95.9754,22.1976],[95.9836,22.1927],[95.9914,22.1932],[95.9887,22.1807],[95.9887,22.1733],[95.9937,22.1651],[95.9977,22.1612],[95.9965,22.1522],[95.9918,22.1405],[95.9922,22.1253],[95.9941,22.119],[95.9941,22.1108],[95.9973,22.103],[96.0035,22.0964],[96.0113,22.0835],[96.0164,22.0718],[96.0225,22.046],[96.0188,22.0191],[96.0137,22.0034],[96.0152,21.9917],[96.018,21.985],[96.0246,21.9772],[96.0242,21.9694],[96.0207,21.9593],[96.0156,21.9518],[96.0164,21.9432],[96.0188,21.9378],[96.0144,21.9306],[96.0127,21.9211],[96.0084,21.9104],[96.0,21.8817],[95.9915,21.8696],[95.9741,21.863],[95.9608,21.8597],[95.938,21.8521],[95.9272,21.8515],[95.9227,21.8529],[95.9125,21.8596],[95.9062,21.8741],[95.8964,21.8841],[95.8723,21.9001],[95.8375,21.9064],[95.8276,21.9057],[95.8217,21.9088],[95.8109,21.9116],[95.7948,21.9201],[95.7836,21.9217],[95.7715,21.9192],[95.7408,21.918],[95.7351,21.9195],[95.729,21.9234],[95.7181,21.9283],[95.7117,21.9298],[95.7037,21.9284],[95.6864,21.9216],[95.6733,21.9197],[95.6332,21.9209],[95.6192,21.9231],[95.6055,21.9225],[95.5968,21.9209],[95.5878,21.9216],[95.5679,21.9119],[95.5421,21.9109],[95.5358,21.9078],[95.5237,21.9068],[95.5038,21.896],[95.4946,21.8867],[95.4842,21.8714],[95.4801,21.8634],[95.4736,21.8628],[95.4768,21.858],[95.4601,21.841],[95.4523,21.8285],[95.4358,21.8117],[95.4316,21.7996],[95.4265,21.8007],[95.4194,21.7992],[95.4066,21.7949],[95.403,21.7906],[95.4054,21.7859],[95.4128,21.7765],[95.4215,21.7626],[95.4208,21.756],[95.4178,21.7536],[95.416,21.7494],[95.416,21.7438],[95.4106,21.7382],[95.3976,21.7329],[95.3825,21.7222],[95.377,21.7161],[95.3753,21.7119],[95.3696,21.7037],[95.3668,21.6876],[95.3677,21.6782],[95.3661,21.6754],[95.3663,21.656],[95.3653,21.645],[95.3562,21.6371],[95.3502,21.6223],[95.3458,21.608],[95.3463,21.5927],[95.345,21.5853],[95.343,21.5824],[95.342,21.5759],[95.3301,21.5861],[95.3249,21.6055],[95.3216,21.6275],[95.3196,21.6295],[95.3108,21.6307],[95.3044,21.636],[95.3026,21.6395],[95.3069,21.6473],[95.2981,21.6536],[95.2786,21.6597],[95.2692,21.6615],[95.2488,21.6707],[95.2473,21.6726],[95.243,21.6745],[95.2438,21.693],[95.2435,21.7146],[95.2416,21.7168],[95.2267,21.7267],[95.2238,21.7323],[95.2064,21.7395],[95.1996,21.7529],[95.2009,21.7551],[95.201,21.766],[95.1975,21.7711],[95.1906,21.775],[95.1812,21.784],[95.1771,21.7914],[95.1905,21.7977],[95.1939,21.8093],[95.197,21.8147],[95.2055,21.8146],[95.2107,21.8186],[95.2144,21.8245],[95.2149,21.8269],[95.2185,21.8285],[95.2244,21.829],[95.2463,21.8279],[95.2619,21.8244],[95.2692,21.8186],[95.2711,21.8195],[95.2779,21.8196],[95.2789,21.8187],[95.2918,21.8173],[95.3031,21.8175],[95.3082,21.8238],[95.3281,21.8288],[95.3451,21.8302],[95.3454,21.8364],[95.342,21.8471],[95.3513,21.8547],[95.3531,21.8599],[95.3526,21.8753],[95.3599,21.8884],[95.3694,21.8861],[95.3708,21.8882],[95.3671,21.9108],[95.3718,21.9185],[95.3799,21.9191],[95.3801,21.9201],[95.4188,21.9207],[95.4206,21.9249],[95.4207,21.933],[95.4182,21.94],[95.4147,21.9456],[95.4055,21.9466],[95.3964,21.9449],[95.3869,21.9515],[95.3838,21.9551],[95.3821,21.9589],[95.3696,21.9616],[95.3637,21.9706],[95.3608,21.9728],[95.3579,21.9777],[95.3531,21.9829],[95.3531,22.0052],[95.3699,22.0368],[95.3781,22.0436],[95.3796,22.0491],[95.3825,22.0494],[95.3831,22.0486],[95.3857,22.0515],[95.3991,22.0457],[95.4009,22.0473],[95.4003,22.051],[95.397,22.056],[95.3839,22.0633],[95.3799,22.0704],[95.381,22.0836],[95.3762,22.1009],[95.3567,22.1157],[95.3565,22.1206],[95.3612,22.1254],[95.3702,22.1277],[95.3854,22.1235],[95.3965,22.1225],[95.4008,22.1239],[95.4041,22.122],[95.4015,22.1191],[95.4025,22.1146],[95.407,22.1133],[95.4144,22.1149],[95.4175,22.1167],[95.4238,22.117],[95.4304,22.1132],[95.4335,22.1054],[95.4375,22.1007],[95.4467,22.0965],[95.4467,22.0896],[95.454,22.0865],[95.4609,22.0873],[95.468,22.0859],[95.4696,22.0878],[95.4777,22.0875],[95.4798,22.0886],[95.4826,22.0928],[95.4894,22.0928],[95.4917,22.0969],[95.492,22.1127],[95.4952,22.1209],[95.4931,22.1402],[95.4943,22.1458],[95.5025,22.1512],[95.5106,22.1487],[95.5158,22.1515],[95.5235,22.1508],[95.5325,22.1473],[95.5447,22.136],[95.551,22.1348],[95.5597,22.1348],[95.5631,22.1335],[95.5646,22.1317],[95.5648,22.1294],[95.5746,22.1272],[95.5839,22.1292],[95.5845,22.1368],[95.5866,22.141],[95.5932,22.1461],[95.5949,22.146],[95.5969,22.1477],[95.6105,22.1468],[95.6143,22.1534],[95.6163,22.1547],[95.6196,22.1512],[95.6261,22.1498],[95.635,22.1575],[95.6405,22.1574],[95.6445,22.1617],[95.6419,22.1641],[95.6419,22.1757],[95.649,22.179],[95.6501,22.1832],[95.6461,22.1931],[95.6456,22.2008],[95.6417,22.2047],[95.637,22.2033],[95.6274,22.2033],[95.6211,22.2043],[95.6299,22.2137],[95.6416,22.2116],[95.6527,22.2187],[95.6595,22.2184],[95.6568,22.2353],[95.6589,22.244],[95.6626,22.2478],[95.6726,22.2478],[95.6817,22.2507],[95.6884,22.2502]]]}},{"type":"Feature","properties":{"DT":"Shwebo","DT_MMR":"ရွှေဘိုခရိုင်","DT_PCODE":"MMR005D002"},"geometry":{"type":"Polygon","coordinates":[[[95.0213,23.2849],[95.0262,23.2837],[95.0301,23.2885],[95.0342,23.2876],[95.0361,23.2844],[95.0387,23.2844],[95.0406,23.2831],[95.0417,23.2772],[95.0441,23.2768],[95.0446,23.2759],[95.0472,23.2789],[95.0486,23.284],[95.0516,23.2878],[95.054,23.2878],[95.0567,23.2907],[95.0636,23.292],[95.0677,23.2907],[95.0723,23.2867],[95.0702,23.2832],[95.069,23.2782],[95.069,23.2753],[95.0722,23.2711],[95.0777,23.2714],[95.0895,23.2782],[95.1013,23.276],[95.1042,23.2746],[95.1057,23.2726],[95.1111,23.2811],[95.119,23.2821],[95.124,23.2797],[95.1289,23.275],[95.1414,23.2709],[95.1419,23.2695],[95.1449,23.2687],[95.1449,23.2678],[95.1547,23.2638],[95.1591,23.2608],[95.1616,23.2536],[95.1623,23.2487],[95.1641,23.2469],[95.1701,23.2457],[95.1751,23.246],[95.1834,23.2441],[95.1896,23.2446],[95.1927,23.2466],[95.1986,23.2451],[95.2023,23.242],[95.2101,23.2466],[95.237,23.2495],[95.2384,23.2523],[95.2439,23.2562],[95.2608,23.2574],[95.2672,23.2534],[95.273,23.2539],[95.2823,23.2583],[95.2948,23.2563],[95.3052,23.2478],[95.3097,23.2492],[95.3219,23.2493],[95.326,23.2506],[95.3293,23.2545],[95.3384,23.2534],[95.3456,23.2513],[95.355,23.2527],[95.3603,23.2478],[95.3635,23.2462],[95.3748,23.2462],[95.3781,23.2405],[95.3783,23.2361],[95.3754,23.2322],[95.3763,23.2281],[95.3705,23.219],[95.3696,23.219],[95.3647,23.2126],[95.3532,23.2102],[95.3435,23.2029],[95.3338,23.1929],[95.3271,23.1841],[95.3289,23.1681],[95.3398,23.1663],[95.3552,23.18],[95.3601,23.1814],[95.3701,23.1813],[95.3772,23.1734],[95.3853,23.16],[95.3922,23.1549],[95.3962,23.145],[95.3965,23.139],[95.3992,23.1311],[95.4047,23.1265],[95.4102,23.1181],[95.4192,23.1084],[95.4229,23.1002],[95.4241,23.095],[95.4232,23.0887],[95.4253,23.0838],[95.4283,23.0799],[95.4381,23.075],[95.4441,23.0641],[95.4438,23.0384],[95.4468,23.0332],[95.4605,23.0235],[95.4586,23.0142],[95.4586,23.0068],[95.4565,23.005],[95.4541,23.0008],[95.4538,22.9905],[95.4556,22.9829],[95.4629,22.9714],[95.4692,22.9658],[95.4746,22.9578],[95.4785,22.9565],[95.4785,22.9556],[95.4808,22.9546],[95.485,22.9359],[95.4895,22.9304],[95.4895,22.9286],[95.4964,22.9178],[95.495,22.9128],[95.4801,22.909],[95.4824,22.9045],[95.4819,22.9041],[95.4834,22.9021],[95.4847,22.8966],[95.4822,22.878],[95.4813,22.861],[95.4852,22.8564],[95.4852,22.8514],[95.4824,22.8471],[95.4881,22.8473],[95.495,22.8447],[95.5019,22.8456],[95.5156,22.8534],[95.5165,22.858],[95.5187,22.8583],[95.519,22.854],[95.5205,22.8515],[95.5246,22.8518],[95.5268,22.8534],[95.5354,22.8499],[95.5404,22.8506],[95.5451,22.8527],[95.5451,22.8555],[95.5485,22.8562],[95.5501,22.8583],[95.5504,22.8627],[95.5594,22.8677],[95.5644,22.8686],[95.5644,22.8727],[95.5703,22.8773],[95.5709,22.8885],[95.5772,22.8904],[95.5821,22.8898],[95.593,22.9028],[95.5986,22.9028],[95.6033,22.9047],[95.6144,22.9022],[95.6141,22.8993],[95.6186,22.8991],[95.6176,22.8944],[95.6207,22.8928],[95.6237,22.8935],[95.6263,22.8909],[95.626,22.8884],[95.6287,22.887],[95.6282,22.8847],[95.6306,22.8861],[95.6341,22.8861],[95.637,22.8834],[95.6309,22.8793],[95.6202,22.8751],[95.6162,22.872],[95.6142,22.8553],[95.6155,22.8534],[95.6182,22.8535],[95.6232,22.8565],[95.6263,22.8555],[95.6299,22.8504],[95.6321,22.8448],[95.6381,22.8425],[95.6418,22.8425],[95.6493,22.8481],[95.6521,22.8515],[95.6627,22.8503],[95.6944,22.858],[95.6982,22.8602],[95.7112,22.8608],[95.7147,22.8621],[95.7219,22.8586],[95.7229,22.8613],[95.7253,22.8613],[95.7263,22.8595],[95.7302,22.86],[95.7324,22.8633],[95.7589,22.8649],[95.7641,22.8708],[95.7707,22.8692],[95.775,22.8708],[95.7875,22.8792],[95.8015,22.8842],[95.8089,22.8811],[95.8124,22.8811],[95.8158,22.8798],[95.8304,22.8813],[95.844,22.8785],[95.8671,22.8856],[95.8733,22.8832],[95.8704,22.8763],[95.8713,22.869],[95.8765,22.8623],[95.8754,22.8544],[95.873,22.8483],[95.8798,22.8457],[95.8878,22.8471],[95.8908,22.8422],[95.9209,22.8443],[95.9259,22.8478],[95.9306,22.8534],[95.9349,22.8531],[95.9375,22.8572],[95.9343,22.859],[95.9256,22.859],[95.926,22.8635],[95.928,22.8653],[95.9358,22.868],[95.9431,22.8721],[95.947,22.8726],[95.9542,22.8758],[95.9653,22.8785],[95.9653,22.8564],[95.968,22.8368],[95.9656,22.8061],[95.9685,22.752],[95.9671,22.7453],[95.965,22.7418],[95.9534,22.7366],[95.9394,22.7373],[95.9327,22.7355],[95.9043,22.7225],[95.9005,22.7148],[95.9001,22.7106],[95.9034,22.7],[95.9097,22.6924],[95.9103,22.6899],[95.905,22.6768],[95.9047,22.6731],[95.9106,22.664],[95.9149,22.6551],[95.9176,22.6523],[95.9271,22.6476],[95.9354,22.6414],[95.9373,22.6384],[95.9376,22.6233],[95.9459,22.6011],[95.9546,22.5892],[95.9734,22.568],[95.9765,22.5615],[95.982,22.5438],[95.9957,22.5277],[95.9944,22.5259],[95.9929,22.5176],[95.9862,22.5148],[95.982,22.5104],[95.9767,22.5093],[95.9738,22.5015],[95.9747,22.4927],[95.9661,22.4829],[95.9608,22.4751],[95.9606,22.4606],[95.9685,22.4449],[95.9685,22.4372],[95.9578,22.4155],[95.9596,22.4077],[95.959,22.3952],[95.9616,22.3843],[95.9641,22.379],[95.973,22.3654],[95.9856,22.3525],[95.9945,22.3353],[95.9974,22.3348],[95.9973,22.3284],[96.0101,22.3183],[96.0086,22.303],[96.0098,22.2964],[95.9952,22.2951],[95.9858,22.2981],[95.979,22.2856],[95.9843,22.2774],[95.9865,22.2562],[95.9885,22.207],[95.99,22.2013],[95.9952,22.1951],[95.9914,22.1932],[95.9836,22.1927],[95.9754,22.1976],[95.9721,22.2071],[95.9631,22.2102],[95.9456,22.2104],[95.9113,22.2019],[95.9045,22.201],[95.9036,22.2001],[95.9036,22.1956],[95.89,22.1992],[95.8624,22.1945],[95.8595,22.1913],[95.8406,22.183],[95.8111,22.1747],[95.8043,22.1776],[95.8004,22.1924],[95.7854,22.2013],[95.7771,22.205],[95.7628,22.2149],[95.7493,22.2225],[95.7347,22.2229],[95.7282,22.2291],[95.7232,22.239],[95.7211,22.2411],[95.7012,22.2424],[95.6884,22.2502],[95.6817,22.2507],[95.6726,22.2478],[95.6626,22.2478],[95.6589,22.244],[95.6568,22.2353],[95.6595,22.2184],[95.6527,22.2187],[95.6416,22.2116],[95.6299,22.2137],[95.6211,22.2043],[95.6186,22.2047],[95.6111,22.2107],[95.6105,22.2263],[95.6071,22.2281],[95.5966,22.2264],[95.5945,22.2273],[95.5962,22.2329],[95.6032,22.2357],[95.606,22.2389],[95.5969,22.2481],[95.5996,22.2538],[95.6022,22.2562],[95.6029,22.2609],[95.6001,22.2644],[95.5873,22.2651],[95.5803,22.2686],[95.578,22.2735],[95.581,22.2768],[95.5845,22.2736],[95.5903,22.274],[95.5961,22.2714],[95.6018,22.2768],[95.6018,22.2822],[95.5964,22.2903],[95.5945,22.2962],[95.5867,22.3009],[95.5694,22.2934],[95.5654,22.295],[95.5652,22.2999],[95.5736,22.3069],[95.5791,22.3078],[95.5848,22.313],[95.5871,22.3186],[95.5848,22.3223],[95.572,22.3223],[95.5682,22.3235],[95.5637,22.3281],[95.5554,22.34],[95.5583,22.3446],[95.5577,22.3533],[95.5563,22.3547],[95.5499,22.3569],[95.54,22.3578],[95.5344,22.3636],[95.536,22.369],[95.5426,22.3764],[95.547,22.3799],[95.5384,22.3846],[95.5352,22.3875],[95.5323,22.3921],[95.5327,22.399],[95.5294,22.4024],[95.5408,22.4113],[95.5419,22.4148],[95.5397,22.4154],[95.5343,22.4101],[95.5273,22.4108],[95.5238,22.4129],[95.5233,22.4271],[95.5268,22.4325],[95.5291,22.4313],[95.5348,22.4247],[95.5398,22.4239],[95.5427,22.4246],[95.5471,22.428],[95.5483,22.4316],[95.5444,22.4367],[95.5411,22.4381],[95.5311,22.4395],[95.5259,22.4427],[95.5254,22.4455],[95.5267,22.4468],[95.5229,22.4518],[95.5248,22.4586],[95.5234,22.4624],[95.5243,22.4658],[95.5184,22.4661],[95.5065,22.4649],[95.5038,22.4635],[95.5035,22.4677],[95.5016,22.4719],[95.5042,22.4752],[95.5025,22.4776],[95.4986,22.4796],[95.4965,22.4792],[95.496,22.4766],[95.4982,22.4707],[95.4967,22.4693],[95.4925,22.4714],[95.4939,22.478],[95.4905,22.4782],[95.4851,22.4767],[95.484,22.478],[95.4806,22.4784],[95.4795,22.4774],[95.4779,22.4785],[95.4758,22.477],[95.4692,22.4778],[95.459,22.47],[95.4559,22.4719],[95.4543,22.4768],[95.4515,22.4782],[95.4485,22.4782],[95.4491,22.481],[95.4431,22.4831],[95.4455,22.485],[95.4446,22.4875],[95.4393,22.4894],[95.4419,22.492],[95.4415,22.4959],[95.4334,22.4943],[95.4211,22.4973],[95.4204,22.4866],[95.4226,22.4794],[95.4213,22.4763],[95.4141,22.477],[95.4102,22.4793],[95.4033,22.4865],[95.4028,22.491],[95.4036,22.496],[95.4006,22.496],[95.3969,22.4924],[95.3913,22.4894],[95.3848,22.4917],[95.3775,22.4872],[95.3717,22.4904],[95.3615,22.4902],[95.3517,22.4883],[95.3496,22.4913],[95.3505,22.4946],[95.3488,22.4985],[95.3531,22.4997],[95.3538,22.5024],[95.3496,22.5034],[95.3492,22.5064],[95.3468,22.5064],[95.3453,22.5113],[95.3425,22.5125],[95.3414,22.5146],[95.3374,22.5118],[95.3295,22.503],[95.3235,22.5012],[95.3197,22.5018],[95.3155,22.506],[95.3115,22.504],[95.3101,22.5011],[95.3112,22.4958],[95.3099,22.4929],[95.3066,22.4912],[95.3052,22.493],[95.2996,22.4922],[95.2836,22.4826],[95.273,22.4828],[95.2653,22.4868],[95.2595,22.4872],[95.2465,22.4963],[95.2446,22.5068],[95.2388,22.5164],[95.2234,22.5279],[95.215,22.5301],[95.2065,22.545],[95.2064,22.5536],[95.1912,22.5695],[95.19,22.5745],[95.1828,22.5801],[95.183,22.5892],[95.1812,22.5918],[95.1719,22.595],[95.1641,22.5998],[95.1636,22.6016],[95.165,22.6097],[95.1632,22.6162],[95.1581,22.6196],[95.1483,22.6211],[95.1386,22.6242],[95.135,22.6336],[95.1233,22.6324],[95.1112,22.6289],[95.0968,22.6191],[95.0939,22.6209],[95.0934,22.6222],[95.0885,22.6226],[95.0866,22.6216],[95.0842,22.6233],[95.082,22.6196],[95.078,22.6165],[95.0785,22.6022],[95.0742,22.6031],[95.0722,22.6044],[95.0668,22.6048],[95.063,22.6078],[95.0565,22.6034],[95.0503,22.602],[95.0318,22.6036],[95.0289,22.6027],[95.026,22.605],[95.0122,22.6017],[95.0037,22.6024],[95.0002,22.6037],[94.9975,22.6091],[94.9929,22.6073],[94.9846,22.6064],[94.9797,22.6071],[94.9757,22.6146],[94.9634,22.6158],[94.9573,22.6151],[94.9518,22.6204],[94.9522,22.6227],[94.96,22.6229],[94.9621,22.6255],[94.9591,22.6273],[94.9581,22.6291],[94.9545,22.6307],[94.9453,22.6265],[94.9433,22.6278],[94.9451,22.6325],[94.9442,22.637],[94.9328,22.6396],[94.931,22.6434],[94.9315,22.6461],[94.9342,22.6509],[94.9316,22.6532],[94.9272,22.655],[94.9201,22.6619],[94.9192,22.6653],[94.9207,22.6689],[94.9159,22.6729],[94.9152,22.6852],[94.9108,22.6878],[94.9078,22.6922],[94.9034,22.6959],[94.8987,22.6965],[94.8978,22.6889],[94.8944,22.6847],[94.8897,22.6838],[94.8755,22.6675],[94.8665,22.6693],[94.8612,22.6637],[94.8556,22.6597],[94.8525,22.6597],[94.8494,22.6615],[94.8485,22.6651],[94.8456,22.6693],[94.8457,22.6797],[94.8447,22.6836],[94.8427,22.6858],[94.8344,22.6856],[94.8288,22.6903],[94.8283,22.6926],[94.8246,22.6948],[94.8178,22.6947],[94.8162,22.7067],[94.8195,22.7103],[94.8204,22.7157],[94.8194,22.7202],[94.8203,22.7248],[94.8232,22.727],[94.8265,22.7329],[94.8269,22.7411],[94.8255,22.7415],[94.823,22.7469],[94.8205,22.7496],[94.8221,22.7538],[94.8171,22.7547],[94.8115,22.7589],[94.8073,22.7577],[94.8044,22.7591],[94.8004,22.7575],[94.7986,22.7621],[94.793,22.7683],[94.786,22.7724],[94.7809,22.7733],[94.7701,22.7687],[94.7656,22.7701],[94.7627,22.7722],[94.7694,22.7789],[94.7702,22.7813],[94.7685,22.7826],[94.7781,22.7843],[94.781,22.7943],[94.7768,22.8195],[94.7743,22.8258],[94.7671,22.8298],[94.7704,22.8336],[94.7784,22.8324],[94.7875,22.8371],[94.793,22.8486],[94.7864,22.8554],[94.7788,22.8577],[94.7784,22.8635],[94.7811,22.8648],[94.7869,22.8648],[94.7889,22.8657],[94.7878,22.8701],[94.788,22.8739],[94.7917,22.8752],[94.794,22.8843],[94.7955,22.8847],[94.7987,22.8974],[94.8041,22.9016],[94.8087,22.9074],[94.8094,22.9123],[94.8116,22.9166],[94.813,22.9221],[94.8228,22.9282],[94.8304,22.9291],[94.8369,22.9324],[94.8556,22.9393],[94.8621,22.9445],[94.8656,22.9507],[94.8652,22.959],[94.8665,22.9657],[94.8705,22.9697],[94.8801,22.9732],[94.8884,22.975],[94.8958,22.9786],[94.9004,22.9793],[94.9047,22.9773],[94.9163,22.982],[94.9243,22.9967],[94.928,23.001],[94.9302,23.0076],[94.9292,23.0149],[94.9315,23.0177],[94.9296,23.0206],[94.933,23.026],[94.9331,23.032],[94.928,23.0554],[94.9207,23.0535],[94.9172,23.0548],[94.9118,23.0593],[94.9079,23.0642],[94.9039,23.066],[94.8922,23.0677],[94.8902,23.069],[94.8877,23.0744],[94.8823,23.082],[94.8792,23.0946],[94.8719,23.1023],[94.8717,23.1072],[94.8893,23.1242],[94.9026,23.1325],[94.9117,23.1308],[94.9225,23.1345],[94.9294,23.1414],[94.9307,23.1511],[94.9327,23.1556],[94.9336,23.1561],[94.9363,23.1638],[94.9377,23.1851],[94.9341,23.1894],[94.9309,23.1909],[94.9208,23.187],[94.9122,23.1902],[94.9122,23.1968],[94.917,23.202],[94.9114,23.2087],[94.9137,23.2201],[94.9169,23.2301],[94.9139,23.2377],[94.9071,23.2506],[94.9032,23.2524],[94.8978,23.2532],[94.8972,23.2571],[94.8844,23.2596],[94.8748,23.2589],[94.8703,23.2615],[94.875,23.2622],[94.8813,23.2668],[94.8869,23.268],[94.8922,23.2685],[94.8952,23.2672],[94.9006,23.2673],[94.905,23.2678],[94.9079,23.2691],[94.9128,23.2692],[94.9162,23.2688],[94.9191,23.267],[94.9282,23.2677],[94.9379,23.2759],[94.9439,23.2793],[94.9505,23.2816],[94.9563,23.2806],[94.9619,23.2752],[94.9656,23.27],[94.9745,23.2684],[94.9818,23.271],[94.9869,23.2703],[94.9996,23.2784],[95.0071,23.2847],[95.0068,23.289],[95.0114,23.2963],[95.0108,23.3006],[95.0188,23.296],[95.0191,23.2879],[95.0213,23.2849]]]}},{"type":"Feature","properties":{"DT":"Tamu","DT_MMR":"တမူးခရိုင်","DT_PCODE":"MMR005D006"},"geometry":{"type":"Polygon","coordinates":[[[94.6404,24.7203],[94.6369,24.7013],[94.6287,24.6787],[94.6205,24.6709],[94.6137,24.6617],[94.6105,24.6488],[94.6034,24.6346],[94.6028,24.6256],[94.5962,24.6089],[94.5935,24.587],[94.5777,24.553],[94.5787,24.5422],[94.5745,24.5316],[94.5757,24.5219],[94.5696,24.5163],[94.5652,24.4887],[94.5561,24.4688],[94.5571,24.4574],[94.5546,24.4483],[94.5492,24.437],[94.5469,24.4288],[94.5437,24.4002],[94.538,24.3933],[94.5348,24.3765],[94.5352,24.3697],[94.538,24.3659],[94.5545,24.3654],[94.5589,24.3615],[94.5612,24.3546],[94.5589,24.3482],[94.5594,24.3408],[94.5658,24.3388],[94.5713,24.3342],[94.5752,24.3322],[94.5883,24.3342],[94.5795,24.3187],[94.5764,24.3065],[94.5688,24.2963],[94.5653,24.2889],[94.5561,24.2644],[94.5539,24.2546],[94.5476,24.245],[94.548,24.2395],[94.5403,24.2321],[94.5333,24.2339],[94.5322,24.2284],[94.5264,24.224],[94.5161,24.2124],[94.5099,24.198],[94.5048,24.1928],[94.5024,24.182],[94.5046,24.176],[94.5029,24.1652],[94.5032,24.1531],[94.499,24.1332],[94.5005,24.131],[94.4965,24.1203],[94.495,24.1132],[94.4975,24.1075],[94.5023,24.1038],[94.502,24.0999],[94.5005,24.0967],[94.4962,24.0917],[94.4953,24.0849],[94.4938,24.0844],[94.4915,24.0799],[94.4925,24.0736],[94.4935,24.0722],[94.4936,24.0668],[94.4927,24.0664],[94.4908,24.0596],[94.4884,24.0564],[94.4885,24.0492],[94.4913,24.032],[94.4978,24.0153],[94.4977,24.0021],[94.4917,23.9983],[94.4962,23.9902],[94.4906,23.9805],[94.4896,23.9717],[94.4866,23.9606],[94.4906,23.9542],[94.4955,23.949],[94.498,23.9431],[94.4926,23.9445],[94.4867,23.944],[94.4765,23.9406],[94.4667,23.9451],[94.4593,23.9502],[94.4573,23.9581],[94.4514,23.966],[94.4445,23.9724],[94.4376,23.9756],[94.4287,23.9752],[94.4239,23.9684],[94.4154,23.9653],[94.4117,23.9667],[94.4105,23.9712],[94.4107,23.9768],[94.4158,23.985],[94.4186,23.9941],[94.422,23.9991],[94.4239,24.0005],[94.4251,24.0058],[94.4178,24.013],[94.4154,24.0125],[94.41,24.0093],[94.4081,24.0066],[94.3992,24.0021],[94.3806,24.0035],[94.3767,24.0054],[94.3671,23.9978],[94.3674,23.9864],[94.3657,23.981],[94.3668,23.9771],[94.3654,23.9726],[94.3592,23.9626],[94.3544,23.9589],[94.3488,23.9501],[94.3444,23.938],[94.3357,23.9315],[94.328,23.9224],[94.326,23.9219],[94.311,23.9065],[94.308,23.8986],[94.2985,23.8914],[94.2943,23.8796],[94.2848,23.864],[94.2822,23.8561],[94.2644,23.8267],[94.2609,23.823],[94.2577,23.8127],[94.2524,23.8081],[94.2446,23.8034],[94.2403,23.7948],[94.2394,23.7943],[94.2361,23.7821],[94.2358,23.7762],[94.2348,23.7762],[94.2344,23.7694],[94.2312,23.7559],[94.2303,23.7477],[94.2264,23.7462],[94.2264,23.7416],[94.2233,23.7374],[94.2266,23.7272],[94.2245,23.7193],[94.2301,23.7156],[94.2286,23.7089],[94.231,23.7038],[94.2284,23.7019],[94.2228,23.7029],[94.2204,23.7011],[94.2178,23.7012],[94.2135,23.6911],[94.2059,23.6675],[94.2006,23.6644],[94.2,23.6557],[94.1974,23.6511],[94.1876,23.6451],[94.1831,23.6486],[94.1782,23.649],[94.1712,23.6552],[94.1668,23.6561],[94.1551,23.6527],[94.1461,23.6465],[94.1416,23.6455],[94.1321,23.6515],[94.129,23.658],[94.1281,23.6652],[94.1323,23.6741],[94.1497,23.6911],[94.1419,23.6961],[94.1373,23.7039],[94.1386,23.7102],[94.1373,23.7207],[94.1405,23.7276],[94.153,23.7391],[94.153,23.7476],[94.1488,23.7614],[94.1373,23.7742],[94.1373,23.7828],[94.1392,23.7953],[94.1382,23.8018],[94.1336,23.8107],[94.1336,23.8183],[94.1375,23.8275],[94.1422,23.8348],[94.143,23.8421],[94.146,23.8492],[94.1468,23.8499],[94.1525,23.8496],[94.1561,23.8479],[94.1599,23.8623],[94.1697,23.9151],[94.1693,23.9277],[94.1763,23.9257],[94.1883,23.9308],[94.1993,23.9702],[94.2013,23.9811],[94.2122,23.9983],[94.2203,24.0058],[94.2368,24.0303],[94.2381,24.0349],[94.2293,24.0556],[94.233,24.0591],[94.2396,24.0526],[94.2551,24.0809],[94.2523,24.1249],[94.2607,24.1641],[94.2774,24.1717],[94.2824,24.193],[94.2871,24.228],[94.2897,24.2316],[94.296,24.2358],[94.3025,24.2376],[94.3078,24.2458],[94.3233,24.276],[94.3228,24.2921],[94.3235,24.327],[94.3507,24.3334],[94.3765,24.3712],[94.38,24.3778],[94.3661,24.3887],[94.3628,24.3925],[94.3971,24.4087],[94.4034,24.4245],[94.4099,24.4373],[94.3992,24.4523],[94.4003,24.4602],[94.3942,24.4832],[94.422,24.4831],[94.4263,24.4881],[94.4311,24.4949],[94.4392,24.5164],[94.4521,24.5597],[94.4561,24.5705],[94.4661,24.5732],[94.4759,24.5805],[94.5,24.5884],[94.5105,24.5933],[94.5247,24.6175],[94.5416,24.6426],[94.5493,24.6824],[94.5438,24.6972],[94.5439,24.705],[94.5481,24.7082],[94.5537,24.7108],[94.5631,24.7109],[94.5656,24.7075],[94.5685,24.7055],[94.5728,24.7095],[94.5726,24.7181],[94.5793,24.7251],[94.581,24.717],[94.5775,24.7106],[94.5868,24.7043],[94.5931,24.7085],[94.6033,24.7098],[94.6086,24.7152],[94.6105,24.7272],[94.6215,24.7282],[94.6244,24.7301],[94.6339,24.7301],[94.6404,24.7203]]]}},{"type":"Feature","properties":{"DT":"Yinmarbin","DT_MMR":"ယင်းမာပင်ခရိုင်","DT_PCODE":"MMR005D009"},"geometry":{"type":"Polygon","coordinates":[[[94.7509,22.8344],[94.7608,22.8342],[94.7743,22.8258],[94.7768,22.8195],[94.781,22.7943],[94.7781,22.7843],[94.7685,22.7826],[94.7702,22.7813],[94.7694,22.7789],[94.7627,22.7722],[94.7656,22.7701],[94.7701,22.7687],[94.7809,22.7733],[94.786,22.7724],[94.793,22.7683],[94.7986,22.7621],[94.8004,22.7575],[94.8044,22.7591],[94.8073,22.7577],[94.8115,22.7589],[94.8171,22.7547],[94.8221,22.7538],[94.8205,22.7496],[94.823,22.7469],[94.8255,22.7415],[94.8269,22.7411],[94.8265,22.7329],[94.8232,22.727],[94.8203,22.7248],[94.8194,22.7202],[94.8204,22.7157],[94.8195,22.7103],[94.8162,22.7067],[94.8178,22.6947],[94.8246,22.6948],[94.8283,22.6926],[94.8288,22.6903],[94.8344,22.6856],[94.8427,22.6858],[94.8447,22.6836],[94.8457,22.6797],[94.8456,22.6693],[94.8485,22.6651],[94.8494,22.6615],[94.8525,22.6597],[94.8556,22.6597],[94.8612,22.6637],[94.8665,22.6693],[94.8755,22.6675],[94.8897,22.6838],[94.8944,22.6847],[94.8978,22.6889],[94.8987,22.6965],[94.9034,22.6959],[94.9078,22.6922],[94.9108,22.6878],[94.9152,22.6852],[94.9159,22.6729],[94.9207,22.6689],[94.9192,22.6653],[94.9201,22.6619],[94.9272,22.655],[94.9316,22.6532],[94.9342,22.6509],[94.9315,22.6461],[94.931,22.6434],[94.9328,22.6396],[94.9442,22.637],[94.9451,22.6325],[94.9433,22.6278],[94.9453,22.6265],[94.9545,22.6307],[94.9581,22.6291],[94.9591,22.6273],[94.9621,22.6255],[94.96,22.6229],[94.9522,22.6227],[94.9518,22.6204],[94.9573,22.6151],[94.9507,22.6142],[94.9446,22.6075],[94.9493,22.6015],[94.9522,22.5948],[94.9609,22.5908],[94.9661,22.5863],[94.9768,22.5738],[94.9643,22.5488],[94.962,22.5417],[94.9527,22.5336],[94.9511,22.5102],[94.9487,22.4999],[94.9435,22.4895],[94.9402,22.4781],[94.9377,22.458],[94.9353,22.4549],[94.9353,22.4513],[94.9366,22.4464],[94.944,22.4332],[94.9496,22.4189],[94.9491,22.4107],[94.9589,22.4009],[94.9617,22.3966],[94.968,22.3935],[94.9795,22.3743],[94.9815,22.3685],[94.9824,22.3594],[94.985,22.3485],[94.9934,22.3369],[94.9968,22.3369],[94.9988,22.3356],[94.9998,22.3311],[95.0093,22.3248],[95.0195,22.3195],[95.0261,22.3124],[95.0303,22.3035],[95.0356,22.2675],[95.0395,22.2546],[95.0492,22.2439],[95.0561,22.2332],[95.0595,22.23],[95.0625,22.2238],[95.0757,22.2112],[95.0799,22.2],[95.0811,22.1956],[95.0795,22.1917],[95.0797,22.185],[95.0813,22.1621],[95.083,22.1518],[95.0913,22.1453],[95.101,22.1339],[95.1104,22.1187],[95.1238,22.1087],[95.1408,22.087],[95.1457,22.0734],[95.1438,22.0574],[95.1436,22.0416],[95.1402,22.028],[95.1384,22.0087],[95.1341,22.0002],[95.1357,21.9894],[95.1349,21.9787],[95.1378,21.9696],[95.1375,21.9662],[95.1338,21.9587],[95.1332,21.95],[95.1341,21.9462],[95.1424,21.9353],[95.1405,21.9291],[95.1395,21.9158],[95.1398,21.906],[95.1476,21.8922],[95.1506,21.8841],[95.1521,21.8778],[95.1522,21.8723],[95.1531,21.8723],[95.1557,21.8575],[95.1576,21.8539],[95.1597,21.8458],[95.1602,21.8385],[95.1636,21.8345],[95.1528,21.8391],[95.1397,21.8419],[95.1339,21.8443],[95.1331,21.8498],[95.1204,21.8558],[95.1103,21.8518],[95.0972,21.8544],[95.0911,21.8517],[95.0868,21.8509],[95.0817,21.8523],[95.0771,21.8506],[95.0733,21.8477],[95.0628,21.8358],[95.0611,21.8354],[95.0533,21.8375],[95.0484,21.8368],[95.0461,21.834],[95.0457,21.8299],[95.0413,21.8317],[95.0364,21.8402],[95.0335,21.8411],[95.0311,21.8392],[95.0302,21.8307],[95.0283,21.8293],[95.0249,21.8297],[95.0205,21.8328],[95.0152,21.8323],[94.9906,21.8249],[94.9858,21.8262],[94.9818,21.8298],[94.976,21.8324],[94.9707,21.8333],[94.938,21.8337],[94.9311,21.8359],[94.9257,21.8332],[94.9054,21.8389],[94.8918,21.8477],[94.8761,21.8549],[94.8703,21.8626],[94.8678,21.8639],[94.8577,21.8642],[94.8475,21.861],[94.8418,21.8569],[94.8394,21.8564],[94.8394,21.8555],[94.836,21.8545],[94.8268,21.854],[94.823,21.8526],[94.8085,21.8529],[94.7882,21.8477],[94.7877,21.8464],[94.7868,21.8464],[94.7813,21.8409],[94.7778,21.8392],[94.7725,21.8417],[94.7705,21.8417],[94.7693,21.8392],[94.7703,21.8313],[94.7671,21.8326],[94.7623,21.8317],[94.7544,21.8275],[94.7499,21.8283],[94.7439,21.836],[94.742,21.8402],[94.738,21.8404],[94.7375,21.8445],[94.7356,21.8431],[94.7346,21.844],[94.7312,21.844],[94.7307,21.8453],[94.7293,21.8444],[94.7239,21.8448],[94.722,21.847],[94.7229,21.848],[94.718,21.8515],[94.7147,21.8519],[94.7146,21.8533],[94.7122,21.8546],[94.7117,21.8564],[94.7088,21.8573],[94.7088,21.8555],[94.7054,21.8545],[94.7054,21.8536],[94.7035,21.8536],[94.703,21.855],[94.6996,21.8558],[94.6972,21.8581],[94.687,21.8616],[94.6865,21.8625],[94.6787,21.8642],[94.6746,21.8636],[94.6707,21.8643],[94.6607,21.8725],[94.6554,21.8698],[94.6554,21.8689],[94.6506,21.8688],[94.6472,21.867],[94.6429,21.8665],[94.6415,21.8642],[94.6386,21.8624],[94.6352,21.8619],[94.6343,21.8605],[94.6222,21.8604],[94.6202,21.8622],[94.6178,21.8626],[94.6164,21.8612],[94.6111,21.8593],[94.6097,21.8566],[94.6082,21.8562],[94.6121,21.8512],[94.6107,21.8512],[94.6112,21.8476],[94.6076,21.8439],[94.6006,21.8441],[94.5956,21.833],[94.5934,21.8327],[94.5881,21.8379],[94.5828,21.8378],[94.5795,21.8355],[94.5636,21.8345],[94.5561,21.842],[94.5489,21.8454],[94.5405,21.8377],[94.544,21.8277],[94.5444,21.8225],[94.5408,21.8149],[94.5443,21.7931],[94.5438,21.7918],[94.5371,21.7881],[94.5298,21.7889],[94.5158,21.7878],[94.5129,21.7846],[94.5052,21.7841],[94.5022,21.787],[94.4962,21.7865],[94.4947,21.7912],[94.492,21.7948],[94.4853,21.7975],[94.4778,21.8037],[94.4645,21.8097],[94.4595,21.8188],[94.4525,21.8231],[94.4471,21.8218],[94.4389,21.8239],[94.4351,21.823],[94.4327,21.824],[94.4277,21.8292],[94.4234,21.8296],[94.4224,21.8309],[94.4142,21.8317],[94.4132,21.8348],[94.4086,21.8387],[94.408,21.8419],[94.4125,21.8461],[94.4128,21.8563],[94.4152,21.8628],[94.4108,21.8633],[94.4096,21.8717],[94.415,21.8861],[94.4187,21.9128],[94.419,21.9241],[94.4242,21.9321],[94.4214,21.9366],[94.42,21.9433],[94.4252,21.9631],[94.4249,21.9659],[94.4195,21.9719],[94.4147,21.9816],[94.4096,21.9878],[94.4083,21.9938],[94.4085,22.0009],[94.4191,22.0263],[94.4229,22.03],[94.4325,22.0319],[94.4349,22.0333],[94.4354,22.0346],[94.4355,22.0488],[94.4341,22.0543],[94.4352,22.0597],[94.4321,22.0668],[94.4218,22.0779],[94.4198,22.093],[94.4247,22.1036],[94.425,22.1082],[94.4167,22.1366],[94.4124,22.136],[94.4095,22.1313],[94.4024,22.1295],[94.3973,22.1235],[94.3896,22.1198],[94.3844,22.1197],[94.3814,22.1172],[94.3763,22.1183],[94.3741,22.1223],[94.3736,22.1214],[94.3703,22.1244],[94.3659,22.12],[94.3605,22.117],[94.3578,22.1188],[94.356,22.1237],[94.3504,22.1277],[94.3422,22.1299],[94.3414,22.1354],[94.3301,22.1398],[94.3253,22.1442],[94.3198,22.1431],[94.3154,22.1367],[94.3111,22.1342],[94.2975,22.1366],[94.2964,22.1516],[94.2928,22.1594],[94.2879,22.1683],[94.2786,22.1777],[94.2707,22.1904],[94.2681,22.2058],[94.262,22.2221],[94.2658,22.2348],[94.2665,22.2424],[94.2591,22.2489],[94.256,22.2531],[94.254,22.2705],[94.2527,22.2748],[94.2524,22.2861],[94.2484,22.2924],[94.2449,22.296],[94.2451,22.3004],[94.2583,22.3149],[94.2627,22.3176],[94.2676,22.3149],[94.2748,22.3065],[94.2768,22.2991],[94.2788,22.296],[94.2794,22.2877],[94.2904,22.2705],[94.2853,22.2589],[94.2879,22.2556],[94.304,22.2527],[94.3053,22.2643],[94.3082,22.2616],[94.3114,22.2609],[94.3128,22.2623],[94.3263,22.2634],[94.3319,22.2683],[94.3395,22.2866],[94.3497,22.2915],[94.3538,22.2977],[94.3531,22.3145],[94.3562,22.3241],[94.3578,22.3361],[94.3654,22.362],[94.3676,22.3694],[94.3709,22.3736],[94.3718,22.3919],[94.3743,22.3982],[94.3801,22.4073],[94.3845,22.41],[94.3941,22.4127],[94.4129,22.4142],[94.4174,22.4174],[94.42,22.4243],[94.4207,22.4319],[94.4178,22.4417],[94.4187,22.4578],[94.4147,22.4694],[94.4149,22.4761],[94.4065,22.5123],[94.4075,22.5127],[94.4078,22.5374],[94.404,22.5455],[94.4002,22.5502],[94.4025,22.5551],[94.4034,22.5601],[94.4043,22.5601],[94.4048,22.5619],[94.4046,22.5741],[94.4006,22.5826],[94.4013,22.5937],[94.4097,22.5944],[94.4145,22.5977],[94.4159,22.5977],[94.4188,22.6004],[94.4196,22.6155],[94.4267,22.6182],[94.4305,22.6182],[94.4383,22.6091],[94.4425,22.6098],[94.4461,22.6157],[94.4542,22.6175],[94.4571,22.6142],[94.4589,22.6091],[94.4631,22.6111],[94.4731,22.6124],[94.4854,22.6169],[94.4875,22.6207],[94.4856,22.6234],[94.485,22.6293],[94.4883,22.6329],[94.489,22.6376],[94.4832,22.6436],[94.4745,22.6421],[94.472,22.6432],[94.4671,22.6412],[94.4624,22.643],[94.4653,22.6471],[94.4682,22.6475],[94.4718,22.6519],[94.4783,22.6559],[94.4867,22.657],[94.4939,22.6546],[94.4944,22.6533],[94.5005,22.6525],[94.5045,22.6532],[94.5173,22.6672],[94.5178,22.6698],[94.5298,22.6767],[94.5309,22.6799],[94.5397,22.6814],[94.5474,22.6869],[94.5604,22.6929],[94.5652,22.6966],[94.5696,22.6971],[94.5745,22.6953],[94.5785,22.6917],[94.5796,22.6875],[94.5826,22.6849],[94.5861,22.6849],[94.5887,22.6863],[94.5952,22.6862],[94.5976,22.6842],[94.6013,22.6859],[94.6033,22.6894],[94.6055,22.6894],[94.6069,22.6875],[94.6101,22.6895],[94.6154,22.6909],[94.6164,22.6922],[94.6216,22.6938],[94.6232,22.6954],[94.6216,22.6986],[94.6231,22.7009],[94.6246,22.7107],[94.6225,22.7157],[94.6232,22.719],[94.6221,22.7218],[94.6237,22.729],[94.6244,22.7302],[94.6267,22.7304],[94.6279,22.7362],[94.6253,22.7398],[94.6309,22.7566],[94.6309,22.7605],[94.6335,22.7675],[94.6354,22.7766],[94.6361,22.792],[94.6384,22.7932],[94.6401,22.8117],[94.641,22.8117],[94.6432,22.8237],[94.6472,22.8269],[94.6583,22.8269],[94.6632,22.828],[94.6713,22.8275],[94.676,22.8284],[94.6789,22.8269],[94.6807,22.8222],[94.6867,22.8199],[94.7005,22.8101],[94.7092,22.8129],[94.7224,22.8195],[94.7315,22.8213],[94.7371,22.8235],[94.7467,22.8293],[94.7474,22.8319],[94.7509,22.8344]]]}},{"type":"Feature","properties":{"DT":"Hkamti","DT_MMR":"ခန္တီးခရိုင်","DT_PCODE":"MMR005D008"},"geometry":{"type":"Polygon","coordinates":[[[95.9942,26.499],[95.9986,26.4924],[96.0078,26.4853],[96.0043,26.48],[96.004,26.4746],[96.0055,26.4669],[96.004,26.4615],[96.0099,26.4582],[96.0159,26.4484],[96.0153,26.4463],[96.0114,26.4425],[96.0144,26.4416],[96.0153,26.4389],[96.018,26.4386],[96.0203,26.4348],[96.016,26.4332],[96.0121,26.4259],[96.0099,26.4264],[96.0022,26.4249],[96.0019,26.4205],[96.0004,26.4163],[96.001,26.4095],[95.9992,26.4077],[95.9974,26.4077],[95.9945,26.4056],[95.9939,26.402],[96.001,26.3919],[96.0081,26.3901],[96.0136,26.3922],[96.0161,26.39],[96.0184,26.3899],[96.018,26.3866],[96.0188,26.3857],[96.0257,26.3857],[96.0301,26.3833],[96.0333,26.3779],[96.0298,26.3729],[96.031,26.3711],[96.0355,26.3705],[96.04,26.3669],[96.042,26.3586],[96.0403,26.3559],[96.0417,26.3518],[96.0453,26.35],[96.0462,26.3565],[96.0523,26.3538],[96.054,26.3513],[96.0579,26.3571],[96.062,26.3539],[96.0658,26.3529],[96.0691,26.3555],[96.0713,26.3549],[96.075,26.3519],[96.0799,26.3514],[96.0867,26.3476],[96.0855,26.3428],[96.0804,26.3375],[96.0831,26.3354],[96.0864,26.3354],[96.0884,26.3321],[96.0881,26.3292],[96.0923,26.3283],[96.0931,26.3342],[96.0946,26.3339],[96.0964,26.3294],[96.1017,26.3309],[96.1091,26.3283],[96.1087,26.3271],[96.1035,26.3234],[96.1006,26.3229],[96.1015,26.3196],[96.1054,26.3179],[96.1051,26.3155],[96.1009,26.3146],[96.1,26.308],[96.0977,26.3054],[96.0947,26.3042],[96.095,26.3021],[96.0938,26.2982],[96.095,26.2953],[96.0932,26.292],[96.0899,26.2899],[96.0881,26.2872],[96.0878,26.2831],[96.0953,26.2854],[96.1012,26.2813],[96.0994,26.2795],[96.095,26.2816],[96.092,26.2813],[96.092,26.2789],[96.0974,26.2771],[96.0975,26.2728],[96.0902,26.2721],[96.0873,26.2753],[96.0861,26.2726],[96.0739,26.2652],[96.0739,26.2625],[96.0783,26.2602],[96.0798,26.2575],[96.0751,26.2399],[96.0774,26.2358],[96.0795,26.2358],[96.0825,26.2381],[96.0822,26.2438],[96.0801,26.248],[96.0822,26.2515],[96.0843,26.2518],[96.0878,26.245],[96.0913,26.2414],[96.0927,26.2373],[96.0937,26.2377],[96.0942,26.2426],[96.1051,26.2393],[96.1024,26.2367],[96.0962,26.2375],[96.0929,26.2352],[96.0923,26.2334],[96.0941,26.2313],[96.0959,26.2316],[96.0989,26.2352],[96.1021,26.2298],[96.1105,26.2304],[96.1116,26.2289],[96.1054,26.2245],[96.106,26.2215],[96.1087,26.2206],[96.1128,26.2239],[96.1179,26.2245],[96.1188,26.2265],[96.1226,26.2291],[96.1206,26.225],[96.1232,26.2234],[96.125,26.2244],[96.1268,26.2215],[96.125,26.2149],[96.1283,26.212],[96.1334,26.2108],[96.1348,26.2075],[96.1342,26.1968],[96.1363,26.1914],[96.1345,26.1888],[96.1238,26.1885],[96.1218,26.1864],[96.1259,26.1784],[96.1241,26.1757],[96.1197,26.1748],[96.1191,26.1718],[96.1206,26.1697],[96.1253,26.1674],[96.1313,26.1662],[96.1351,26.1623],[96.1408,26.1593],[96.1561,26.155],[96.1563,26.1477],[96.1622,26.1433],[96.161,26.1403],[96.1574,26.137],[96.1572,26.1334],[96.156,26.1326],[96.1527,26.1334],[96.1521,26.1305],[96.1539,26.1275],[96.1503,26.1266],[96.1521,26.1221],[96.1569,26.1177],[96.1595,26.118],[96.1604,26.1123],[96.1539,26.1076],[96.1527,26.1052],[96.1545,26.1019],[96.1566,26.1058],[96.1592,26.1043],[96.1604,26.0966],[96.1521,26.0951],[96.1554,26.0918],[96.1554,26.0891],[96.161,26.0876],[96.1613,26.0829],[96.1643,26.0811],[96.1699,26.0796],[96.1682,26.0763],[96.1628,26.0757],[96.1628,26.0737],[96.1667,26.0716],[96.1679,26.0677],[96.1702,26.0656],[96.1762,26.0665],[96.1845,26.0636],[96.1845,26.0591],[96.1815,26.0579],[96.1809,26.0549],[96.1827,26.0499],[96.1726,26.0311],[96.1798,26.0293],[96.1806,26.0279],[96.1806,26.0234],[96.1783,26.0195],[96.1753,26.0172],[96.169,26.0207],[96.161,26.0118],[96.1592,26.006],[96.1463,26.006],[96.1423,26.0079],[96.1372,26.0088],[96.1307,26.0053],[96.1229,26.0035],[96.1221,26.002],[96.1238,25.9984],[96.1191,25.9895],[96.1182,25.9856],[96.1191,25.9821],[96.1152,25.9764],[96.1206,25.966],[96.1212,25.9592],[96.1182,25.9532],[96.1179,25.9461],[96.1188,25.9413],[96.1143,25.9368],[96.1122,25.9315],[96.1122,25.919],[96.1005,25.9108],[96.1012,25.9103],[96.0893,25.9017],[96.0852,25.8976],[96.1,25.8887],[96.1093,25.8818],[96.1128,25.8765],[96.114,25.8577],[96.1247,25.8435],[96.1224,25.839],[96.1271,25.8229],[96.1259,25.8182],[96.1161,25.8039],[96.1182,25.7905],[96.12,25.7875],[96.1235,25.784],[96.1289,25.7807],[96.1375,25.7807],[96.1414,25.778],[96.1485,25.77],[96.1494,25.7658],[96.1488,25.7596],[96.1554,25.759],[96.1699,25.7521],[96.1726,25.7557],[96.1768,25.7566],[96.1824,25.756],[96.1824,25.7521],[96.1875,25.7533],[96.1896,25.756],[96.192,25.7507],[96.197,25.7521],[96.2015,25.7489],[96.2012,25.7391],[96.2044,25.7346],[96.2095,25.7346],[96.2107,25.7316],[96.2104,25.7286],[96.2157,25.7254],[96.2134,25.7218],[96.2095,25.7206],[96.208,25.7173],[96.2125,25.7138],[96.2137,25.7066],[96.2065,25.6971],[96.2083,25.6944],[96.2074,25.6909],[96.2009,25.6879],[96.1949,25.6864],[96.1961,25.6811],[96.2,25.6748],[96.2089,25.6703],[96.214,25.6703],[96.2163,25.6686],[96.2035,25.6651],[96.1992,25.6616],[96.1967,25.6577],[96.1881,25.6528],[96.1828,25.6446],[96.1818,25.6398],[96.1732,25.6351],[96.1649,25.6387],[96.1603,25.6316],[96.1541,25.6261],[96.1385,25.6264],[96.1318,25.6214],[96.1166,25.6148],[96.0998,25.6256],[96.0913,25.6207],[96.0892,25.6144],[96.0791,25.6043],[96.0693,25.5789],[96.0611,25.5699],[96.0494,25.5785],[96.0502,25.5851],[96.0072,25.614],[96.0003,25.618],[95.9927,25.6195],[95.9885,25.6222],[95.9802,25.6251],[95.9762,25.6299],[95.9729,25.6308],[95.9706,25.6302],[95.9679,25.6243],[95.9679,25.6202],[95.9647,25.6192],[95.9579,25.6118],[95.9647,25.5011],[95.9632,25.4663],[95.9638,25.455],[95.9626,25.4416],[95.9641,25.4286],[95.962,25.3541],[95.9604,25.3353],[95.962,25.3275],[95.9677,25.3171],[95.9722,25.3157],[95.9706,25.3007],[95.9745,25.2905],[95.9849,25.2881],[95.9845,25.2851],[95.9889,25.2831],[95.9928,25.2774],[95.9939,25.2736],[95.9912,25.2614],[95.9924,25.2575],[95.9901,25.2524],[95.9932,25.2472],[95.9943,25.2415],[95.9951,25.2159],[95.9981,25.2098],[96.0073,25.2048],[96.0111,25.1964],[96.0172,25.1903],[96.018,25.1831],[96.0199,25.177],[96.0229,25.1732],[96.0237,25.1701],[96.0313,25.1632],[96.0424,25.1602],[96.0451,25.1564],[96.0466,25.1518],[96.0466,25.1468],[96.0437,25.1423],[96.0466,25.135],[96.0554,25.1335],[96.0539,25.1308],[96.0527,25.1235],[96.0489,25.1205],[96.0481,25.1159],[96.0493,25.1144],[96.0516,25.1136],[96.0597,25.1187],[96.0586,25.1153],[96.0594,25.1123],[96.0562,25.0995],[96.0535,25.0976],[96.0523,25.0937],[96.0535,25.0911],[96.0573,25.0888],[96.076,25.0876],[96.0761,25.0844],[96.0781,25.0788],[96.0747,25.0604],[96.0793,25.0509],[96.0754,25.0467],[96.0712,25.0314],[96.0712,25.0295],[96.0736,25.0264],[96.0716,25.0141],[96.0687,25.0128],[96.0667,25.0077],[96.0667,25.0035],[96.0705,24.9982],[96.067,24.9936],[96.059,24.9902],[96.0521,24.976],[96.0483,24.9634],[96.0434,24.9581],[96.0434,24.9528],[96.0392,24.955],[96.0347,24.953],[96.0313,24.9496],[96.0293,24.9507],[96.0281,24.9528],[96.0212,24.9486],[96.0105,24.9508],[96.0079,24.9539],[96.0079,24.9642],[96.0121,24.9768],[96.0128,25.0051],[96.0159,25.0062],[96.0159,25.0096],[96.0227,25.0184],[96.0254,25.018],[96.0269,25.015],[96.03,25.0177],[96.0319,25.0169],[96.0376,25.0226],[96.0376,25.0161],[96.0407,25.0169],[96.0432,25.021],[96.0404,25.0261],[96.0418,25.0364],[96.0399,25.0448],[96.0434,25.0459],[96.0441,25.0528],[96.0472,25.0568],[96.0472,25.0619],[96.0394,25.0676],[96.0395,25.073],[96.0359,25.072],[96.0303,25.0756],[96.0288,25.0774],[96.0283,25.0805],[96.0244,25.0805],[96.0251,25.0861],[96.023,25.0856],[96.0197,25.0813],[96.0186,25.0834],[96.0189,25.086],[96.0157,25.0874],[96.0163,25.0917],[96.0126,25.092],[96.006,25.0757],[96.0026,25.0722],[96.0017,25.0562],[96.0034,25.0522],[96.0037,25.047],[96.0003,25.0427],[95.9963,25.0416],[95.9985,25.0327],[95.9951,25.031],[96.0017,25.0261],[96.0063,25.0207],[96.0,25.0115],[95.9954,25.0132],[95.9931,25.0104],[95.9931,25.0052],[95.9888,25.0078],[95.9885,25.0035],[95.9859,25.0055],[95.9782,25.0049],[95.9739,24.9992],[95.9716,24.9989],[95.9699,25.0043],[95.9673,25.0043],[95.9653,25.0026],[95.9645,24.9989],[95.9613,24.996],[95.9413,24.998],[95.9358,24.995],[95.9158,24.996],[95.9038,24.9945],[95.8967,24.9915],[95.8907,24.9854],[95.892,24.9828],[95.8962,24.9825],[95.8969,24.9815],[95.895,24.9759],[95.8831,24.9677],[95.8776,24.965],[95.8578,24.9623],[95.8337,24.9624],[95.8268,24.965],[95.8235,24.9642],[95.8219,24.9664],[95.814,24.9673],[95.8086,24.9649],[95.8053,24.9582],[95.7934,24.9555],[95.784,24.9554],[95.7774,24.9519],[95.7753,24.9464],[95.7758,24.9287],[95.7738,24.9274],[95.7469,24.9301],[95.7439,24.9255],[95.7293,24.9226],[95.7239,24.9243],[95.707,24.9243],[95.7015,24.9195],[95.6966,24.9125],[95.6909,24.9153],[95.6891,24.9153],[95.687,24.9104],[95.6819,24.9029],[95.6749,24.8989],[95.6719,24.8941],[95.664,24.8747],[95.6586,24.8696],[95.6471,24.8557],[95.638,24.8396],[95.635,24.8309],[95.6199,24.8055],[95.6171,24.7991],[95.6093,24.7891],[95.6047,24.7852],[95.6066,24.7707],[95.6032,24.7634],[95.6014,24.7547],[95.6011,24.7432],[95.5987,24.735],[95.5927,24.7223],[95.5911,24.7172],[95.566,24.6848],[95.563,24.6781],[95.5615,24.6651],[95.5585,24.6591],[95.557,24.6506],[95.5482,24.6331],[95.5461,24.6149],[95.5367,24.5956],[95.5264,24.591],[95.5243,24.5871],[95.5219,24.5783],[95.5146,24.5683],[95.5131,24.5611],[95.5071,24.5559],[95.5023,24.5498],[95.4986,24.5498],[95.4986,24.5507],[95.4951,24.5511],[95.4907,24.5533],[95.4837,24.5583],[95.4774,24.569],[95.4708,24.5674],[95.465,24.5644],[95.4605,24.5647],[95.4593,24.5614],[95.4559,24.5584],[95.4544,24.5526],[95.442,24.5454],[95.439,24.5384],[95.4415,24.5349],[95.4405,24.5331],[95.436,24.5333],[95.4281,24.5275],[95.3903,24.4734],[95.3879,24.4664],[95.3821,24.4592],[95.3803,24.4534],[95.371,24.444],[95.3704,24.4395],[95.3646,24.4347],[95.3603,24.4287],[95.3581,24.4287],[95.3566,24.426],[95.3556,24.426],[95.3557,24.421],[95.3527,24.4196],[95.3522,24.4205],[95.3488,24.4205],[95.3483,24.4174],[95.3468,24.416],[95.3429,24.4155],[95.3429,24.4164],[95.3409,24.4164],[95.3374,24.4186],[95.3231,24.4178],[95.3195,24.4186],[95.3107,24.4153],[95.3051,24.4149],[95.2998,24.4132],[95.2967,24.4153],[95.2838,24.4065],[95.2791,24.4076],[95.2775,24.4066],[95.272,24.4103],[95.2703,24.4178],[95.2622,24.4264],[95.2625,24.4326],[95.2619,24.4329],[95.2431,24.4328],[95.2407,24.4332],[95.2377,24.4359],[95.2318,24.4363],[95.2313,24.4372],[95.2253,24.4371],[95.2233,24.4394],[95.2184,24.4398],[95.2174,24.4389],[95.213,24.4384],[95.2086,24.4397],[95.2081,24.4406],[95.2031,24.441],[95.2006,24.4423],[95.1908,24.4432],[95.1863,24.4458],[95.1829,24.4499],[95.1806,24.4495],[95.1757,24.4579],[95.1684,24.4592],[95.1649,24.4614],[95.1634,24.4641],[95.1541,24.4645],[95.1531,24.4654],[95.1486,24.4658],[95.1457,24.464],[95.1427,24.4639],[95.1387,24.4693],[95.1244,24.4683],[95.12,24.4696],[95.1195,24.471],[95.1041,24.4744],[95.1041,24.4753],[95.0997,24.4784],[95.0965,24.4793],[95.0918,24.4793],[95.0844,24.4756],[95.0844,24.4765],[95.0814,24.4769],[95.0787,24.4797],[95.0758,24.4806],[95.0734,24.4801],[95.0745,24.4746],[95.0693,24.4776],[95.069,24.4812],[95.068,24.4822],[95.0658,24.4809],[95.0618,24.4849],[95.061,24.4901],[95.0521,24.4979],[95.0475,24.4996],[95.0441,24.5059],[95.0387,24.5063],[95.0352,24.5081],[95.0287,24.5152],[95.0242,24.5238],[95.0158,24.5241],[95.0143,24.5264],[95.0088,24.5263],[95.0058,24.5281],[95.0058,24.529],[94.9999,24.5289],[94.9999,24.5339],[94.9925,24.5338],[94.99,24.5356],[94.986,24.536],[94.986,24.5369],[94.9751,24.5373],[94.9742,24.5364],[94.9683,24.5358],[94.9645,24.5336],[94.9625,24.5345],[94.9593,24.5397],[94.9503,24.5483],[94.9469,24.5496],[94.9454,24.5523],[94.9439,24.5527],[94.9427,24.5573],[94.9385,24.5565],[94.9385,24.5605],[94.9315,24.566],[94.9199,24.5696],[94.9131,24.5696],[94.9113,24.5641],[94.9002,24.5545],[94.8928,24.5545],[94.8854,24.5523],[94.8795,24.5523],[94.8753,24.5547],[94.8729,24.5588],[94.8703,24.5587],[94.8663,24.5614],[94.8663,24.5628],[94.8613,24.5668],[94.85,24.5678],[94.8455,24.572],[94.8355,24.5724],[94.8177,24.5767],[94.8091,24.5772],[94.7965,24.5754],[94.7923,24.572],[94.7913,24.5653],[94.7921,24.5597],[94.7884,24.5528],[94.7807,24.5474],[94.7792,24.5443],[94.772,24.5407],[94.7676,24.5555],[94.7653,24.5588],[94.7571,24.5606],[94.7529,24.5583],[94.7434,24.5587],[94.7368,24.5542],[94.7318,24.5557],[94.7318,24.5528],[94.7262,24.5528],[94.7258,24.5499],[94.722,24.5476],[94.7199,24.5478],[94.7179,24.5525],[94.7162,24.5656],[94.7169,24.5789],[94.7132,24.5836],[94.7017,24.5841],[94.6923,24.5815],[94.6849,24.5776],[94.6832,24.5683],[94.6829,24.5579],[94.6972,24.5318],[94.7145,24.5109],[94.7206,24.5008],[94.7349,24.4865],[94.7389,24.4729],[94.7416,24.4673],[94.7472,24.4648],[94.7504,24.4621],[94.7539,24.4562],[94.7551,24.4515],[94.754,24.4418],[94.7503,24.4324],[94.7484,24.4179],[94.7518,24.4166],[94.7642,24.4078],[94.7714,24.401],[94.7738,24.3945],[94.7747,24.3862],[94.7733,24.3762],[94.7658,24.3694],[94.7389,24.3592],[94.7221,24.3631],[94.7188,24.3653],[94.7156,24.3742],[94.713,24.3766],[94.7077,24.3772],[94.703,24.3746],[94.6902,24.35],[94.6833,24.3434],[94.6844,24.3391],[94.6824,24.3348],[94.6776,24.3358],[94.6732,24.3299],[94.6691,24.3299],[94.6641,24.3249],[94.6578,24.3132],[94.6563,24.3049],[94.6569,24.3022],[94.6554,24.299],[94.6516,24.2958],[94.6339,24.2968],[94.6325,24.3038],[94.6293,24.3075],[94.6233,24.3099],[94.6213,24.3072],[94.6159,24.3047],[94.6137,24.3065],[94.6145,24.3117],[94.6129,24.3138],[94.608,24.3159],[94.6058,24.3218],[94.6015,24.3246],[94.6003,24.3286],[94.5883,24.3342],[94.5752,24.3322],[94.5713,24.3342],[94.5658,24.3388],[94.5594,24.3408],[94.5589,24.3482],[94.5612,24.3546],[94.5589,24.3615],[94.5545,24.3654],[94.538,24.3659],[94.5352,24.3697],[94.5348,24.3765],[94.538,24.3933],[94.5437,24.4002],[94.5469,24.4288],[94.5492,24.437],[94.5546,24.4483],[94.5571,24.4574],[94.5561,24.4688],[94.5652,24.4887],[94.5696,24.5163],[94.5757,24.5219],[94.5745,24.5316],[94.5787,24.5422],[94.5777,24.553],[94.5935,24.587],[94.5962,24.6089],[94.6028,24.6256],[94.6034,24.6346],[94.6105,24.6488],[94.6137,24.6617],[94.6205,24.6709],[94.6287,24.6787],[94.6369,24.7013],[94.6404,24.7203],[94.6339,24.7301],[94.6244,24.7301],[94.6215,24.7282],[94.6105,24.7272],[94.611,24.7306],[94.6162,24.7438],[94.6233,24.7484],[94.6281,24.7543],[94.6295,24.7597],[94.627,24.7671],[94.623,24.775],[94.621,24.7819],[94.6227,24.7921],[94.6279,24.8029],[94.6329,24.8211],[94.6342,24.836],[94.6377,24.8414],[94.6475,24.8505],[94.6502,24.8562],[94.6512,24.8635],[94.6551,24.8673],[94.6617,24.8705],[94.6715,24.8744],[94.6742,24.8737],[94.6786,24.8761],[94.689,24.878],[94.697,24.8831],[94.7031,24.8854],[94.7286,24.8873],[94.7583,24.9147],[94.762,24.9213],[94.7679,24.926],[94.7763,24.9307],[94.7877,24.9283],[94.7928,24.9366],[94.7977,24.9366],[94.8036,24.9447],[94.8068,24.9455],[94.8125,24.94],[94.8163,24.9413],[94.8184,24.945],[94.8233,24.9442],[94.8201,24.9391],[94.8103,24.929],[94.8078,24.925],[94.8081,24.9206],[94.8108,24.9179],[94.8181,24.9188],[94.8214,24.9218],[94.8259,24.9207],[94.8327,24.9169],[94.8352,24.9174],[94.8381,24.9243],[94.8475,24.9351],[94.8492,24.9388],[94.8394,24.9541],[94.8359,24.9612],[94.8352,24.9674],[94.8411,24.9694],[94.848,24.9732],[94.8568,24.9801],[94.8578,24.9881],[94.8616,25.0009],[94.8592,25.003],[94.8592,25.007],[94.867,25.0138],[94.8758,25.0125],[94.8799,25.0162],[94.8846,25.0182],[94.888,25.0142],[94.8904,25.0186],[94.8985,25.0274],[94.9104,25.0284],[94.9148,25.0298],[94.9185,25.0379],[94.9256,25.0464],[94.9365,25.0538],[94.9375,25.0603],[94.9304,25.0657],[94.9239,25.0674],[94.9314,25.0813],[94.9338,25.0928],[94.929,25.0996],[94.9233,25.1002],[94.9121,25.0989],[94.9043,25.1016],[94.908,25.1118],[94.908,25.1162],[94.905,25.1199],[94.9056,25.1257],[94.9094,25.1291],[94.9151,25.125],[94.9195,25.1252],[94.929,25.1396],[94.9405,25.1507],[94.9436,25.1507],[94.9514,25.1565],[94.9561,25.165],[94.966,25.1697],[94.965,25.1823],[94.9612,25.185],[94.9602,25.1897],[94.966,25.1901],[94.9697,25.1928],[94.9819,25.1975],[94.9853,25.2029],[94.99,25.208],[94.9955,25.2107],[94.9907,25.2209],[94.9843,25.2294],[94.9715,25.2354],[94.9715,25.2365],[94.9572,25.2456],[94.9643,25.2521],[94.9677,25.2575],[94.9683,25.2629],[94.9822,25.2721],[94.9812,25.2758],[94.9839,25.2802],[94.9873,25.3029],[94.9931,25.3036],[94.9995,25.2975],[95.0035,25.298],[95.0134,25.3029],[95.03,25.2999],[95.0361,25.3016],[95.038,25.3061],[95.0395,25.3253],[95.0385,25.3331],[95.0344,25.3385],[95.0357,25.3453],[95.0344,25.3473],[95.0358,25.3527],[95.0263,25.3632],[95.0148,25.3666],[95.0104,25.372],[95.0199,25.3744],[95.0292,25.379],[95.0377,25.3846],[95.0484,25.3872],[95.0595,25.392],[95.0686,25.3921],[95.0713,25.3899],[95.0759,25.3903],[95.0784,25.3935],[95.0793,25.3981],[95.0808,25.3998],[95.0885,25.4048],[95.1005,25.4097],[95.1034,25.4119],[95.1066,25.4121],[95.1096,25.4099],[95.1159,25.4082],[95.123,25.3943],[95.1224,25.3895],[95.1266,25.3859],[95.1306,25.3855],[95.141,25.3923],[95.1474,25.3919],[95.1541,25.3961],[95.16,25.3803],[95.164,25.3763],[95.1678,25.3749],[95.1716,25.3689],[95.1842,25.3792],[95.1852,25.3751],[95.188,25.3778],[95.1863,25.3856],[95.1907,25.3798],[95.1992,25.3756],[95.199,25.3709],[95.2028,25.3699],[95.2142,25.3731],[95.2156,25.3701],[95.2192,25.368],[95.2248,25.3697],[95.2223,25.3739],[95.2231,25.3761],[95.2273,25.3783],[95.231,25.3778],[95.2322,25.3797],[95.225,25.3799],[95.2223,25.3822],[95.2305,25.3876],[95.2374,25.3905],[95.2354,25.3903],[95.2375,25.3925],[95.2345,25.3951],[95.2138,25.4028],[95.2058,25.4023],[95.2029,25.4043],[95.209,25.408],[95.2108,25.4084],[95.2152,25.4073],[95.2183,25.4088],[95.213,25.4234],[95.2101,25.4261],[95.2088,25.4267],[95.2059,25.4188],[95.2003,25.4183],[95.1937,25.4205],[95.1908,25.4238],[95.189,25.4359],[95.1943,25.4426],[95.1974,25.4494],[95.1979,25.456],[95.1941,25.4659],[95.1889,25.4698],[95.1891,25.4733],[95.1912,25.4777],[95.1867,25.4788],[95.1801,25.4906],[95.1676,25.4957],[95.1527,25.4981],[95.1509,25.4994],[95.1552,25.5075],[95.1564,25.5115],[95.1601,25.5141],[95.1598,25.5213],[95.1648,25.5233],[95.1642,25.5282],[95.1572,25.5343],[95.1575,25.5424],[95.1642,25.547],[95.1679,25.5536],[95.1731,25.5562],[95.176,25.5681],[95.1829,25.5727],[95.1841,25.5756],[95.1855,25.592],[95.1887,25.603],[95.1951,25.6076],[95.1965,25.6143],[95.1988,25.618],[95.2,25.6258],[95.2043,25.6316],[95.2034,25.6362],[95.1988,25.64],[95.2029,25.6429],[95.2135,25.6593],[95.215,25.6795],[95.2066,25.6796],[95.2035,25.6838],[95.2046,25.6866],[95.2001,25.6879],[95.1984,25.6895],[95.1997,25.6919],[95.2011,25.691],[95.2017,25.6929],[95.1996,25.6954],[95.1928,25.695],[95.1888,25.692],[95.184,25.6941],[95.1779,25.6946],[95.1754,25.6956],[95.1748,25.6977],[95.166,25.7049],[95.1632,25.7055],[95.1604,25.7035],[95.1598,25.7053],[95.1562,25.7043],[95.1478,25.7115],[95.1337,25.7128],[95.1166,25.709],[95.1117,25.7098],[95.1046,25.7157],[95.0937,25.7175],[95.0799,25.7175],[95.0758,25.7191],[95.0659,25.7195],[95.0611,25.7185],[95.0546,25.7185],[95.0447,25.725],[95.039,25.7336],[95.0376,25.7406],[95.0466,25.7574],[95.0634,25.7639],[95.0682,25.773],[95.0698,25.7783],[95.0806,25.7894],[95.0826,25.7955],[95.0855,25.7994],[95.0849,25.8092],[95.0929,25.8255],[95.093,25.8303],[95.0884,25.8409],[95.0899,25.8511],[95.0949,25.8559],[95.0999,25.8567],[95.1037,25.8586],[95.1058,25.8661],[95.1135,25.8678],[95.1129,25.8697],[95.1154,25.8702],[95.115,25.8728],[95.1289,25.8782],[95.1346,25.8823],[95.1402,25.8835],[95.1446,25.8891],[95.1477,25.8952],[95.1483,25.901],[95.1496,25.9036],[95.153,25.9052],[95.1561,25.9025],[95.1616,25.9029],[95.1657,25.9021],[95.1705,25.9069],[95.1735,25.9067],[95.1766,25.9097],[95.1925,25.9104],[95.1956,25.9095],[95.1957,25.9118],[95.1975,25.9136],[95.1998,25.9141],[95.2003,25.9155],[95.2031,25.9157],[95.2099,25.9235],[95.2162,25.9242],[95.2187,25.9272],[95.2225,25.928],[95.2225,25.9307],[95.2262,25.9329],[95.2298,25.9391],[95.2285,25.9418],[95.2292,25.9426],[95.2387,25.9467],[95.242,25.9438],[95.2447,25.9442],[95.2455,25.942],[95.248,25.9427],[95.2502,25.94],[95.2562,25.941],[95.2569,25.9463],[95.2561,25.9475],[95.2556,25.9544],[95.263,25.9577],[95.2755,25.9614],[95.2922,25.9687],[95.301,25.9676],[95.3146,25.9713],[95.3349,25.9791],[95.3635,25.977],[95.3802,25.9817],[95.4412,25.988],[95.4531,25.9942],[95.487,25.9968],[95.4916,26.0014],[95.4942,26.016],[95.501,26.0243],[95.5095,26.0379],[95.5104,26.0417],[95.5169,26.0474],[95.5247,26.0516],[95.5302,26.0561],[95.5312,26.0608],[95.5177,26.0837],[95.5197,26.0915],[95.5296,26.0957],[95.5354,26.1056],[95.5525,26.1248],[95.5626,26.1275],[95.5676,26.1267],[95.5724,26.1298],[95.5745,26.1341],[95.5927,26.1399],[95.6005,26.1436],[95.6005,26.1509],[95.6083,26.1566],[95.6218,26.1576],[95.6296,26.1639],[95.6395,26.1754],[95.6432,26.1858],[95.6494,26.1978],[95.6593,26.2113],[95.6604,26.2248],[95.6567,26.2363],[95.6473,26.2436],[95.63,26.2671],[95.633,26.2721],[95.6369,26.2757],[95.6515,26.2813],[95.6531,26.2874],[95.6581,26.297],[95.6588,26.3034],[95.6615,26.3064],[95.6652,26.3058],[95.6656,26.3064],[95.673,26.3064],[95.6764,26.3108],[95.6848,26.3174],[95.6983,26.3178],[95.6997,26.319],[95.7022,26.319],[95.7167,26.3235],[95.719,26.3256],[95.7217,26.3306],[95.7248,26.3312],[95.7262,26.33],[95.7388,26.3297],[95.7399,26.3327],[95.7447,26.3359],[95.7488,26.3408],[95.7538,26.3437],[95.7602,26.3433],[95.7642,26.3471],[95.7676,26.3474],[95.7727,26.3455],[95.7747,26.3469],[95.7755,26.3512],[95.7791,26.3568],[95.7797,26.3607],[95.7889,26.3634],[95.7946,26.3705],[95.7996,26.3727],[95.8029,26.386],[95.8014,26.3925],[95.8017,26.3961],[95.8044,26.402],[95.8026,26.4068],[95.8041,26.4172],[95.7934,26.4383],[95.7987,26.446],[95.8077,26.4496],[95.8141,26.4486],[95.8196,26.4509],[95.8234,26.4678],[95.8228,26.4731],[95.8252,26.4767],[95.8425,26.4868],[95.8472,26.4916],[95.854,26.4885],[95.8657,26.4859],[95.874,26.4865],[95.8805,26.4889],[95.8889,26.4895],[95.8948,26.4913],[95.9005,26.4913],[95.9022,26.4892],[95.9112,26.485],[95.918,26.4883],[95.9293,26.4901],[95.9469,26.4832],[95.96,26.4862],[95.9614,26.4892],[95.965,26.4895],[95.9695,26.4927],[95.9817,26.4939],[95.9858,26.4924],[95.9906,26.4945],[95.9942,26.499]]]}},{"type":"Feature","properties":{"DT":"Kale","DT_MMR":"ကလေးခရိုင်","DT_PCODE":"MMR005D005"},"geometry":{"type":"Polygon","coordinates":[[[94.1831,23.6486],[94.2,23.6349],[94.2054,23.6341],[94.2059,23.6332],[94.2147,23.6324],[94.2162,23.6311],[94.2216,23.6294],[94.2256,23.6294],[94.2256,23.6285],[94.2359,23.6282],[94.2359,23.6273],[94.2403,23.6269],[94.2412,23.6225],[94.2401,23.6187],[94.2286,23.6063],[94.2325,23.5887],[94.2423,23.5821],[94.2473,23.5821],[94.2551,23.5865],[94.2658,23.5893],[94.2735,23.5836],[94.2788,23.5783],[94.2839,23.5786],[94.3049,23.5696],[94.3092,23.5645],[94.3201,23.5625],[94.3343,23.5674],[94.3417,23.5643],[94.3496,23.564],[94.3693,23.5743],[94.3728,23.5784],[94.4068,23.5784],[94.4175,23.5802],[94.4221,23.5845],[94.4247,23.585],[94.4286,23.5812],[94.43,23.5721],[94.4291,23.5668],[94.4254,23.5612],[94.4289,23.5339],[94.4265,23.528],[94.4208,23.5193],[94.3999,23.5096],[94.3955,23.5059],[94.3927,23.5009],[94.3917,23.5009],[94.3893,23.4959],[94.3869,23.4936],[94.3859,23.4842],[94.3824,23.4784],[94.3761,23.4731],[94.3591,23.4518],[94.3589,23.4479],[94.3639,23.4452],[94.3709,23.4444],[94.3791,23.4555],[94.3916,23.4681],[94.3983,23.4712],[94.4073,23.4829],[94.4114,23.4818],[94.4134,23.4766],[94.4171,23.472],[94.4188,23.4657],[94.4228,23.4577],[94.452,23.4869],[94.4616,23.493],[94.4657,23.4901],[94.4722,23.4908],[94.4803,23.4879],[94.4877,23.4871],[94.4971,23.4921],[94.5025,23.4921],[94.5126,23.4897],[94.5261,23.4782],[94.5294,23.4733],[94.5319,23.4666],[94.5319,23.4544],[94.5278,23.4479],[94.5322,23.445],[94.5343,23.4389],[94.5326,23.4335],[94.5416,23.4333],[94.5444,23.4325],[94.5392,23.425],[94.5402,23.4204],[94.5359,23.4154],[94.5394,23.4114],[94.5355,23.4014],[94.5444,23.4018],[94.5508,23.3974],[94.5479,23.3886],[94.5513,23.386],[94.5562,23.3788],[94.5618,23.3768],[94.5653,23.3777],[94.5714,23.3718],[94.5718,23.3681],[94.5734,23.3644],[94.5712,23.3569],[94.5725,23.3535],[94.5747,23.3522],[94.5793,23.353],[94.5823,23.3499],[94.5949,23.345],[94.5971,23.3397],[94.601,23.3375],[94.6031,23.3339],[94.6041,23.3276],[94.6015,23.3201],[94.603,23.3156],[94.6063,23.3112],[94.6097,23.311],[94.6224,23.317],[94.6263,23.3166],[94.6279,23.3205],[94.6345,23.3239],[94.6374,23.3221],[94.6446,23.321],[94.6461,23.3244],[94.6456,23.3326],[94.647,23.3353],[94.654,23.3382],[94.6592,23.3355],[94.6607,23.336],[94.6617,23.34],[94.6565,23.3506],[94.6535,23.3604],[94.6449,23.4042],[94.6463,23.4175],[94.6392,23.436],[94.6475,23.4392],[94.6533,23.4478],[94.6543,23.4478],[94.6566,23.4528],[94.6546,23.4594],[94.6546,23.463],[94.6579,23.4659],[94.6595,23.4709],[94.664,23.4724],[94.6662,23.4754],[94.6685,23.4761],[94.6684,23.485],[94.6747,23.49],[94.6806,23.493],[94.6855,23.4938],[94.6879,23.4906],[94.6924,23.488],[94.6972,23.4915],[94.6959,23.4933],[94.6934,23.4933],[94.6959,23.4953],[94.6985,23.4953],[94.6987,23.4935],[94.6999,23.4936],[94.7006,23.4917],[94.7053,23.4905],[94.7089,23.4872],[94.7102,23.4961],[94.7139,23.49],[94.7141,23.4989],[94.719,23.4962],[94.7257,23.5011],[94.7272,23.5107],[94.7341,23.5176],[94.735,23.5154],[94.7375,23.5149],[94.7387,23.5171],[94.7449,23.5188],[94.7481,23.5188],[94.7509,23.5153],[94.7659,23.5136],[94.7698,23.5073],[94.7732,23.5045],[94.7788,23.5057],[94.7843,23.5124],[94.7974,23.5036],[94.8092,23.505],[94.8106,23.4997],[94.8146,23.4988],[94.8192,23.5037],[94.8255,23.501],[94.8285,23.5013],[94.8297,23.5001],[94.8391,23.5013],[94.847,23.501],[94.8485,23.5059],[94.8507,23.5073],[94.859,23.5085],[94.8614,23.5129],[94.8677,23.5138],[94.8697,23.513],[94.8794,23.5206],[94.8902,23.5213],[94.8907,23.5199],[94.8936,23.5182],[94.8988,23.5169],[94.8994,23.5202],[94.9058,23.5224],[94.9102,23.522],[94.9102,23.521],[94.9216,23.5157],[94.9326,23.5198],[94.9401,23.5182],[94.9474,23.5265],[94.9502,23.5203],[94.9481,23.5106],[94.9403,23.5041],[94.9298,23.4875],[94.9073,23.4786],[94.8922,23.4681],[94.8875,23.46],[94.8858,23.4526],[94.8947,23.4393],[94.8939,23.4376],[94.8953,23.4294],[94.8935,23.4258],[94.8953,23.4106],[94.8974,23.4081],[94.8989,23.4036],[94.8999,23.4031],[94.8994,23.3997],[94.9007,23.3963],[94.9064,23.3913],[94.9133,23.3884],[94.9143,23.3848],[94.9188,23.3776],[94.9222,23.3767],[94.9349,23.3764],[94.9374,23.3751],[94.9384,23.3737],[94.9378,23.369],[94.9357,23.3649],[94.9257,23.3565],[94.9176,23.3547],[94.9019,23.3594],[94.8987,23.3583],[94.8971,23.3567],[94.8976,23.3522],[94.8932,23.3478],[94.8923,23.3353],[94.8894,23.3328],[94.8894,23.3292],[94.8813,23.3283],[94.8776,23.3306],[94.8753,23.3299],[94.8687,23.3251],[94.8696,23.3225],[94.8661,23.3242],[94.8599,23.3213],[94.8594,23.3202],[94.8616,23.3136],[94.8632,23.312],[94.8658,23.3115],[94.8657,23.3012],[94.869,23.2994],[94.8708,23.2954],[94.8691,23.2899],[94.8706,23.289],[94.8715,23.2823],[94.8709,23.2796],[94.8726,23.2751],[94.8703,23.2615],[94.8748,23.2589],[94.8844,23.2596],[94.8972,23.2571],[94.8978,23.2532],[94.9032,23.2524],[94.9071,23.2506],[94.9139,23.2377],[94.9169,23.2301],[94.9137,23.2201],[94.9114,23.2087],[94.917,23.202],[94.9122,23.1968],[94.9122,23.1902],[94.9208,23.187],[94.9309,23.1909],[94.9341,23.1894],[94.9377,23.1851],[94.9363,23.1638],[94.9336,23.1561],[94.9327,23.1556],[94.9307,23.1511],[94.9294,23.1414],[94.9225,23.1345],[94.9117,23.1308],[94.9026,23.1325],[94.8893,23.1242],[94.8717,23.1072],[94.8719,23.1023],[94.8792,23.0946],[94.8823,23.082],[94.8877,23.0744],[94.8902,23.069],[94.8922,23.0677],[94.9039,23.066],[94.9079,23.0642],[94.9118,23.0593],[94.9172,23.0548],[94.9207,23.0535],[94.928,23.0554],[94.9331,23.032],[94.933,23.026],[94.9296,23.0206],[94.9315,23.0177],[94.9292,23.0149],[94.9302,23.0076],[94.928,23.001],[94.9243,22.9967],[94.9163,22.982],[94.9047,22.9773],[94.9004,22.9793],[94.8958,22.9786],[94.8884,22.975],[94.8801,22.9732],[94.8705,22.9697],[94.8665,22.9657],[94.8652,22.959],[94.8656,22.9507],[94.8621,22.9445],[94.8556,22.9393],[94.8369,22.9324],[94.8304,22.9291],[94.8228,22.9282],[94.813,22.9221],[94.8116,22.9166],[94.8094,22.9123],[94.8087,22.9074],[94.8041,22.9016],[94.7987,22.8974],[94.7955,22.8847],[94.794,22.8843],[94.7917,22.8752],[94.788,22.8739],[94.7878,22.8701],[94.7889,22.8657],[94.7869,22.8648],[94.7811,22.8648],[94.7784,22.8635],[94.7788,22.8577],[94.7864,22.8554],[94.793,22.8486],[94.7875,22.8371],[94.7835,22.8344],[94.7784,22.8324],[94.7704,22.8336],[94.7671,22.8298],[94.7608,22.8342],[94.7509,22.8344],[94.7474,22.8319],[94.7467,22.8293],[94.7371,22.8235],[94.7315,22.8213],[94.7224,22.8195],[94.7092,22.8129],[94.7005,22.8101],[94.6867,22.8199],[94.6807,22.8222],[94.6789,22.8269],[94.676,22.8284],[94.6713,22.8275],[94.6632,22.828],[94.6583,22.8269],[94.6472,22.8269],[94.6432,22.8237],[94.641,22.8117],[94.6401,22.8117],[94.6384,22.7932],[94.6361,22.792],[94.6354,22.7766],[94.6335,22.7675],[94.6309,22.7605],[94.6309,22.7566],[94.6253,22.7398],[94.6279,22.7362],[94.6267,22.7304],[94.6244,22.7302],[94.6237,22.729],[94.6221,22.7218],[94.6232,22.719],[94.6225,22.7157],[94.6246,22.7107],[94.6231,22.7009],[94.6216,22.6986],[94.6232,22.6954],[94.6216,22.6938],[94.6164,22.6922],[94.6154,22.6909],[94.6101,22.6895],[94.6069,22.6875],[94.6055,22.6894],[94.6033,22.6894],[94.6013,22.6859],[94.5976,22.6842],[94.5952,22.6862],[94.5887,22.6863],[94.5861,22.6849],[94.5826,22.6849],[94.5796,22.6875],[94.5785,22.6917],[94.5745,22.6953],[94.5696,22.6971],[94.5652,22.6966],[94.5604,22.6929],[94.5474,22.6869],[94.5397,22.6814],[94.5309,22.6799],[94.5298,22.6767],[94.5178,22.6698],[94.5173,22.6672],[94.5045,22.6532],[94.5005,22.6525],[94.4944,22.6533],[94.4939,22.6546],[94.4867,22.657],[94.4783,22.6559],[94.4718,22.6519],[94.4682,22.6475],[94.4653,22.6471],[94.4624,22.643],[94.4671,22.6412],[94.472,22.6432],[94.4745,22.6421],[94.4832,22.6436],[94.489,22.6376],[94.4883,22.6329],[94.485,22.6293],[94.4856,22.6234],[94.4875,22.6207],[94.4854,22.6169],[94.4731,22.6124],[94.4631,22.6111],[94.4589,22.6091],[94.4571,22.6142],[94.4542,22.6175],[94.4461,22.6157],[94.4425,22.6098],[94.4383,22.6091],[94.4305,22.6182],[94.4267,22.6182],[94.4196,22.6155],[94.4188,22.6004],[94.4159,22.5977],[94.4145,22.5977],[94.4097,22.5944],[94.4013,22.5937],[94.4006,22.5826],[94.4046,22.5741],[94.4048,22.5619],[94.4043,22.5601],[94.4034,22.5601],[94.4025,22.5551],[94.4002,22.5502],[94.404,22.5455],[94.4078,22.5374],[94.4075,22.5127],[94.4065,22.5123],[94.4149,22.4761],[94.4147,22.4694],[94.4187,22.4578],[94.4178,22.4417],[94.4207,22.4319],[94.42,22.4243],[94.4174,22.4174],[94.4129,22.4142],[94.3941,22.4127],[94.3845,22.41],[94.3801,22.4073],[94.3743,22.3982],[94.3718,22.3919],[94.3709,22.3736],[94.3676,22.3694],[94.3578,22.3361],[94.3562,22.3241],[94.3531,22.3145],[94.3538,22.2977],[94.3497,22.2915],[94.3395,22.2866],[94.3319,22.2683],[94.3263,22.2634],[94.3128,22.2623],[94.3114,22.2609],[94.3082,22.2616],[94.3053,22.2643],[94.304,22.2527],[94.2879,22.2556],[94.2853,22.2589],[94.2904,22.2705],[94.2794,22.2877],[94.2788,22.296],[94.2768,22.2991],[94.2748,22.3065],[94.2676,22.3149],[94.2676,22.3379],[94.2609,22.3473],[94.2609,22.3535],[94.2707,22.3665],[94.2699,22.3741],[94.267,22.3796],[94.2658,22.3872],[94.2629,22.391],[94.2609,22.3971],[94.2638,22.4006],[94.2705,22.4051],[94.2728,22.4089],[94.2743,22.4185],[94.2774,22.4278],[94.2754,22.4328],[94.2757,22.4368],[94.281,22.4403],[94.2794,22.4571],[94.2814,22.4677],[94.2763,22.4731],[94.2768,22.4798],[94.2759,22.489],[94.2692,22.499],[94.2634,22.4986],[94.2545,22.5079],[94.2582,22.5158],[94.2587,22.5198],[94.2481,22.5449],[94.2473,22.5577],[94.2446,22.5655],[94.235,22.5774],[94.2324,22.583],[94.2292,22.5854],[94.214,22.6071],[94.209,22.6201],[94.204,22.6273],[94.2029,22.6352],[94.1996,22.643],[94.1939,22.6492],[94.1944,22.6617],[94.1868,22.6684],[94.1769,22.6797],[94.1763,22.6847],[94.1728,22.6889],[94.1647,22.6923],[94.152,22.6956],[94.1438,22.6959],[94.1353,22.6887],[94.1315,22.6871],[94.1295,22.6876],[94.1268,22.6921],[94.1165,22.6985],[94.1157,22.7041],[94.1197,22.7142],[94.1197,22.7193],[94.1157,22.7262],[94.1049,22.7287],[94.1,22.7289],[94.0974,22.7322],[94.0994,22.7365],[94.1045,22.7376],[94.1101,22.7351],[94.1161,22.7343],[94.1197,22.7349],[94.1197,22.7423],[94.1181,22.7485],[94.117,22.7626],[94.1188,22.7686],[94.1152,22.7711],[94.1016,22.7706],[94.1023,22.7675],[94.1076,22.7628],[94.1093,22.7595],[94.1065,22.7579],[94.0974,22.7588],[94.0924,22.7566],[94.0869,22.7521],[94.0804,22.7492],[94.078,22.7414],[94.0761,22.74],[94.0752,22.7364],[94.0574,22.7309],[94.0411,22.736],[94.0079,22.7371],[94.0029,22.7542],[94.0052,22.7574],[94.0081,22.7715],[94.0068,22.7771],[93.9965,22.7947],[93.9956,22.8029],[93.9946,22.8064],[93.9921,22.8087],[93.9906,22.8132],[93.99,22.8213],[93.9873,22.8304],[93.9889,22.8331],[93.9989,22.8333],[94.0126,22.836],[94.0172,22.8527],[94.0124,22.8726],[94.0104,22.8766],[94.0103,22.8846],[94.0033,22.8928],[94.0113,22.9051],[94.0112,22.9101],[94.0027,22.9217],[93.9949,22.9247],[93.9954,22.9293],[93.992,22.9355],[93.9896,22.9467],[93.9947,22.9487],[94.0025,22.948],[94.0067,22.9447],[94.0195,22.9467],[94.0237,22.9481],[94.0255,22.9514],[94.0184,22.9567],[94.0177,22.9614],[94.0204,22.9661],[94.0172,22.9688],[94.0059,22.9681],[94.0014,22.9712],[93.9896,22.9724],[93.9893,22.9752],[93.9927,22.9784],[94.0006,22.9825],[93.9989,22.9893],[93.9987,22.9955],[94.002,22.9987],[94.0007,23.0015],[94.0,23.0077],[94.0022,23.0124],[94.002,23.0206],[94.0037,23.0337],[94.0014,23.0484],[94.0035,23.0522],[94.0045,23.0574],[94.0025,23.0674],[93.9994,23.0727],[93.9977,23.08],[93.9938,23.086],[93.9902,23.0839],[93.9859,23.0837],[93.9816,23.086],[93.977,23.0901],[93.9739,23.0991],[93.9744,23.1054],[93.9718,23.1187],[93.977,23.1252],[93.9765,23.1288],[93.9715,23.1319],[93.9679,23.1414],[93.9618,23.1469],[93.9613,23.1525],[93.9667,23.1613],[93.9641,23.1671],[93.9591,23.1678],[93.9534,23.1663],[93.9507,23.1684],[93.9462,23.1799],[93.9488,23.1816],[93.9567,23.1823],[93.9611,23.1837],[93.9632,23.1861],[93.962,23.1954],[93.9594,23.2003],[93.9593,23.2067],[93.9556,23.2144],[93.9546,23.2203],[93.9574,23.2253],[93.9611,23.2273],[93.9713,23.2268],[93.9761,23.2325],[93.9802,23.2344],[93.9888,23.2272],[93.9904,23.2287],[93.99,23.2389],[93.9918,23.245],[93.9918,23.2516],[93.9954,23.2543],[93.9995,23.2546],[93.9998,23.2659],[94.0034,23.2711],[94.0046,23.2779],[94.0008,23.2849],[94.0014,23.287],[94.0105,23.2905],[94.004,23.3119],[94.0034,23.326],[94.0055,23.3501],[94.0034,23.3713],[93.9904,23.3785],[93.9857,23.3843],[93.9811,23.388],[93.973,23.3904],[93.9706,23.3933],[93.968,23.3938],[93.9636,23.3973],[93.955,23.4008],[93.9569,23.4024],[93.9662,23.4012],[93.9813,23.3943],[93.9857,23.3943],[93.9883,23.3966],[93.992,23.3971],[94.0037,23.3941],[94.0042,23.3927],[94.0097,23.3897],[94.0172,23.3776],[94.019,23.3775],[94.0199,23.3739],[94.0172,23.3671],[94.0207,23.366],[94.0243,23.3727],[94.024,23.3771],[94.025,23.3771],[94.0254,23.3798],[94.0295,23.3848],[94.026,23.3912],[94.026,23.3953],[94.0305,23.4033],[94.0304,23.4067],[94.0284,23.4124],[94.031,23.4255],[94.0366,23.4321],[94.0351,23.442],[94.036,23.4442],[94.034,23.4526],[94.034,23.4591],[94.0298,23.4779],[94.0339,23.4817],[94.0328,23.4914],[94.0301,23.5023],[94.0272,23.5249],[94.0242,23.5307],[94.0161,23.5414],[94.0097,23.544],[94.0165,23.5486],[94.0263,23.5654],[94.0337,23.571],[94.04,23.5734],[94.0448,23.5715],[94.0507,23.5651],[94.0574,23.5632],[94.0692,23.5557],[94.0757,23.5475],[94.0788,23.5396],[94.0801,23.532],[94.0805,23.5265],[94.0791,23.5239],[94.0796,23.5216],[94.0827,23.5158],[94.0896,23.5132],[94.093,23.5165],[94.093,23.5222],[94.088,23.5335],[94.0884,23.5392],[94.0941,23.5435],[94.1007,23.5441],[94.1008,23.5432],[94.1076,23.5424],[94.111,23.5433],[94.1157,23.5547],[94.1167,23.5547],[94.1181,23.557],[94.1195,23.5658],[94.118,23.5758],[94.1204,23.5889],[94.1195,23.5985],[94.1213,23.6035],[94.1193,23.6129],[94.122,23.622],[94.1276,23.6316],[94.1297,23.6465],[94.1321,23.6515],[94.1416,23.6455],[94.1461,23.6465],[94.1551,23.6527],[94.1668,23.6561],[94.1712,23.6552],[94.1782,23.649],[94.1831,23.6486]]]}},{"type":"Feature","properties":{"DT":"Kanbalu","DT_MMR":"ကန့်ဘလူခရိုင်","DT_PCODE":"MMR005D010"},"geometry":{"type":"Polygon","coordinates":[[[95.1022,23.8498],[95.1016,23.8424],[95.1003,23.8391],[95.1003,23.8336],[95.0945,23.8229],[95.0953,23.8174],[95.0992,23.8103],[95.0992,23.8043],[95.1005,23.8018],[95.1005,23.7991],[95.1056,23.7983],[95.1056,23.796],[95.1025,23.7966],[95.1022,23.7947],[95.1038,23.7919],[95.1076,23.7938],[95.1076,23.7911],[95.111,23.7862],[95.1096,23.7823],[95.1137,23.7815],[95.1151,23.7851],[95.1175,23.7871],[95.1173,23.7859],[95.12,23.7874],[95.1216,23.7862],[95.124,23.7879],[95.1365,23.7864],[95.1371,23.7848],[95.141,23.7841],[95.1425,23.7819],[95.145,23.7824],[95.1443,23.7851],[95.1477,23.7844],[95.1491,23.7822],[95.1513,23.782],[95.1516,23.7799],[95.1538,23.7782],[95.1532,23.7757],[95.1576,23.7727],[95.1597,23.7751],[95.1628,23.7728],[95.1664,23.7746],[95.1685,23.7731],[95.173,23.7746],[95.176,23.7705],[95.1796,23.7694],[95.1812,23.7706],[95.1817,23.7723],[95.1838,23.7719],[95.185,23.7671],[95.1868,23.7674],[95.1903,23.7656],[95.1916,23.7631],[95.1947,23.7629],[95.1969,23.7615],[95.1955,23.7585],[95.2002,23.7558],[95.1996,23.7516],[95.2075,23.7509],[95.2089,23.7458],[95.2125,23.7459],[95.2131,23.7475],[95.215,23.7467],[95.2155,23.7455],[95.2185,23.7487],[95.2196,23.7483],[95.2195,23.7442],[95.2232,23.745],[95.2235,23.7406],[95.2221,23.7387],[95.2246,23.7351],[95.2293,23.7381],[95.2287,23.734],[95.232,23.736],[95.2334,23.7384],[95.2352,23.7357],[95.2382,23.7349],[95.2397,23.7373],[95.2408,23.731],[95.2439,23.73],[95.2439,23.735],[95.2491,23.7331],[95.2503,23.7304],[95.2514,23.7301],[95.2527,23.7328],[95.2556,23.7328],[95.2578,23.7314],[95.2561,23.7274],[95.2578,23.7258],[95.2618,23.7272],[95.2645,23.7296],[95.2685,23.7242],[95.2682,23.7217],[95.2698,23.7198],[95.272,23.7208],[95.2707,23.7219],[95.2713,23.7239],[95.2755,23.7245],[95.2749,23.7216],[95.28,23.7176],[95.2869,23.7203],[95.2896,23.7143],[95.2811,23.7091],[95.2819,23.7069],[95.289,23.7028],[95.2933,23.7017],[95.2934,23.6855],[95.3013,23.6791],[95.3074,23.6824],[95.3149,23.6811],[95.3157,23.6619],[95.3225,23.6547],[95.3261,23.6487],[95.3356,23.6444],[95.3429,23.6436],[95.3478,23.6405],[95.3567,23.6374],[95.3631,23.637],[95.3635,23.6335],[95.3614,23.6308],[95.3554,23.6299],[95.3479,23.6302],[95.3422,23.6272],[95.3422,23.6239],[95.3559,23.6212],[95.3581,23.6188],[95.3578,23.6145],[95.3533,23.6082],[95.3638,23.6049],[95.3678,23.6021],[95.3575,23.5898],[95.3533,23.588],[95.3464,23.5832],[95.3461,23.5778],[95.3488,23.5648],[95.3524,23.5567],[95.3708,23.5612],[95.3801,23.5569],[95.3832,23.553],[95.3868,23.5511],[95.3922,23.5501],[95.3986,23.553],[95.3966,23.5578],[95.3895,23.5606],[95.3858,23.5572],[95.3824,23.5588],[95.3821,23.5631],[95.3843,23.5659],[95.3884,23.567],[95.4088,23.5593],[95.4118,23.5531],[95.4036,23.5383],[95.3964,23.5344],[95.3874,23.5326],[95.381,23.5278],[95.3575,23.522],[95.3569,23.5184],[95.3545,23.5139],[95.3479,23.5066],[95.3461,23.5068],[95.3409,23.5112],[95.3397,23.5109],[95.3403,23.5076],[95.3425,23.5049],[95.3476,23.5041],[95.3584,23.4979],[95.3578,23.4949],[95.3527,23.4901],[95.3539,23.4892],[95.3594,23.4893],[95.3589,23.4916],[95.372,23.4913],[95.3825,23.4868],[95.383,23.4854],[95.3906,23.4792],[95.3925,23.4806],[95.3916,23.4856],[95.3971,23.4896],[95.401,23.491],[95.4054,23.4955],[95.4088,23.4946],[95.4084,23.4964],[95.416,23.4871],[95.4322,23.4901],[95.4348,23.4946],[95.4363,23.5004],[95.4408,23.5032],[95.4515,23.5042],[95.4552,23.5],[95.4617,23.4995],[95.4718,23.5085],[95.4778,23.5082],[95.4811,23.5135],[95.486,23.5123],[95.4858,23.5159],[95.4951,23.5201],[95.5061,23.5206],[95.5097,23.519],[95.5185,23.5264],[95.5218,23.55],[95.5245,23.5541],[95.5325,23.5588],[95.5382,23.5675],[95.5459,23.5755],[95.5514,23.5777],[95.5659,23.5758],[95.5698,23.5791],[95.5733,23.5793],[95.5774,23.5774],[95.5851,23.5785],[95.5884,23.5799],[95.5937,23.5906],[95.6151,23.616],[95.6109,23.6147],[95.6112,23.6197],[95.6159,23.6246],[95.6183,23.6304],[95.615,23.6318],[95.6112,23.6304],[95.6112,23.6337],[95.6142,23.6378],[95.614,23.6417],[95.617,23.6449],[95.617,23.6479],[95.6145,23.6488],[95.6129,23.6458],[95.6105,23.6463],[95.61,23.649],[95.6109,23.6494],[95.6109,23.6517],[95.609,23.6517],[95.6085,23.6503],[95.607,23.6508],[95.606,23.653],[95.6041,23.653],[95.6022,23.6548],[95.5978,23.6494],[95.5918,23.6511],[95.586,23.6545],[95.5854,23.6601],[95.5839,23.661],[95.5834,23.6651],[95.5805,23.6641],[95.5758,23.6691],[95.5753,23.6748],[95.5808,23.6798],[95.5872,23.6786],[95.5877,23.6755],[95.5921,23.675],[95.5916,23.6778],[95.5941,23.6778],[95.5934,23.682],[95.5978,23.6847],[95.6043,23.6828],[95.6068,23.6851],[95.6088,23.6833],[95.6142,23.6829],[95.6164,23.685],[95.62,23.6851],[95.6234,23.6861],[95.6239,23.687],[95.6271,23.687],[95.634,23.6798],[95.6356,23.6809],[95.6356,23.682],[95.6328,23.6857],[95.6365,23.6855],[95.6378,23.6888],[95.6376,23.6916],[95.6351,23.6918],[95.634,23.6891],[95.6312,23.6905],[95.6337,23.6943],[95.6362,23.696],[95.6373,23.6979],[95.6373,23.7009],[95.64,23.7023],[95.6406,23.6973],[95.6431,23.696],[95.6439,23.7001],[95.6417,23.7075],[95.6419,23.7105],[95.6449,23.7101],[95.6466,23.7075],[95.6496,23.7083],[95.6444,23.7141],[95.6439,23.716],[95.645,23.7174],[95.6512,23.7156],[95.651,23.7204],[95.6566,23.7192],[95.6581,23.7152],[95.6573,23.7105],[95.6581,23.7086],[95.6614,23.7091],[95.6636,23.7119],[95.665,23.7113],[95.6659,23.7093],[95.6718,23.7085],[95.6723,23.7057],[95.6751,23.7091],[95.6765,23.7132],[95.6806,23.7121],[95.6846,23.7144],[95.6826,23.7144],[95.6826,23.7166],[95.6798,23.7174],[95.685,23.7196],[95.6861,23.722],[95.6916,23.7248],[95.6913,23.7283],[95.6935,23.7283],[95.6958,23.7244],[95.7012,23.7245],[95.7053,23.7283],[95.7081,23.7283],[95.7078,23.7253],[95.7111,23.7239],[95.7144,23.7152],[95.7141,23.7102],[95.7089,23.7031],[95.7144,23.6894],[95.7136,23.6828],[95.7174,23.6765],[95.7191,23.6693],[95.7155,23.6622],[95.7166,23.6556],[95.7202,23.6507],[95.7204,23.6408],[95.7252,23.6419],[95.735,23.6411],[95.7429,23.6307],[95.7468,23.6294],[95.7536,23.6232],[95.7577,23.6132],[95.7591,23.5977],[95.7625,23.5917],[95.7617,23.5902],[95.7618,23.5845],[95.7588,23.5829],[95.7643,23.5699],[95.7624,23.5642],[95.7635,23.5582],[95.7613,23.5475],[95.761,23.5352],[95.7685,23.527],[95.7709,23.5261],[95.7709,23.5252],[95.7745,23.5267],[95.7767,23.5297],[95.7786,23.5297],[95.7835,23.5247],[95.7852,23.5201],[95.7871,23.5195],[95.7922,23.5212],[95.7934,23.5198],[95.7934,23.5181],[95.7943,23.5181],[95.7929,23.5151],[95.7929,23.5083],[95.795,23.51],[95.8,23.5113],[95.8025,23.5143],[95.8038,23.514],[95.8053,23.5105],[95.806,23.5157],[95.8124,23.5181],[95.8124,23.5164],[95.8145,23.5164],[95.817,23.5102],[95.8189,23.5085],[95.8198,23.511],[95.8244,23.5135],[95.824,23.5196],[95.826,23.5227],[95.8336,23.5258],[95.833,23.5291],[95.8359,23.5305],[95.8369,23.543],[95.8451,23.5445],[95.8457,23.5467],[95.849,23.549],[95.8521,23.5482],[95.8562,23.5516],[95.8593,23.5518],[95.8636,23.5539],[95.8646,23.5529],[95.8642,23.5504],[95.8668,23.5505],[95.8673,23.5523],[95.8697,23.5523],[95.8707,23.5514],[95.8702,23.5491],[95.8683,23.5482],[95.8688,23.5459],[95.8712,23.5446],[95.8747,23.5406],[95.882,23.541],[95.882,23.5363],[95.8831,23.5354],[95.8907,23.5438],[95.8938,23.5415],[95.8963,23.5374],[95.8985,23.5376],[95.8998,23.5409],[95.9026,23.5432],[95.9036,23.5398],[95.9065,23.5398],[95.908,23.5384],[95.9094,23.544],[95.9123,23.5443],[95.9156,23.543],[95.9283,23.5432],[95.9305,23.5412],[95.9437,23.5397],[95.9503,23.542],[95.9535,23.5447],[95.9608,23.54],[95.9641,23.5427],[95.9662,23.5386],[95.9667,23.5418],[95.9682,23.5413],[95.9707,23.5355],[95.9725,23.5348],[95.969,23.5313],[95.9686,23.5252],[95.9659,23.5153],[95.9635,23.5106],[95.966,23.4864],[95.9652,23.4827],[95.9677,23.4781],[95.9637,23.4678],[95.9668,23.4606],[95.9502,23.4557],[95.9433,23.4488],[95.9384,23.4453],[95.9357,23.4401],[95.9357,23.4353],[95.9298,23.4343],[95.9232,23.436],[95.9201,23.4318],[95.9197,23.4225],[95.9159,23.4221],[95.9121,23.4128],[95.907,23.4089],[95.9065,23.4019],[95.9084,23.3929],[95.9029,23.3771],[95.9041,23.3703],[95.9137,23.3617],[95.9186,23.3607],[95.9197,23.3555],[95.9238,23.3459],[95.9301,23.337],[95.9457,23.3376],[95.9502,23.3311],[95.9497,23.3228],[95.948,23.3161],[95.9501,23.3136],[95.9501,23.3113],[95.947,23.3061],[95.9412,23.302],[95.9412,23.2994],[95.9332,23.2866],[95.9311,23.2873],[95.9298,23.2806],[95.9307,23.2746],[95.936,23.2656],[95.9433,23.2635],[95.9488,23.2596],[95.951,23.2526],[95.9579,23.2523],[95.9587,23.2474],[95.9519,23.2214],[95.9537,23.2178],[95.9522,23.204],[95.9532,23.1978],[95.9576,23.1901],[95.9616,23.1797],[95.9592,23.1661],[95.9802,23.1593],[95.9849,23.1417],[95.9919,23.1305],[95.994,23.1211],[95.9936,23.1165],[95.995,23.1089],[95.9935,23.1037],[95.9789,23.0912],[95.9746,23.0838],[95.9765,23.0799],[95.9765,23.0728],[95.9838,23.0651],[95.9803,23.0402],[95.9808,23.0272],[95.9747,23.019],[95.9731,23.0127],[95.9758,23.001],[95.9757,22.9939],[95.978,22.9797],[95.9791,22.9644],[95.9765,22.9553],[95.9697,22.9415],[95.967,22.9311],[95.9666,22.9276],[95.9699,22.9132],[95.9695,22.9024],[95.9653,22.8785],[95.9542,22.8758],[95.947,22.8726],[95.9431,22.8721],[95.9358,22.868],[95.928,22.8653],[95.926,22.8635],[95.9256,22.859],[95.9343,22.859],[95.9375,22.8572],[95.9349,22.8531],[95.9306,22.8534],[95.9259,22.8478],[95.9209,22.8443],[95.8908,22.8422],[95.8878,22.8471],[95.8798,22.8457],[95.873,22.8483],[95.8754,22.8544],[95.8765,22.8623],[95.8713,22.869],[95.8704,22.8763],[95.8733,22.8832],[95.8671,22.8856],[95.844,22.8785],[95.8304,22.8813],[95.8158,22.8798],[95.8124,22.8811],[95.8089,22.8811],[95.8015,22.8842],[95.7875,22.8792],[95.775,22.8708],[95.7707,22.8692],[95.7641,22.8708],[95.7589,22.8649],[95.7324,22.8633],[95.7302,22.86],[95.7263,22.8595],[95.7253,22.8613],[95.7229,22.8613],[95.7219,22.8586],[95.7147,22.8621],[95.7112,22.8608],[95.6982,22.8602],[95.6944,22.858],[95.6627,22.8503],[95.6521,22.8515],[95.6493,22.8481],[95.6418,22.8425],[95.6381,22.8425],[95.6321,22.8448],[95.6299,22.8504],[95.6263,22.8555],[95.6232,22.8565],[95.6182,22.8535],[95.6155,22.8534],[95.6142,22.8553],[95.6162,22.872],[95.6202,22.8751],[95.6309,22.8793],[95.637,22.8834],[95.6341,22.8861],[95.6306,22.8861],[95.6282,22.8847],[95.6287,22.887],[95.626,22.8884],[95.6263,22.8909],[95.6237,22.8935],[95.6207,22.8928],[95.6176,22.8944],[95.6186,22.8991],[95.6141,22.8993],[95.6144,22.9022],[95.6033,22.9047],[95.5986,22.9028],[95.593,22.9028],[95.5821,22.8898],[95.5772,22.8904],[95.5709,22.8885],[95.5703,22.8773],[95.5644,22.8727],[95.5644,22.8686],[95.5594,22.8677],[95.5504,22.8627],[95.5501,22.8583],[95.5485,22.8562],[95.5451,22.8555],[95.5451,22.8527],[95.5404,22.8506],[95.5354,22.8499],[95.5268,22.8534],[95.5246,22.8518],[95.5205,22.8515],[95.519,22.854],[95.5187,22.8583],[95.5165,22.858],[95.5156,22.8534],[95.5019,22.8456],[95.495,22.8447],[95.4881,22.8473],[95.4824,22.8471],[95.4852,22.8514],[95.4852,22.8564],[95.4813,22.861],[95.4822,22.878],[95.4847,22.8966],[95.4834,22.9021],[95.4819,22.9041],[95.4824,22.9045],[95.4801,22.909],[95.495,22.9128],[95.4964,22.9178],[95.4895,22.9286],[95.4895,22.9304],[95.485,22.9359],[95.4808,22.9546],[95.4785,22.9556],[95.4785,22.9565],[95.4746,22.9578],[95.4692,22.9658],[95.4629,22.9714],[95.4556,22.9829],[95.4538,22.9905],[95.4541,23.0008],[95.4565,23.005],[95.4586,23.0068],[95.4586,23.0142],[95.4605,23.0235],[95.4468,23.0332],[95.4438,23.0384],[95.4441,23.0641],[95.4381,23.075],[95.4283,23.0799],[95.4253,23.0838],[95.4232,23.0887],[95.4241,23.095],[95.4229,23.1002],[95.4192,23.1084],[95.4102,23.1181],[95.4047,23.1265],[95.3992,23.1311],[95.3965,23.139],[95.3962,23.145],[95.3922,23.1549],[95.3853,23.16],[95.3772,23.1734],[95.3701,23.1813],[95.3601,23.1814],[95.3552,23.18],[95.3398,23.1663],[95.3289,23.1681],[95.3271,23.1841],[95.3338,23.1929],[95.3435,23.2029],[95.3532,23.2102],[95.3647,23.2126],[95.3696,23.219],[95.3705,23.219],[95.3763,23.2281],[95.3754,23.2322],[95.3783,23.2361],[95.3781,23.2405],[95.3748,23.2462],[95.3635,23.2462],[95.3603,23.2478],[95.355,23.2527],[95.3456,23.2513],[95.3384,23.2534],[95.3293,23.2545],[95.326,23.2506],[95.3219,23.2493],[95.3097,23.2492],[95.3052,23.2478],[95.2948,23.2563],[95.2823,23.2583],[95.273,23.2539],[95.2672,23.2534],[95.2608,23.2574],[95.2439,23.2562],[95.2384,23.2523],[95.237,23.2495],[95.2101,23.2466],[95.2023,23.242],[95.1986,23.2451],[95.1927,23.2466],[95.1896,23.2446],[95.1834,23.2441],[95.1751,23.246],[95.1701,23.2457],[95.1641,23.2469],[95.1623,23.2487],[95.1616,23.2536],[95.1591,23.2608],[95.1547,23.2638],[95.1449,23.2678],[95.1449,23.2687],[95.1419,23.2695],[95.1414,23.2709],[95.1289,23.275],[95.124,23.2797],[95.119,23.2821],[95.1111,23.2811],[95.1057,23.2726],[95.1042,23.2746],[95.1013,23.276],[95.0895,23.2782],[95.0777,23.2714],[95.0722,23.2711],[95.069,23.2753],[95.069,23.2782],[95.0702,23.2832],[95.0723,23.2867],[95.0677,23.2907],[95.0636,23.292],[95.0567,23.2907],[95.054,23.2878],[95.0516,23.2878],[95.0486,23.284],[95.0472,23.2789],[95.0446,23.2759],[95.0441,23.2768],[95.0417,23.2772],[95.0406,23.2831],[95.0387,23.2844],[95.0361,23.2844],[95.0342,23.2876],[95.0301,23.2885],[95.0262,23.2837],[95.0213,23.2849],[95.0191,23.2879],[95.0188,23.296],[95.0108,23.3006],[95.0114,23.2963],[95.0068,23.289],[95.0071,23.2847],[94.9996,23.2784],[94.9869,23.2703],[94.9818,23.271],[94.9745,23.2684],[94.9656,23.27],[94.9619,23.2752],[94.9563,23.2806],[94.9505,23.2816],[94.9439,23.2793],[94.9379,23.2759],[94.9282,23.2677],[94.9191,23.267],[94.9162,23.2688],[94.9128,23.2692],[94.9079,23.2691],[94.905,23.2678],[94.9006,23.2673],[94.8952,23.2672],[94.8922,23.2685],[94.8869,23.268],[94.8813,23.2668],[94.875,23.2622],[94.8703,23.2615],[94.8726,23.2751],[94.8709,23.2796],[94.8715,23.2823],[94.8706,23.289],[94.8691,23.2899],[94.8708,23.2954],[94.869,23.2994],[94.8657,23.3012],[94.8658,23.3115],[94.8632,23.312],[94.8616,23.3136],[94.8594,23.3202],[94.8599,23.3213],[94.8661,23.3242],[94.8696,23.3225],[94.8687,23.3251],[94.8753,23.3299],[94.8776,23.3306],[94.8813,23.3283],[94.8891,23.329],[94.8894,23.3328],[94.8923,23.3353],[94.8932,23.3478],[94.8976,23.3522],[94.8971,23.3567],[94.8987,23.3583],[94.9019,23.3594],[94.9176,23.3547],[94.9257,23.3565],[94.9357,23.3649],[94.9378,23.369],[94.9384,23.3737],[94.9349,23.3764],[94.9222,23.3767],[94.9188,23.3776],[94.9143,23.3848],[94.9133,23.3884],[94.9064,23.3913],[94.9007,23.3963],[94.8994,23.3997],[94.8999,23.4031],[94.8989,23.4036],[94.8974,23.4081],[94.8953,23.4106],[94.8935,23.4258],[94.8953,23.4294],[94.8939,23.4376],[94.8947,23.4393],[94.8858,23.4526],[94.8875,23.46],[94.8922,23.4681],[94.9044,23.4768],[94.9175,23.4832],[94.921,23.4837],[94.9298,23.4875],[94.9403,23.5041],[94.9481,23.5106],[94.9502,23.5203],[94.9474,23.5265],[94.9517,23.5305],[94.9527,23.5337],[94.9494,23.5383],[94.9531,23.5437],[94.9533,23.5504],[94.9568,23.5632],[94.9614,23.5725],[94.9669,23.578],[94.9693,23.5866],[94.9678,23.591],[94.9708,23.5979],[94.9762,23.5996],[94.9839,23.5999],[94.9877,23.5986],[94.9901,23.5999],[94.992,23.6027],[94.9935,23.6067],[94.9914,23.6216],[94.9834,23.6266],[94.9784,23.6342],[94.9906,23.6834],[94.995,23.6885],[95.0006,23.7045],[94.9993,23.7145],[95.0064,23.7254],[95.0064,23.7285],[95.0115,23.7274],[95.0161,23.7308],[95.0202,23.7374],[95.0184,23.7415],[95.0184,23.7468],[95.0174,23.7491],[95.0178,23.7528],[95.0119,23.7563],[95.0166,23.7757],[95.0271,23.7785],[95.0273,23.7831],[95.0305,23.7875],[95.0366,23.7912],[95.0454,23.7998],[95.0472,23.8077],[95.0463,23.8158],[95.0477,23.8204],[95.0507,23.8258],[95.0505,23.8334],[95.0584,23.8362],[95.0607,23.8407],[95.0665,23.8437],[95.0702,23.8489],[95.0734,23.8443],[95.0757,23.8441],[95.0772,23.8425],[95.0804,23.8429],[95.0796,23.8461],[95.0853,23.8508],[95.0925,23.8602],[95.0952,23.8674],[95.0956,23.8713],[95.0998,23.8664],[95.1014,23.8539],[95.1036,23.8512],[95.1022,23.8498]]]}},{"type":"Feature","properties":{"DT":"Katha","DT_MMR":"ကသာခရိုင်","DT_PCODE":"MMR005D004"},"geometry":{"type":"Polygon","coordinates":[[[95.8062,24.96],[95.8097,24.9576],[95.8147,24.9581],[95.8201,24.9533],[95.824,24.9458],[95.8185,24.9426],[95.8249,24.9351],[95.8294,24.9342],[95.8466,24.9199],[95.8655,24.9156],[95.861,24.9072],[95.8641,24.8957],[95.8802,24.8827],[95.8802,24.8714],[95.8766,24.8701],[95.8774,24.8621],[95.8756,24.8514],[95.872,24.8376],[95.8687,24.8333],[95.8693,24.826],[95.874,24.8218],[95.8834,24.8179],[95.8846,24.816],[95.8844,24.8084],[95.8825,24.8065],[95.8826,24.7997],[95.8848,24.7986],[95.8922,24.7697],[95.9105,24.7488],[95.911,24.7426],[95.9016,24.7275],[95.912,24.7056],[95.9199,24.7093],[95.936,24.7113],[95.9416,24.7082],[95.9465,24.7091],[95.9532,24.7171],[95.9568,24.7176],[95.9556,24.7058],[95.9584,24.6889],[95.966,24.6875],[95.9678,24.679],[95.9731,24.6792],[95.9772,24.6775],[95.9792,24.6665],[95.9903,24.6731],[95.9908,24.6682],[95.9924,24.6675],[95.9966,24.6674],[95.9967,24.6686],[95.9986,24.6688],[96.0001,24.6714],[96.002,24.6717],[96.0037,24.6703],[96.0105,24.6679],[96.0208,24.6666],[96.0269,24.6632],[96.0293,24.6696],[96.0296,24.6811],[96.0373,24.6855],[96.0414,24.6853],[96.0439,24.6822],[96.0454,24.6821],[96.0458,24.6792],[96.0479,24.6814],[96.0514,24.681],[96.0532,24.6817],[96.0546,24.6814],[96.0547,24.6794],[96.0574,24.6807],[96.058,24.6798],[96.0599,24.6798],[96.06,24.6853],[96.0576,24.6906],[96.0594,24.6894],[96.065,24.6816],[96.066,24.682],[96.0685,24.679],[96.073,24.6776],[96.0736,24.6793],[96.0771,24.679],[96.0792,24.6755],[96.0848,24.6708],[96.0745,24.6613],[96.0694,24.6525],[96.078,24.651],[96.0844,24.651],[96.0878,24.6521],[96.0963,24.643],[96.0987,24.6354],[96.1037,24.6321],[96.1075,24.6262],[96.1061,24.6162],[96.1043,24.6132],[96.0948,24.61],[96.091,24.607],[96.0945,24.5946],[96.1019,24.584],[96.1152,24.5698],[96.1459,24.5494],[96.1598,24.5455],[96.1627,24.5424],[96.1648,24.5382],[96.1686,24.5347],[96.1778,24.5291],[96.1854,24.5306],[96.1869,24.532],[96.1873,24.5362],[96.1961,24.5378],[96.1973,24.5387],[96.1926,24.5397],[96.1922,24.5429],[96.1896,24.5476],[96.1902,24.5486],[96.1967,24.5475],[96.1994,24.5485],[96.2016,24.5509],[96.204,24.5502],[96.2016,24.5492],[96.2008,24.5477],[96.2002,24.5394],[96.1968,24.5299],[96.1976,24.5258],[96.2007,24.5209],[96.2003,24.5198],[96.1934,24.5179],[96.1867,24.4969],[96.1849,24.4798],[96.1999,24.4798],[96.2113,24.4863],[96.2139,24.4895],[96.2213,24.4931],[96.219,24.4963],[96.2246,24.501],[96.2246,24.5049],[96.2269,24.5067],[96.2307,24.506],[96.2532,24.5146],[96.2597,24.5143],[96.265,24.5155],[96.2745,24.522],[96.2801,24.5196],[96.2825,24.5168],[96.2999,24.5067],[96.3066,24.5061],[96.325,24.5078],[96.3273,24.5126],[96.3362,24.5208],[96.3495,24.5172],[96.3587,24.5189],[96.3646,24.5157],[96.3695,24.5146],[96.3742,24.5152],[96.3774,24.5241],[96.3882,24.5241],[96.4072,24.5277],[96.4114,24.5362],[96.4176,24.5401],[96.4173,24.546],[96.4238,24.5512],[96.4258,24.5503],[96.4264,24.5444],[96.4324,24.5411],[96.4324,24.5442],[96.4364,24.549],[96.4401,24.5473],[96.4358,24.5419],[96.4346,24.5375],[96.4365,24.5373],[96.4454,24.5326],[96.4477,24.5284],[96.4486,24.5202],[96.4555,24.5202],[96.4607,24.5173],[96.4657,24.5185],[96.4671,24.5159],[96.4778,24.5152],[96.4799,24.5134],[96.4822,24.5102],[96.4824,24.5079],[96.4847,24.506],[96.4878,24.5006],[96.4855,24.4951],[96.4986,24.4856],[96.5044,24.4914],[96.514,24.4908],[96.5254,24.498],[96.5332,24.4964],[96.5346,24.4971],[96.5372,24.4953],[96.539,24.4924],[96.5424,24.4922],[96.5491,24.4866],[96.5522,24.4853],[96.5551,24.4807],[96.5536,24.4745],[96.5561,24.4719],[96.5698,24.4719],[96.5731,24.4738],[96.5758,24.4684],[96.579,24.4712],[96.5796,24.4758],[96.5829,24.4758],[96.5868,24.4826],[96.5923,24.4823],[96.5946,24.4762],[96.5964,24.4775],[96.6087,24.4666],[96.6217,24.4598],[96.63,24.4577],[96.6332,24.4457],[96.6361,24.4421],[96.6312,24.4372],[96.6332,24.4346],[96.6322,24.4307],[96.6391,24.4356],[96.6433,24.4362],[96.6408,24.4317],[96.6454,24.4298],[96.6397,24.4271],[96.6397,24.4248],[96.643,24.4235],[96.643,24.4193],[96.6368,24.4173],[96.6332,24.4141],[96.6335,24.4062],[96.6363,24.4008],[96.6325,24.4014],[96.6296,24.4007],[96.6205,24.4045],[96.6188,24.4033],[96.6183,24.4015],[96.6119,24.402],[96.6106,24.4052],[96.6087,24.4072],[96.6044,24.402],[96.6038,24.3977],[96.6057,24.3923],[96.6034,24.3949],[96.5988,24.3933],[96.5966,24.3966],[96.5951,24.3971],[96.5869,24.3973],[96.5822,24.3957],[96.5838,24.3883],[96.5885,24.3828],[96.592,24.3727],[96.5969,24.3687],[96.5772,24.3625],[96.567,24.3555],[96.5623,24.3469],[96.5635,24.3383],[96.5709,24.3199],[96.5773,24.3128],[96.5838,24.318],[96.6033,24.318],[96.6018,24.3004],[96.5967,24.291],[96.5959,24.2852],[96.5961,24.2708],[96.5862,24.2594],[96.5776,24.2571],[96.5697,24.2492],[96.5674,24.2422],[96.5705,24.2363],[96.5786,24.2358],[96.579,24.2328],[96.5763,24.225],[96.5871,24.2216],[96.5926,24.2177],[96.5976,24.2182],[96.5996,24.2175],[96.6039,24.2136],[96.6067,24.2124],[96.6075,24.2096],[96.6093,24.2093],[96.6168,24.1978],[96.6155,24.1936],[96.6221,24.1936],[96.6281,24.1907],[96.6338,24.1906],[96.6349,24.1897],[96.635,24.1882],[96.6381,24.1866],[96.6528,24.1737],[96.6587,24.1701],[96.6616,24.1632],[96.6658,24.1593],[96.6631,24.1577],[96.6579,24.159],[96.65,24.158],[96.645,24.1535],[96.6274,24.1457],[96.6125,24.1519],[96.5775,24.1589],[96.5582,24.1549],[96.5377,24.1307],[96.5326,24.119],[96.5192,24.1012],[96.5088,24.1039],[96.5021,24.1109],[96.493,24.1113],[96.4908,24.1085],[96.4851,24.1078],[96.4797,24.1056],[96.4745,24.1065],[96.4671,24.1035],[96.4567,24.1008],[96.4428,24.0898],[96.4416,24.0855],[96.4392,24.0858],[96.4335,24.0736],[96.4281,24.0669],[96.4187,24.0584],[96.4129,24.057],[96.412,24.053],[96.4053,24.0418],[96.3901,24.0279],[96.3901,24.0243],[96.3977,24.019],[96.4092,24.0059],[96.4138,24.0066],[96.4172,24.0061],[96.4253,23.9987],[96.4327,23.9957],[96.435,23.9966],[96.4384,24.0006],[96.4455,24.0062],[96.4604,24.0139],[96.4687,24.0168],[96.4825,24.0151],[96.5073,24.0057],[96.5088,24.0028],[96.5077,23.996],[96.5086,23.9914],[96.5168,23.9762],[96.5174,23.9697],[96.5114,23.9593],[96.509,23.9509],[96.5105,23.9447],[96.5139,23.9368],[96.5281,23.9091],[96.5288,23.9024],[96.5261,23.8919],[96.5258,23.8868],[96.5269,23.8822],[96.5296,23.8782],[96.5329,23.8766],[96.5405,23.8764],[96.5451,23.8734],[96.5536,23.8618],[96.5572,23.8558],[96.5593,23.848],[96.5606,23.8327],[96.5605,23.8251],[96.5593,23.8225],[96.5568,23.8214],[96.5465,23.8222],[96.5405,23.8198],[96.5351,23.8127],[96.531,23.8047],[96.526,23.7862],[96.5196,23.7698],[96.5148,23.7525],[96.5073,23.7421],[96.4986,23.7341],[96.4907,23.7288],[96.4884,23.7258],[96.4836,23.7267],[96.4788,23.7247],[96.4715,23.726],[96.4572,23.7103],[96.4539,23.703],[96.4465,23.6986],[96.4402,23.6972],[96.4377,23.6951],[96.4369,23.6917],[96.4393,23.6799],[96.4374,23.6732],[96.4322,23.6716],[96.4319,23.67],[96.434,23.6531],[96.4373,23.6441],[96.4373,23.6345],[96.4237,23.6291],[96.4193,23.6258],[96.4179,23.6243],[96.4171,23.6206],[96.4188,23.6105],[96.4049,23.5979],[96.4035,23.5971],[96.4009,23.5975],[96.3962,23.5943],[96.3953,23.5915],[96.3975,23.5871],[96.3935,23.5818],[96.3934,23.5806],[96.396,23.5777],[96.392,23.5693],[96.3895,23.5705],[96.3827,23.5769],[96.3778,23.5781],[96.3726,23.5837],[96.3711,23.587],[96.3732,23.5977],[96.3722,23.6019],[96.3704,23.6073],[96.3641,23.6163],[96.3598,23.6178],[96.3558,23.6214],[96.3513,23.6186],[96.342,23.6307],[96.3399,23.6347],[96.3372,23.6332],[96.3311,23.6334],[96.3306,23.6302],[96.3248,23.6292],[96.3235,23.6339],[96.3201,23.6321],[96.3176,23.6333],[96.3155,23.6421],[96.3029,23.639],[96.2944,23.6274],[96.2873,23.6251],[96.283,23.6279],[96.2808,23.6307],[96.276,23.6302],[96.2704,23.6269],[96.2665,23.6258],[96.2694,23.6188],[96.2737,23.6146],[96.2719,23.6098],[96.2682,23.61],[96.2615,23.6063],[96.2604,23.6035],[96.2601,23.5944],[96.2536,23.5848],[96.2505,23.5758],[96.2417,23.5745],[96.2382,23.5775],[96.2281,23.5773],[96.2243,23.5813],[96.2221,23.5823],[96.2224,23.5859],[96.2191,23.5856],[96.2142,23.5893],[96.2142,23.5932],[96.216,23.5979],[96.2142,23.5998],[96.2113,23.6007],[96.2102,23.6003],[96.208,23.5959],[96.2024,23.5921],[96.1992,23.5936],[96.1929,23.5916],[96.1909,23.5952],[96.1853,23.5947],[96.1846,23.5921],[96.1773,23.5914],[96.1752,23.5936],[96.1692,23.5936],[96.1629,23.5868],[96.1586,23.5861],[96.1551,23.5838],[96.1546,23.5798],[96.1498,23.5753],[96.1475,23.571],[96.1445,23.569],[96.1386,23.5805],[96.1372,23.5905],[96.1402,23.6133],[96.1422,23.6192],[96.1372,23.6249],[96.1322,23.6327],[96.1221,23.6342],[96.1213,23.6377],[96.1311,23.65],[96.1342,23.6524],[96.1302,23.6622],[96.1333,23.6655],[96.1335,23.6706],[96.1365,23.6801],[96.1269,23.6828],[96.1181,23.6838],[96.109,23.682],[96.0924,23.6715],[96.0884,23.6629],[96.0808,23.6576],[96.0793,23.6541],[96.0836,23.6508],[96.0916,23.648],[96.0934,23.6435],[96.0889,23.6407],[96.0866,23.6293],[96.0838,23.6241],[96.076,23.6219],[96.068,23.6171],[96.0619,23.6085],[96.0581,23.6095],[96.0516,23.6188],[96.047,23.6173],[96.041,23.613],[96.0347,23.6025],[96.0304,23.5876],[96.0274,23.5838],[96.0256,23.5727],[96.0163,23.5579],[96.0123,23.5447],[96.0113,23.5212],[96.0099,23.5118],[95.9967,23.5143],[95.9772,23.5307],[95.9701,23.5329],[95.9725,23.5348],[95.9733,23.5526],[95.9729,23.556],[95.9699,23.5615],[95.9692,23.5669],[95.9774,23.5706],[95.9794,23.5703],[95.9797,23.5798],[95.9817,23.5852],[95.978,23.589],[95.9801,23.5934],[95.9777,23.5998],[95.9787,23.6039],[95.9716,23.6192],[95.9737,23.6321],[95.9634,23.6321],[95.9605,23.6334],[95.959,23.6352],[95.9533,23.6369],[95.9543,23.6409],[95.9511,23.646],[95.9495,23.6545],[95.9526,23.6671],[95.956,23.6728],[95.959,23.6824],[95.955,23.7065],[95.956,23.7109],[95.9604,23.7136],[95.9614,23.719],[95.9753,23.7256],[95.9763,23.7312],[95.9821,23.7343],[95.9875,23.7404],[95.9889,23.7475],[95.9909,23.7513],[95.9909,23.7547],[95.9933,23.7598],[96.0003,23.7831],[95.9913,23.7859],[95.9947,23.7941],[95.9988,23.7975],[95.9956,23.8001],[95.9907,23.7997],[95.9907,23.8069],[95.9892,23.8087],[95.9853,23.8087],[95.9843,23.8073],[95.9818,23.8069],[95.9794,23.8082],[95.9789,23.8118],[95.9739,23.8186],[95.9706,23.8304],[95.9712,23.8365],[95.9706,23.8409],[95.9768,23.8454],[95.9774,23.8501],[95.9831,23.8561],[95.9828,23.8606],[95.9852,23.8637],[95.9903,23.864],[96.0018,23.8698],[96.0042,23.8735],[96.0035,23.8803],[96.0093,23.8824],[96.0052,23.8881],[96.0066,23.8942],[96.0038,23.8942],[96.0001,23.8905],[95.9981,23.8915],[96.0005,23.8966],[96.0005,23.9014],[95.995,23.9109],[95.9937,23.916],[95.9988,23.9268],[95.9971,23.9363],[96.0018,23.9496],[96.0018,23.9642],[95.9977,23.9666],[95.9977,23.97],[95.9959,23.9753],[95.9903,23.9767],[95.9905,23.9843],[95.9916,23.9874],[95.987,23.9893],[95.9885,23.9906],[95.9784,24.0028],[95.9745,24.011],[95.9775,24.033],[95.9755,24.0357],[95.9752,24.0423],[95.9709,24.0576],[95.9602,24.0716],[95.9587,24.0812],[95.9668,24.0968],[95.9671,24.0993],[95.9653,24.1035],[95.9608,24.1042],[95.9592,24.1021],[95.9546,24.1054],[95.9554,24.111],[95.9505,24.1207],[95.9537,24.1247],[95.954,24.1291],[95.9489,24.1342],[95.9502,24.1386],[95.9486,24.1416],[95.9489,24.1439],[95.9529,24.1499],[95.9539,24.1499],[95.9548,24.1528],[95.9495,24.1587],[95.9431,24.1592],[95.9426,24.1531],[95.9378,24.1439],[95.9323,24.1439],[95.9317,24.1507],[95.9283,24.1525],[95.9258,24.1552],[95.9253,24.1575],[95.9165,24.1592],[95.915,24.1624],[95.9115,24.1628],[95.9107,24.1606],[95.9072,24.1606],[95.9,24.1561],[95.8956,24.1561],[95.8907,24.158],[95.8629,24.1625],[95.8618,24.1649],[95.8554,24.1698],[95.8519,24.1687],[95.8502,24.1731],[95.8507,24.1756],[95.8561,24.179],[95.8627,24.1802],[95.8627,24.1816],[95.8597,24.1838],[95.8548,24.1852],[95.8381,24.1833],[95.8366,24.1842],[95.8351,24.1873],[95.8341,24.1936],[95.8326,24.1964],[95.8282,24.1968],[95.8262,24.2014],[95.8235,24.2005],[95.8235,24.197],[95.821,24.195],[95.8161,24.1873],[95.8189,24.1792],[95.8163,24.1783],[95.8089,24.1797],[95.7933,24.179],[95.7928,24.1804],[95.7826,24.1822],[95.7786,24.1789],[95.7733,24.1786],[95.7694,24.1796],[95.7642,24.1831],[95.7612,24.1922],[95.7509,24.1937],[95.7504,24.1946],[95.744,24.1964],[95.744,24.1973],[95.7406,24.1986],[95.7388,24.2001],[95.7415,24.2059],[95.7377,24.212],[95.7384,24.2161],[95.7493,24.2208],[95.7547,24.2285],[95.7583,24.2299],[95.7588,24.2322],[95.7675,24.2384],[95.7697,24.242],[95.7719,24.2555],[95.7712,24.2579],[95.7613,24.2642],[95.7569,24.27],[95.749,24.275],[95.7435,24.2817],[95.741,24.2894],[95.738,24.2925],[95.7375,24.2948],[95.7311,24.3006],[95.7281,24.301],[95.7281,24.3019],[95.7237,24.3033],[95.7237,24.3042],[95.7207,24.3055],[95.7187,24.3091],[95.7197,24.3127],[95.7187,24.3163],[95.7157,24.3195],[95.7142,24.3263],[95.7112,24.3298],[95.7097,24.3348],[95.7062,24.3366],[95.7038,24.3404],[95.7021,24.3364],[95.6967,24.3304],[95.6925,24.331],[95.691,24.3297],[95.6801,24.3301],[95.6754,24.3281],[95.6708,24.3174],[95.6599,24.3035],[95.6313,24.2884],[95.6256,24.2879],[95.6235,24.2882],[95.6223,24.2897],[95.6164,24.2903],[95.6105,24.2864],[95.5969,24.2816],[95.5923,24.2854],[95.5879,24.2849],[95.5849,24.2862],[95.5725,24.2948],[95.5583,24.2897],[95.5548,24.2906],[95.5455,24.2905],[95.5399,24.2885],[95.54,24.2862],[95.5352,24.2864],[95.5347,24.2769],[95.5248,24.2781],[95.5206,24.2761],[95.5147,24.2707],[95.5092,24.2686],[95.5055,24.2691],[95.503,24.2767],[95.4942,24.2832],[95.4879,24.2829],[95.4874,24.2843],[95.4835,24.2838],[95.4848,24.2879],[95.4888,24.2906],[95.4923,24.2908],[95.4984,24.2999],[95.4973,24.3052],[95.5013,24.305],[95.5044,24.3061],[95.5109,24.3088],[95.5149,24.3123],[95.5153,24.317],[95.5182,24.3217],[95.5259,24.3289],[95.5264,24.3315],[95.5274,24.3319],[95.5264,24.3396],[95.5239,24.3405],[95.5234,24.3427],[95.5258,24.3459],[95.5288,24.3477],[95.5376,24.3505],[95.5394,24.3526],[95.5302,24.3557],[95.52,24.3644],[95.52,24.3665],[95.5173,24.3695],[95.5138,24.3679],[95.5041,24.3517],[95.4989,24.349],[95.4919,24.3403],[95.49,24.3399],[95.486,24.3435],[95.4786,24.3472],[95.4742,24.3446],[95.4708,24.3388],[95.4677,24.3388],[95.4663,24.3374],[95.4656,24.3344],[95.4633,24.3343],[95.4619,24.3306],[95.4585,24.3306],[95.4506,24.3266],[95.4399,24.3152],[95.4302,24.3101],[95.4276,24.3073],[95.4188,24.3032],[95.4183,24.3041],[95.4158,24.3046],[95.4137,24.2948],[95.4117,24.2914],[95.4044,24.289],[95.4024,24.2854],[95.3948,24.2832],[95.3928,24.2836],[95.388,24.2782],[95.3906,24.2832],[95.3893,24.2843],[95.3855,24.2827],[95.384,24.2831],[95.3835,24.2799],[95.3815,24.2799],[95.3797,24.2852],[95.3779,24.2821],[95.3737,24.2803],[95.3742,24.2785],[95.3725,24.2757],[95.3699,24.2781],[95.3664,24.2759],[95.365,24.279],[95.3623,24.2816],[95.3599,24.2802],[95.3559,24.2797],[95.3557,24.2812],[95.3523,24.2792],[95.3488,24.2865],[95.3499,24.2912],[95.3457,24.2921],[95.3435,24.2946],[95.3449,24.2982],[95.341,24.2968],[95.3377,24.2994],[95.3365,24.3098],[95.3355,24.3107],[95.3294,24.3099],[95.327,24.3137],[95.3266,24.317],[95.3241,24.3195],[95.319,24.3195],[95.3181,24.3252],[95.3187,24.3263],[95.311,24.3286],[95.3101,24.3359],[95.3121,24.3388],[95.3077,24.3512],[95.3008,24.3546],[95.2901,24.353],[95.2888,24.3559],[95.2881,24.369],[95.2861,24.3695],[95.2848,24.3712],[95.3001,24.3763],[95.3057,24.3855],[95.3111,24.3891],[95.3102,24.3941],[95.3108,24.3979],[95.3327,24.4005],[95.3421,24.3988],[95.3455,24.3997],[95.3552,24.4122],[95.3606,24.4157],[95.3603,24.4287],[95.3646,24.4347],[95.3704,24.4395],[95.371,24.444],[95.3803,24.4534],[95.3821,24.4592],[95.3879,24.4664],[95.3903,24.4734],[95.4281,24.5275],[95.436,24.5333],[95.4405,24.5331],[95.4415,24.5349],[95.439,24.5384],[95.442,24.5454],[95.4544,24.5526],[95.4559,24.5584],[95.4593,24.5614],[95.4605,24.5647],[95.465,24.5644],[95.4708,24.5674],[95.4774,24.569],[95.4837,24.5583],[95.4907,24.5533],[95.4951,24.5511],[95.4986,24.5507],[95.4986,24.5498],[95.5023,24.5498],[95.5071,24.5559],[95.5131,24.5611],[95.5146,24.5683],[95.5219,24.5783],[95.5243,24.5871],[95.5264,24.591],[95.5367,24.5956],[95.5461,24.6149],[95.5482,24.6331],[95.557,24.6506],[95.5585,24.6591],[95.5615,24.6651],[95.563,24.6781],[95.566,24.6848],[95.5911,24.7172],[95.5927,24.7223],[95.5987,24.735],[95.6011,24.7432],[95.6014,24.7547],[95.6032,24.7634],[95.6066,24.7707],[95.6047,24.7852],[95.6093,24.7891],[95.6171,24.7991],[95.6199,24.8055],[95.635,24.8309],[95.638,24.8396],[95.6471,24.8557],[95.6586,24.8696],[95.664,24.8747],[95.6719,24.8941],[95.6749,24.8989],[95.6819,24.9029],[95.687,24.9104],[95.6891,24.9153],[95.6909,24.9153],[95.6966,24.9125],[95.7015,24.9195],[95.707,24.9243],[95.7239,24.9243],[95.7293,24.9226],[95.7439,24.9255],[95.7469,24.9301],[95.7738,24.9274],[95.7758,24.9287],[95.7753,24.9464],[95.7774,24.9519],[95.784,24.9554],[95.7934,24.9555],[95.8053,24.9582],[95.8062,24.96]]]}}]}