{"type":"FeatureCollection","features":[{"type":"Feature","properties":{"VILLAGE":"Aung Thar","VLG_MMR":"အောင်သာ","TS":"Ayadaw","VT":"Aung Thar","sev":"moderate"},"geometry":{"type":"Point","coordinates":[95.5325,22.3721]}},{"type":"Feature","properties":{"VILLAGE":"Baung Kya (North)","VLG_MMR":"ဘောင်းကျ (မြောက်)","TS":"Ayadaw","VT":"Baung Kya","sev":"moderate"},"geometry":{"type":"Point","coordinates":[95.5173,22.3987]}},{"type":"Feature","properties":{"VILLAGE":"Baung Kya (South)","VLG_MMR":"ဘောင်းကျ (တောင်)","TS":"Ayadaw","VT":"Baung Kya","sev":"moderate"},"geometry":{"type":"Point","coordinates":[95.5153,22.3915]}},{"type":"Feature","properties":{"VILLAGE":"Chin Pin","VLG_MMR":"ခြင်ပင်","TS":"Ayadaw","VT":"Chin Pin","sev":"moderate"},"geometry":{"type":"Point","coordinates":[95.3284,22.3974]}},{"type":"Feature","properties":{"VILLAGE":"Htein Pin Kar","VLG_MMR":"ထိန်ပင်ကား","TS":"Ayadaw","VT":"Chin Pin","sev":"moderate"},"geometry":{"type":"Point","coordinates":[95.2961,22.4095]}},{"type":"Feature","properties":{"VILLAGE":"Than Pu Yar Kyin","VLG_MMR":"သံပုရာကြင်း","TS":"Ayadaw","VT":"Chin Pin","sev":"moderate"},"geometry":{"type":"Point","coordinates":[95.3036,22.3791]}},{"type":"Feature","properties":{"VILLAGE":"Don Dit","VLG_MMR":"ဒုံဒစ်","TS":"Ayadaw","VT":"Don Dit","sev":"moderate"},"geometry":{"type":"Point","coordinates":[95.5598,22.3094]}},{"type":"Feature","properties":{"VILLAGE":"Shwe Pauk Pin","VLG_MMR":"ရွှေပေါက်ပင်","TS":"Ayadaw","VT":"Don Dit","sev":"moderate"},"geometry":{"type":"Point","coordinates":[95.5759,22.3148]}},{"type":"Feature","properties":{"VILLAGE":"Zee Pin Waing","VLG_MMR":"ဇီးပင်ဝိုင်း","TS":"Ayadaw","VT":"Don Dit","sev":"moderate"},"geometry":{"type":"Point","coordinates":[95.5237,22.302]}},{"type":"Feature","properties":{"VILLAGE":"Baw Kone","VLG_MMR":"ဘော်ကုန်း","TS":"Ayadaw","VT":"Hmaw Taw","sev":"moderate"},"geometry":{"type":"Point","coordinates":[95.3408,22.3336]}},{"type":"Feature","properties":{"VILLAGE":"Chan Thar Kone","VLG_MMR":"ချမ်းသာကုန်း","TS":"Ayadaw","VT":"Hmaw Taw","sev":"moderate"},"geometry":{"type":"Point","coordinates":[95.3335,22.3261]}},{"type":"Feature","properties":{"VILLAGE":"Hmaw Taw","VLG_MMR":"မှော်တော","TS":"Ayadaw","VT":"Hmaw Taw","sev":"moderate"},"geometry":{"type":"Point","coordinates":[95.3451,22.3272]}},{"type":"Feature","properties":{"VILLAGE":"Kan Thone Sint","VLG_MMR":"ကန်သုံးဆင့်","TS":"Ayadaw","VT":"Hmaw Taw","sev":"moderate"},"geometry":{"type":"Point","coordinates":[95.3815,22.3185]}},{"type":"Feature","properties":{"VILLAGE":"Shwe Kone","VLG_MMR":"ရွှေကုန်း","TS":"Ayadaw","VT":"Hmaw Taw","sev":"moderate"},"geometry":{"type":"Point","coordinates":[95.3407,22.3185]}},{"type":"Feature","properties":{"VILLAGE":"Ywar Thar","VLG_MMR":"ရွာသာ","TS":"Ayadaw","VT":"Hmaw Taw","sev":"moderate"},"geometry":{"type":"Point","coordinates":[95.3627,22.3261]}},{"type":"Feature","properties":{"VILLAGE":"Aing Hlyar","VLG_MMR":"အိုင်လျှား","TS":"Ayadaw","VT":"Hnget Pyaw Chan","sev":"moderate"},"geometry":{"type":"Point","coordinates":[95.337,22.4653]}},{"type":"Feature","properties":{"VILLAGE":"Hman Thar","VLG_MMR":"မှန်သာ","TS":"Ayadaw","VT":"Hnget Pyaw Chan","sev":"moderate"},"geometry":{"type":"Point","coordinates":[95.3514,22.487]}},{"type":"Feature","properties":{"VILLAGE":"Hnget Pyaw Chan","VLG_MMR":"ငှက်ပျောခြံ","TS":"Ayadaw","VT":"Hnget Pyaw Chan","sev":"moderate"},"geometry":{"type":"Point","coordinates":[95.3384,22.4832]}},{"type":"Feature","properties":{"VILLAGE":"In Pin","VLG_MMR":"အင်ပင်","TS":"Ayadaw","VT":"Hnget Pyaw Chan","sev":"moderate"},"geometry":{"type":"Point","coordinates":[95.3412,22.4747]}},{"type":"Feature","properties":{"VILLAGE":"Kan Thar","VLG_MMR":"ကန်သာ","TS":"Ayadaw","VT":"Hnget Pyaw Chan","sev":"moderate"},"geometry":{"type":"Point","coordinates":[95.3443,22.4853]}},{"type":"Feature","properties":{"VILLAGE":"Myay Ni Kone","VLG_MMR":"မြေနီကုန်း","TS":"Ayadaw","VT":"Hnget Pyaw Chan","sev":"moderate"},"geometry":{"type":"Point","coordinates":[95.3305,22.4607]}},{"type":"Feature","properties":{"VILLAGE":"Taung Kone","VLG_MMR":"တောင်ကုန်း","TS":"Ayadaw","VT":"Hnget Pyaw Chan","sev":"moderate"},"geometry":{"type":"Point","coordinates":[95.3372,22.4757]}},{"type":"Feature","properties":{"VILLAGE":"Hpoke Kone","VLG_MMR":"ဖုတ်ကုန်း","TS":"Ayadaw","VT":"Kaing","sev":"moderate"},"geometry":{"type":"Point","coordinates":[95.4634,22.4313]}},{"type":"Feature","properties":{"VILLAGE":"Kaing","VLG_MMR":"ကိုင်း","TS":"Ayadaw","VT":"Kaing","sev":"moderate"},"geometry":{"type":"Point","coordinates":[95.4441,22.4299]}},{"type":"Feature","properties":{"VILLAGE":"Chan Thar","VLG_MMR":"ချမ်းသာ","TS":"Ayadaw","VT":"Kan Hpyu","sev":"moderate"},"geometry":{"type":"Point","coordinates":[95.4088,22.26]}},{"type":"Feature","properties":{"VILLAGE":"Kan Hpyu (East)","VLG_MMR":"ကမ်းဖြူ (အရှေ့)","TS":"Ayadaw","VT":"Kan Hpyu","sev":"moderate"},"geometry":{"type":"Point","coordinates":[95.4112,22.2552]}},{"type":"Feature","properties":{"VILLAGE":"Kan Hpyu Ywar Ma","VLG_MMR":"ကမ်းဖြူရွာမ","TS":"Ayadaw","VT":"Kan Hpyu","sev":"moderate"},"geometry":{"type":"Point","coordinates":[95.3991,22.2609]}},{"type":"Feature","properties":{"VILLAGE":"Kan Paw","VLG_MMR":"ကံပေါ်","TS":"Ayadaw","VT":"Kan Hpyu","sev":"moderate"},"geometry":{"type":"Point","coordinates":[95.4117,22.2717]}},{"type":"Feature","properties":{"VILLAGE":"Kha Myint","VLG_MMR":"ခမြင့်","TS":"Ayadaw","VT":"Kan Hpyu","sev":"moderate"},"geometry":{"type":"Point","coordinates":[95.4149,22.2734]}},{"type":"Feature","properties":{"VILLAGE":"Kyauk Pon Thar","VLG_MMR":"ကျောက်ပုံသာ","TS":"Ayadaw","VT":"Kan Hpyu","sev":"moderate"},"geometry":{"type":"Point","coordinates":[95.4021,22.28]}},{"type":"Feature","properties":{"VILLAGE":"Ma Naw Ya Ma","VLG_MMR":"မနောယမ","TS":"Ayadaw","VT":"Kan Hpyu","sev":"moderate"},"geometry":{"type":"Point","coordinates":[95.3889,22.2742]}},{"type":"Feature","properties":{"VILLAGE":"Pe Wet","VLG_MMR":"ပဲဝက်","TS":"Ayadaw","VT":"Kan Hpyu","sev":"moderate"},"geometry":{"type":"Point","coordinates":[95.3911,22.3012]}},{"type":"Feature","properties":{"VILLAGE":"Sein Thar","VLG_MMR":"စိန်သာ","TS":"Ayadaw","VT":"Kan Hpyu","sev":"moderate"},"geometry":{"type":"Point","coordinates":[95.4017,22.3047]}},{"type":"Feature","properties":{"VILLAGE":"Tone Tin Kan","VLG_MMR":"တုံးတင်ကန်","TS":"Ayadaw","VT":"Kan Hpyu","sev":"moderate"},"geometry":{"type":"Point","coordinates":[95.367,22.2353]}},{"type":"Feature","properties":{"VILLAGE":"Chaung Net","VLG_MMR":"ချောင်းနက်","TS":"Ayadaw","VT":"Kan Thar","sev":"moderate"},"geometry":{"type":"Point","coordinates":[95.4783,22.3092]}},{"type":"Feature","properties":{"VILLAGE":"Kan Thar","VLG_MMR":"ကန်သာ","TS":"Ayadaw","VT":"Kan Thar","sev":"moderate"},"geometry":{"type":"Point","coordinates":[95.4907,22.3111]}},{"type":"Feature","properties":{"VILLAGE":"Na Be Hla","VLG_MMR":"နဘဲလှ","TS":"Ayadaw","VT":"Kan Thar","sev":"moderate"},"geometry":{"type":"Point","coordinates":[95.4978,22.2952]}},{"type":"Feature","properties":{"VILLAGE":"Taw Hla","VLG_MMR":"တော်လှ","TS":"Ayadaw","VT":"Kan Thar","sev":"moderate"},"geometry":{"type":"Point","coordinates":[95.4836,22.2904]}},{"type":"Feature","properties":{"VILLAGE":"Aung Si","VLG_MMR":"အောင်စီ","TS":"Ayadaw","VT":"Khin Thar","sev":"moderate"},"geometry":{"type":"Point","coordinates":[95.5328,22.4349]}},{"type":"Feature","properties":{"VILLAGE":"Khin Thar","VLG_MMR":"ခင်သာ","TS":"Ayadaw","VT":"Khin Thar","sev":"moderate"},"geometry":{"type":"Point","coordinates":[95.501,22.4094]}},{"type":"Feature","properties":{"VILLAGE":"Shauk Khar","VLG_MMR":"ရှောက်ခါး","TS":"Ayadaw","VT":"Khin Thar","sev":"moderate"},"geometry":{"type":"Point","coordinates":[95.4983,22.4278]}},{"type":"Feature","properties":{"VILLAGE":"Kyauk Pyauk","VLG_MMR":"ကျောက်ပျောက်","TS":"Ayadaw","VT":"Kyauk Pyauk","sev":"moderate"},"geometry":{"type":"Point","coordinates":[95.4445,22.2383]}},{"type":"Feature","properties":{"VILLAGE":"Kyauk Pyauk (Myauk Kone)","VLG_MMR":"ကျောက်ပျောက် (မြောက်ကုန်း)","TS":"Ayadaw","VT":"Kyauk Pyauk","sev":"moderate"},"geometry":{"type":"Point","coordinates":[95.4507,22.2501]}},{"type":"Feature","properties":{"VILLAGE":"Kyun Taw","VLG_MMR":"ကျွန်းတော","TS":"Ayadaw","VT":"Kyun Taw","sev":"moderate"},"geometry":{"type":"Point","coordinates":[95.4668,22.4115]}},{"type":"Feature","properties":{"VILLAGE":"Kyun Chaung","VLG_MMR":"ကျွန်းချောင်း","TS":"Ayadaw","VT":"Lein Hla","sev":"moderate"},"geometry":{"type":"Point","coordinates":[95.4057,22.4417]}},{"type":"Feature","properties":{"VILLAGE":"Lein Hla (East)","VLG_MMR":"လိန်လှ (အရှေ့)","TS":"Ayadaw","VT":"Lein Hla","sev":"moderate"},"geometry":{"type":"Point","coordinates":[95.4157,22.466]}},{"type":"Feature","properties":{"VILLAGE":"Lein Hla (North)","VLG_MMR":"လိန်လှ (မြောက်)","TS":"Ayadaw","VT":"Lein Hla","sev":"moderate"},"geometry":{"type":"Point","coordinates":[95.4116,22.4682]}},{"type":"Feature","properties":{"VILLAGE":"Lein Hla (West)","VLG_MMR":"လိန်လှ (အနောက်)","TS":"Ayadaw","VT":"Lein Hla","sev":"moderate"},"geometry":{"type":"Point","coordinates":[95.4103,22.4644]}},{"type":"Feature","properties":{"VILLAGE":"Oke Kan","VLG_MMR":"ဥက္ကံ","TS":"Ayadaw","VT":"Lein Hla","sev":"moderate"},"geometry":{"type":"Point","coordinates":[95.4089,22.4283]}},{"type":"Feature","properties":{"VILLAGE":"Se Gyi","VLG_MMR":"ဆည်ကြီး","TS":"Ayadaw","VT":"Lein Hla","sev":"moderate"},"geometry":{"type":"Point","coordinates":[95.4,22.4145]}},{"type":"Feature","properties":{"VILLAGE":"Kone Thar","VLG_MMR":"ကုန်းသာ","TS":"Ayadaw","VT":"Ma Gyi Kan","sev":"moderate"},"geometry":{"type":"Point","coordinates":[95.408,22.3704]}},{"type":"Feature","properties":{"VILLAGE":"Kyar Pin Hla","VLG_MMR":"ကြာပင်လှ","TS":"Ayadaw","VT":"Ma Gyi Kan","sev":"moderate"},"geometry":{"type":"Point","coordinates":[95.4378,22.3906]}},{"type":"Feature","properties":{"VILLAGE":"Ma Gyi Kan","VLG_MMR":"မကျီးကန်","TS":"Ayadaw","VT":"Ma Gyi Kan","sev":"moderate"},"geometry":{"type":"Point","coordinates":[95.4484,22.3643]}},{"type":"Feature","properties":{"VILLAGE":"Par Ra Mi","VLG_MMR":"ပါရမီ","TS":"Ayadaw","VT":"Ma Gyi Kan","sev":"moderate"},"geometry":{"type":"Point","coordinates":[95.4173,22.4047]}},{"type":"Feature","properties":{"VILLAGE":"Wet Pyit","VLG_MMR":"ဝက်ပြစ်","TS":"Ayadaw","VT":"Ma Gyi Kan","sev":"moderate"},"geometry":{"type":"Point","coordinates":[95.3978,22.3571]}},{"type":"Feature","properties":{"VILLAGE":"Ma Gyi Sauk","VLG_MMR":"မကျီးစောက်","TS":"Ayadaw","VT":"Ma Gyi Sauk","sev":"moderate"},"geometry":{"type":"Point","coordinates":[95.5774,22.2684]}},{"type":"Feature","properties":{"VILLAGE":"Ngar Ya Hoe","VLG_MMR":"ငါးရဟိုး","TS":"Ayadaw","VT":"Ma Gyi Sauk","sev":"moderate"},"geometry":{"type":"Point","coordinates":[95.5813,22.2498]}},{"type":"Feature","properties":{"VILLAGE":"Gway Yin","VLG_MMR":"​ဂွေးရင်း","TS":"Ayadaw","VT":"Ma Le Thar","sev":"moderate"},"geometry":{"type":"Point","coordinates":[95.4448,22.111]}},{"type":"Feature","properties":{"VILLAGE":"Kan Yin","VLG_MMR":"ကန်ရင်း","TS":"Ayadaw","VT":"Ma Le Thar","sev":"moderate"},"geometry":{"type":"Point","coordinates":[95.4551,22.1119]}},{"type":"Feature","properties":{"VILLAGE":"Ma Le Thar","VLG_MMR":"မလဲသာ","TS":"Ayadaw","VT":"Ma Le Thar","sev":"moderate"},"geometry":{"type":"Point","coordinates":[95.4557,22.115]}},{"type":"Feature","properties":{"VILLAGE":"Nyaung Pin","VLG_MMR":"ညောင်ပင်","TS":"Ayadaw","VT":"Ma Le Thar","sev":"moderate"},"geometry":{"type":"Point","coordinates":[95.465,22.1114]}},{"type":"Feature","properties":{"VILLAGE":"Min","VLG_MMR":"မင်း","TS":"Ayadaw","VT":"Min","sev":"moderate"},"geometry":{"type":"Point","coordinates":[95.5237,22.1644]}},{"type":"Feature","properties":{"VILLAGE":"Myay Net","VLG_MMR":"မြေနက်","TS":"Ayadaw","VT":"Myay Net","sev":"moderate"},"geometry":{"type":"Point","coordinates":[95.5332,22.2693]}},{"type":"Feature","properties":{"VILLAGE":"Yin Ma Kan","VLG_MMR":"ယင်းမကန်","TS":"Ayadaw","VT":"Myay Net","sev":"moderate"},"geometry":{"type":"Point","coordinates":[95.4989,22.2489]}},{"type":"Feature","properties":{"VILLAGE":"Bon Let Khat","VLG_MMR":"ဘုံလက်ခတ်","TS":"Ayadaw","VT":"Naung Gyi Aing","sev":"moderate"},"geometry":{"type":"Point","coordinates":[95.3803,22.4195]}},{"type":"Feature","properties":{"VILLAGE":"Chaung Son","VLG_MMR":"ချောင်းဆုံ","TS":"Ayadaw","VT":"Naung Gyi Aing","sev":"moderate"},"geometry":{"type":"Point","coordinates":[95.3704,22.4122]}},{"type":"Feature","properties":{"VILLAGE":"Htone Bo","VLG_MMR":"ထုံးဘို","TS":"Ayadaw","VT":"Naung Gyi Aing","sev":"moderate"},"geometry":{"type":"Point","coordinates":[95.3801,22.4233]}},{"type":"Feature","properties":{"VILLAGE":"Naung Gyi Aing","VLG_MMR":"နောင်ကြီးအိုင်","TS":"Ayadaw","VT":"Naung Gyi Aing","sev":"moderate"},"geometry":{"type":"Point","coordinates":[95.3684,22.4212]}},{"type":"Feature","properties":{"VILLAGE":"Hin Thar","VLG_MMR":"ဟင်္သာ","TS":"Ayadaw","VT":"Nay Yar Khin","sev":"moderate"},"geometry":{"type":"Point","coordinates":[95.444,22.4716]}},{"type":"Feature","properties":{"VILLAGE":"Nay Yar Khin","VLG_MMR":"နေရာခင်း","TS":"Ayadaw","VT":"Nay Yar Khin","sev":"moderate"},"geometry":{"type":"Point","coordinates":[95.4401,22.4416]}},{"type":"Feature","properties":{"VILLAGE":"Ywar Thit","VLG_MMR":"ရွာသစ်","TS":"Ayadaw","VT":"Nay Yar Khin","sev":"moderate"},"geometry":{"type":"Point","coordinates":[95.4449,22.4373]}},{"type":"Feature","properties":{"VILLAGE":"Ngwe Twin","VLG_MMR":"ငွေတွင်း","TS":"Ayadaw","VT":"Ngwe Twin","sev":"moderate"},"geometry":{"type":"Point","coordinates":[95.5273,22.2429]}},{"type":"Feature","properties":{"VILLAGE":"Ke Bar","VLG_MMR":"ကဲဘာ","TS":"Ayadaw","VT":"Nyaung Chay Htauk","sev":"moderate"},"geometry":{"type":"Point","coordinates":[95.591,22.1766]}},{"type":"Feature","properties":{"VILLAGE":"Nyaung Chay Htauk","VLG_MMR":"ညောင်ခြေထောက်","TS":"Ayadaw","VT":"Nyaung Chay Htauk","sev":"moderate"},"geometry":{"type":"Point","coordinates":[95.5728,22.1518]}},{"type":"Feature","properties":{"VILLAGE":"Ya Thar","VLG_MMR":"ရသာ","TS":"Ayadaw","VT":"Nyaung Chay Htauk","sev":"moderate"},"geometry":{"type":"Point","coordinates":[95.5808,22.1312]}},{"type":"Feature","properties":{"VILLAGE":"Kaung Thit","VLG_MMR":"ကောင်းသစ်","TS":"Ayadaw","VT":"Oke Shin Gyi","sev":"moderate"},"geometry":{"type":"Point","coordinates":[95.4994,22.4703]}},{"type":"Feature","properties":{"VILLAGE":"Oke Shin Gyi","VLG_MMR":"အုပ်ရှင်းကြီး","TS":"Ayadaw","VT":"Oke Shin Gyi","sev":"moderate"},"geometry":{"type":"Point","coordinates":[95.4705,22.4575]}},{"type":"Feature","properties":{"VILLAGE":"Htan Taw Kone","VLG_MMR":"ထန်းတောကုန်း","TS":"Ayadaw","VT":"Oke Shit Gyi","sev":"moderate"},"geometry":{"type":"Point","coordinates":[95.3643,22.4714]}},{"type":"Feature","properties":{"VILLAGE":"Oe Bo Kone","VLG_MMR":"အိုးဘိုကုန်း","TS":"Ayadaw","VT":"Oke Shit Gyi","sev":"moderate"},"geometry":{"type":"Point","coordinates":[95.3726,22.4711]}},{"type":"Feature","properties":{"VILLAGE":"Oke Shit Gyi","VLG_MMR":"အုပ်ရှစ်ကြီး","TS":"Ayadaw","VT":"Oke Shit Gyi","sev":"moderate"},"geometry":{"type":"Point","coordinates":[95.3947,22.4845]}},{"type":"Feature","properties":{"VILLAGE":"Oke Shit Kone","VLG_MMR":"အုပ်ရှစ်ကုန်း","TS":"Ayadaw","VT":"Oke Shit Gyi","sev":"moderate"},"geometry":{"type":"Point","coordinates":[95.3667,22.4754]}},{"type":"Feature","properties":{"VILLAGE":"Set Te","VLG_MMR":"စက်တဲ","TS":"Ayadaw","VT":"Oke Shit Gyi","sev":"moderate"},"geometry":{"type":"Point","coordinates":[95.3893,22.4891]}},{"type":"Feature","properties":{"VILLAGE":"Thit Cho","VLG_MMR":"သစ်ချို","TS":"Ayadaw","VT":"Oke Shit Gyi","sev":"moderate"},"geometry":{"type":"Point","coordinates":[95.3986,22.4747]}},{"type":"Feature","properties":{"VILLAGE":"Ywar Kyat","VLG_MMR":"ရွာကြပ်","TS":"Ayadaw","VT":"Oke Shit Gyi","sev":"moderate"},"geometry":{"type":"Point","coordinates":[95.3763,22.4754]}},{"type":"Feature","properties":{"VILLAGE":"Aung Thar Kone","VLG_MMR":"အောင်သာကုန်း","TS":"Ayadaw","VT":"Pyaw Pon","sev":"moderate"},"geometry":{"type":"Point","coordinates":[95.3244,22.1637]}},{"type":"Feature","properties":{"VILLAGE":"Kyauk Sa Yit Kan","VLG_MMR":"ကျောက်စရစ်ကံ","TS":"Ayadaw","VT":"Pyaw Pon","sev":"moderate"},"geometry":{"type":"Point","coordinates":[95.3673,22.1672]}},{"type":"Feature","properties":{"VILLAGE":"Pyaw Pon","VLG_MMR":"ပျော်ပုံ","TS":"Ayadaw","VT":"Pyaw Pon","sev":"moderate"},"geometry":{"type":"Point","coordinates":[95.3408,22.159]}},{"type":"Feature","properties":{"VILLAGE":"Te Su","VLG_MMR":"တဲစု","TS":"Ayadaw","VT":"Pyaw Pon","sev":"moderate"},"geometry":{"type":"Point","coordinates":[95.2979,22.2047]}},{"type":"Feature","properties":{"VILLAGE":"Tha Pyay Nyunt","VLG_MMR":"သပြေညွန့်","TS":"Ayadaw","VT":"Pyaw Pon","sev":"moderate"},"geometry":{"type":"Point","coordinates":[95.3508,22.1308]}},{"type":"Feature","properties":{"VILLAGE":"Nyein Zan","VLG_MMR":"ငြိမ်းဇံ","TS":"Ayadaw","VT":"Shar Kone","sev":"moderate"},"geometry":{"type":"Point","coordinates":[95.4865,22.3649]}},{"type":"Feature","properties":{"VILLAGE":"Shar Kone","VLG_MMR":"ရှားကုန်း","TS":"Ayadaw","VT":"Shar Kone","sev":"moderate"},"geometry":{"type":"Point","coordinates":[95.4763,22.3966]}},{"type":"Feature","properties":{"VILLAGE":"Sin Ta Lel","VLG_MMR":"ဆင်တလည်","TS":"Ayadaw","VT":"Sin Ta Lel","sev":"moderate"},"geometry":{"type":"Point","coordinates":[95.6345,22.1779]}},{"type":"Feature","properties":{"VILLAGE":"Taung Hmwar","VLG_MMR":"တောင်မွှာ","TS":"Ayadaw","VT":"Taung Hmwar","sev":"moderate"},"geometry":{"type":"Point","coordinates":[95.5149,22.3451]}},{"type":"Feature","properties":{"VILLAGE":"Htan Gyi","VLG_MMR":"ထန်းကြီး","TS":"Ayadaw","VT":"Tha Khut Pin Lel","sev":"moderate"},"geometry":{"type":"Point","coordinates":[95.4667,22.1991]}},{"type":"Feature","properties":{"VILLAGE":"Nwar Ma Thin (East)","VLG_MMR":"နွားမသင်း (အရှေ့)","TS":"Ayadaw","VT":"Tha Khut Pin Lel","sev":"moderate"},"geometry":{"type":"Point","coordinates":[95.5008,22.2145]}},{"type":"Feature","properties":{"VILLAGE":"Nwar Ma Thin (West)","VLG_MMR":"နွားမသင်း (အနောက်)","TS":"Ayadaw","VT":"Tha Khut Pin Lel","sev":"moderate"},"geometry":{"type":"Point","coordinates":[95.4879,22.2169]}},{"type":"Feature","properties":{"VILLAGE":"Tha Khut Pin Lel","VLG_MMR":"သခွပ်ပင်လယ်","TS":"Ayadaw","VT":"Tha Khut Pin Lel","sev":"moderate"},"geometry":{"type":"Point","coordinates":[95.4895,22.2009]}},{"type":"Feature","properties":{"VILLAGE":"Sa Par Twin","VLG_MMR":"စပါးတွင်း","TS":"Ayadaw","VT":"Tha Le Bar","sev":"moderate"},"geometry":{"type":"Point","coordinates":[95.5946,22.2202]}},{"type":"Feature","properties":{"VILLAGE":"Seik Hpu Gyi","VLG_MMR":"ဆိပ်ဖူးကြီး","TS":"Ayadaw","VT":"Tha Le Bar","sev":"moderate"},"geometry":{"type":"Point","coordinates":[95.5857,22.2258]}},{"type":"Feature","properties":{"VILLAGE":"Tha Le Bar","VLG_MMR":"သလဲဘာ","TS":"Ayadaw","VT":"Tha Le Bar","sev":"moderate"},"geometry":{"type":"Point","coordinates":[95.6108,22.2103]}},{"type":"Feature","properties":{"VILLAGE":"Kyar Pin Hla","VLG_MMR":"ကြာပင်လှ","TS":"Ayadaw","VT":"Thit Kyin Gyi","sev":"moderate"},"geometry":{"type":"Point","coordinates":[95.2831,22.2619]}},{"type":"Feature","properties":{"VILLAGE":"Nyaung Du","VLG_MMR":"ညောင်ဒူး","TS":"Ayadaw","VT":"Thit Kyin Gyi","sev":"moderate"},"geometry":{"type":"Point","coordinates":[95.3248,22.2605]}},{"type":"Feature","properties":{"VILLAGE":"Ohn Pin Thar","VLG_MMR":"အုံးပင်သာ","TS":"Ayadaw","VT":"Thit Kyin Gyi","sev":"moderate"},"geometry":{"type":"Point","coordinates":[95.2901,22.247]}},{"type":"Feature","properties":{"VILLAGE":"Thit Kyin Gyi","VLG_MMR":"သစ်ကျင်းကြီး","TS":"Ayadaw","VT":"Thit Kyin Gyi","sev":"moderate"},"geometry":{"type":"Point","coordinates":[95.3107,22.2762]}},{"type":"Feature","properties":{"VILLAGE":"Chan Thar","VLG_MMR":"ချမ်းသာ","TS":"Ayadaw","VT":"War Tan","sev":"moderate"},"geometry":{"type":"Point","coordinates":[95.3325,22.2361]}},{"type":"Feature","properties":{"VILLAGE":"Hpar Aung Taw","VLG_MMR":"ဖါးအောင်းတော","TS":"Ayadaw","VT":"War Tan","sev":"moderate"},"geometry":{"type":"Point","coordinates":[95.3366,22.2306]}},{"type":"Feature","properties":{"VILLAGE":"Kan Swei","VLG_MMR":"ကန်ဆွယ်","TS":"Ayadaw","VT":"War Tan","sev":"moderate"},"geometry":{"type":"Point","coordinates":[95.3226,22.2362]}},{"type":"Feature","properties":{"VILLAGE":"Kyun Hpo Pin","VLG_MMR":"ကျွန်းဖိုပင်","TS":"Ayadaw","VT":"War Tan","sev":"moderate"},"geometry":{"type":"Point","coordinates":[95.3416,22.2158]}},{"type":"Feature","properties":{"VILLAGE":"Moe Kaung","VLG_MMR":"မိုးကောင်း","TS":"Ayadaw","VT":"War Tan","sev":"moderate"},"geometry":{"type":"Point","coordinates":[95.3076,22.2294]}},{"type":"Feature","properties":{"VILLAGE":"Se Gyi Taw","VLG_MMR":"ဆည်ကြီးတော","TS":"Ayadaw","VT":"War Tan","sev":"moderate"},"geometry":{"type":"Point","coordinates":[95.3285,22.1868]}},{"type":"Feature","properties":{"VILLAGE":"Si Pin Thar","VLG_MMR":"စီပင်သာ","TS":"Ayadaw","VT":"War Tan","sev":"moderate"},"geometry":{"type":"Point","coordinates":[95.3403,22.2198]}},{"type":"Feature","properties":{"VILLAGE":"Su Lay Kone","VLG_MMR":"ဆူးလေးကုန်း","TS":"Ayadaw","VT":"War Tan","sev":"moderate"},"geometry":{"type":"Point","coordinates":[95.3191,22.2032]}},{"type":"Feature","properties":{"VILLAGE":"Taung Yeik Thar","VLG_MMR":"တောင်ရိပ်သာ","TS":"Ayadaw","VT":"War Tan","sev":"moderate"},"geometry":{"type":"Point","coordinates":[95.3113,22.2164]}},{"type":"Feature","properties":{"VILLAGE":"Taung Yoe","VLG_MMR":"တောင်ရိုး","TS":"Ayadaw","VT":"War Tan","sev":"moderate"},"geometry":{"type":"Point","coordinates":[95.3026,22.2305]}},{"type":"Feature","properties":{"VILLAGE":"Thar Mone Kone","VLG_MMR":"သားမုန်းကုန်း","TS":"Ayadaw","VT":"War Tan","sev":"moderate"},"geometry":{"type":"Point","coordinates":[95.2808,22.2122]}},{"type":"Feature","properties":{"VILLAGE":"War Pyit Ma (North)","VLG_MMR":"ဝါးပြစ်မ (မြောက်)","TS":"Ayadaw","VT":"War Tan","sev":"moderate"},"geometry":{"type":"Point","coordinates":[95.3178,22.2227]}},{"type":"Feature","properties":{"VILLAGE":"War Pyit Ma (South)","VLG_MMR":"ဝါးပြစ်မ (တောင်)","TS":"Ayadaw","VT":"War Tan","sev":"moderate"},"geometry":{"type":"Point","coordinates":[95.317,22.2198]}},{"type":"Feature","properties":{"VILLAGE":"War Tan","VLG_MMR":"ဝါးတန်း","TS":"Ayadaw","VT":"War Tan","sev":"moderate"},"geometry":{"type":"Point","coordinates":[95.3209,22.1978]}},{"type":"Feature","properties":{"VILLAGE":"Ywar Shey","VLG_MMR":"ရွာရှည်","TS":"Ayadaw","VT":"War Tan","sev":"moderate"},"geometry":{"type":"Point","coordinates":[95.3309,22.2055]}},{"type":"Feature","properties":{"VILLAGE":"Aung Chan Thar","VLG_MMR":"အောင်ချမ်းသာ","TS":"Ayadaw","VT":"War Taw Ma","sev":"moderate"},"geometry":{"type":"Point","coordinates":[95.377,22.3468]}},{"type":"Feature","properties":{"VILLAGE":"Kan Thar","VLG_MMR":"ကန်သာ","TS":"Ayadaw","VT":"War Taw Ma","sev":"moderate"},"geometry":{"type":"Point","coordinates":[95.3744,22.3379]}},{"type":"Feature","properties":{"VILLAGE":"Ma Gyi Su","VLG_MMR":"မကျီးစု","TS":"Ayadaw","VT":"War Taw Ma","sev":"moderate"},"geometry":{"type":"Point","coordinates":[95.3536,22.3446]}},{"type":"Feature","properties":{"VILLAGE":"Oke Shit Kone","VLG_MMR":"အုပ်ရှစ်ကုန်း","TS":"Ayadaw","VT":"War Taw Ma","sev":"moderate"},"geometry":{"type":"Point","coordinates":[95.3779,22.3668]}},{"type":"Feature","properties":{"VILLAGE":"Ta Mar Pin Kone","VLG_MMR":"တမာပင်ကုန်း","TS":"Ayadaw","VT":"War Taw Ma","sev":"moderate"},"geometry":{"type":"Point","coordinates":[95.3535,22.3554]}},{"type":"Feature","properties":{"VILLAGE":"War Taw Ma","VLG_MMR":"ဝါးတောမ","TS":"Ayadaw","VT":"War Taw Ma","sev":"moderate"},"geometry":{"type":"Point","coordinates":[95.3666,22.3459]}},{"type":"Feature","properties":{"VILLAGE":"Yae Yin Thar","VLG_MMR":"ရေယဉ်သာ","TS":"Ayadaw","VT":"War Taw Ma","sev":"moderate"},"geometry":{"type":"Point","coordinates":[95.3579,22.3424]}},{"type":"Feature","properties":{"VILLAGE":"Ywa Si Kone","VLG_MMR":"ရွာစီကုန်း","TS":"Ayadaw","VT":"War Taw Ma","sev":"moderate"},"geometry":{"type":"Point","coordinates":[95.3636,22.3539]}},{"type":"Feature","properties":{"VILLAGE":"Hle Chaung Ku","VLG_MMR":"လှည်းချောင်းကူး","TS":"Ayadaw","VT":"War Yaung","sev":"moderate"},"geometry":{"type":"Point","coordinates":[95.4265,22.1635]}},{"type":"Feature","properties":{"VILLAGE":"Sit Si","VLG_MMR":"စစ်စီ","TS":"Ayadaw","VT":"War Yaung","sev":"moderate"},"geometry":{"type":"Point","coordinates":[95.4146,22.1865]}},{"type":"Feature","properties":{"VILLAGE":"War Yaung","VLG_MMR":"ဝါးရောင်း","TS":"Ayadaw","VT":"War Yaung","sev":"moderate"},"geometry":{"type":"Point","coordinates":[95.4105,22.2095]}},{"type":"Feature","properties":{"VILLAGE":"Zee Pin Lel","VLG_MMR":"ဇီးပင်လယ်","TS":"Ayadaw","VT":"War Yaung","sev":"moderate"},"geometry":{"type":"Point","coordinates":[95.4428,22.2023]}},{"type":"Feature","properties":{"VILLAGE":"Kyway Bagan (North)","VLG_MMR":"ကြွေပုဂံ (မြောက်)","TS":"Ayadaw","VT":"Wet Khe","sev":"moderate"},"geometry":{"type":"Point","coordinates":[95.5509,22.3271]}},{"type":"Feature","properties":{"VILLAGE":"Kyway Bagan (South)","VLG_MMR":"ကြွေပုဂံ (တောင်)","TS":"Ayadaw","VT":"Wet Khe","sev":"moderate"},"geometry":{"type":"Point","coordinates":[95.5498,22.3232]}},{"type":"Feature","properties":{"VILLAGE":"Wet Khe","VLG_MMR":"ဝက်ခဲ","TS":"Ayadaw","VT":"Wet Khe","sev":"moderate"},"geometry":{"type":"Point","coordinates":[95.553,22.3388]}},{"type":"Feature","properties":{"VILLAGE":"Aung Chit Thar","VLG_MMR":"အောင်ချစ်သာ","TS":"Ayadaw","VT":"Ya Thit","sev":"moderate"},"geometry":{"type":"Point","coordinates":[95.2691,22.4217]}},{"type":"Feature","properties":{"VILLAGE":"Ge Thar Hmway","VLG_MMR":"ဂဲသားမွှေး","TS":"Ayadaw","VT":"Ya Thit","sev":"moderate"},"geometry":{"type":"Point","coordinates":[95.3232,22.4481]}},{"type":"Feature","properties":{"VILLAGE":"Hin Thar Ma","VLG_MMR":"ဟင်္သာမ","TS":"Ayadaw","VT":"Ya Thit","sev":"moderate"},"geometry":{"type":"Point","coordinates":[95.3241,22.4882]}},{"type":"Feature","properties":{"VILLAGE":"Taung Poet","VLG_MMR":"တောင်ပို့","TS":"Ayadaw","VT":"Ya Thit","sev":"moderate"},"geometry":{"type":"Point","coordinates":[95.3227,22.4993]}},{"type":"Feature","properties":{"VILLAGE":"Tha Pyay Thar","VLG_MMR":"သပြေသာ","TS":"Ayadaw","VT":"Ya Thit","sev":"moderate"},"geometry":{"type":"Point","coordinates":[95.2673,22.4499]}},{"type":"Feature","properties":{"VILLAGE":"Ya Thit","VLG_MMR":"ရသစ်","TS":"Ayadaw","VT":"Ya Thit","sev":"moderate"},"geometry":{"type":"Point","coordinates":[95.3178,22.4721]}},{"type":"Feature","properties":{"VILLAGE":"Aing Thar","VLG_MMR":"အိုင်သာ","TS":"Ayadaw","VT":"Yae Yo","sev":"moderate"},"geometry":{"type":"Point","coordinates":[95.3386,22.3545]}},{"type":"Feature","properties":{"VILLAGE":"Aung San","VLG_MMR":"အောင်စန်း","TS":"Ayadaw","VT":"Yae Yo","sev":"moderate"},"geometry":{"type":"Point","coordinates":[95.3406,22.3752]}},{"type":"Feature","properties":{"VILLAGE":"Aung Yeik Thar","VLG_MMR":"အောင်ရိပ်သာ","TS":"Ayadaw","VT":"Yae Yo","sev":"moderate"},"geometry":{"type":"Point","coordinates":[95.3533,22.3662]}},{"type":"Feature","properties":{"VILLAGE":"Kan Pyayt","VLG_MMR":"ကန်ပြေ့","TS":"Ayadaw","VT":"Yae Yo","sev":"moderate"},"geometry":{"type":"Point","coordinates":[95.3486,22.3892]}},{"type":"Feature","properties":{"VILLAGE":"Nyaung Pin Kan","VLG_MMR":"ညောင်ပင်ကန်","TS":"Ayadaw","VT":"Yae Yo","sev":"moderate"},"geometry":{"type":"Point","coordinates":[95.3802,22.3899]}},{"type":"Feature","properties":{"VILLAGE":"Yae Yo (East)","VLG_MMR":"ရေယို (အရှေ့)","TS":"Ayadaw","VT":"Yae Yo","sev":"moderate"},"geometry":{"type":"Point","coordinates":[95.3598,22.3747]}},{"type":"Feature","properties":{"VILLAGE":"Yae Yo (West)","VLG_MMR":"ရေယို (အနောက်)","TS":"Ayadaw","VT":"Yae Yo","sev":"moderate"},"geometry":{"type":"Point","coordinates":[95.3559,22.3748]}},{"type":"Feature","properties":{"VILLAGE":"Kywe Chan","VLG_MMR":"ကျွဲခြံ","TS":"Ayadaw","VT":"Ye Chin","sev":"moderate"},"geometry":{"type":"Point","coordinates":[95.4092,22.3328]}},{"type":"Feature","properties":{"VILLAGE":"War Tan Ka Lay","VLG_MMR":"ဝါးတန်းကလေး","TS":"Ayadaw","VT":"Ye Chin","sev":"moderate"},"geometry":{"type":"Point","coordinates":[95.4361,22.3184]}},{"type":"Feature","properties":{"VILLAGE":"Ye Chin (North)","VLG_MMR":"ရဲချင်း (မြောက်)","TS":"Ayadaw","VT":"Ye Chin","sev":"moderate"},"geometry":{"type":"Point","coordinates":[95.4521,22.3385]}},{"type":"Feature","properties":{"VILLAGE":"Ye Chin (South)","VLG_MMR":"ရဲချင်း (တောင်)","TS":"Ayadaw","VT":"Ye Chin","sev":"moderate"},"geometry":{"type":"Point","coordinates":[95.4554,22.333]}},{"type":"Feature","properties":{"VILLAGE":"Ku To Kaing","VLG_MMR":"ကူးတိုကိုင်း","TS":"Ayadaw","VT":"Za Yit","sev":"moderate"},"geometry":{"type":"Point","coordinates":[95.5913,22.2927]}},{"type":"Feature","properties":{"VILLAGE":"Za Yit","VLG_MMR":"ဇရစ်","TS":"Ayadaw","VT":"Za Yit","sev":"moderate"},"geometry":{"type":"Point","coordinates":[95.5685,22.2868]}},{"type":"Feature","properties":{"VILLAGE":"Ah Lel Kyun","VLG_MMR":"အလယ်ကျွန်း","TS":"Indaw","VT":"Ah Lel Kyun","sev":"moderate"},"geometry":{"type":"Point","coordinates":[96.0572,24.4078]}},{"type":"Feature","properties":{"VILLAGE":"Gwayt Gyi","VLG_MMR":"ဂွေ့ကြီး","TS":"Indaw","VT":"Ah Lel Kyun","sev":"moderate"},"geometry":{"type":"Point","coordinates":[96.048,24.4202]}},{"type":"Feature","properties":{"VILLAGE":"Kho Chei","VLG_MMR":"ခိုချယ်","TS":"Indaw","VT":"Ah Lel Kyun","sev":"moderate"},"geometry":{"type":"Point","coordinates":[96.046,24.4358]}},{"type":"Feature","properties":{"VILLAGE":"Ngar Pyayt Inn","VLG_MMR":"ငါးပြည့်အင်း","TS":"Indaw","VT":"Ah Lel Kyun","sev":"moderate"},"geometry":{"type":"Point","coordinates":[96.0527,24.4099]}},{"type":"Feature","properties":{"VILLAGE":"Tar Hpa La","VLG_MMR":"တာဖလ","TS":"Indaw","VT":"Ah Lel Kyun","sev":"moderate"},"geometry":{"type":"Point","coordinates":[96.059,24.4592]}},{"type":"Feature","properties":{"VILLAGE":"Thet Khar","VLG_MMR":"သက်ခါး","TS":"Indaw","VT":"Ah Lel Kyun","sev":"moderate"},"geometry":{"type":"Point","coordinates":[96.0612,24.378]}},{"type":"Feature","properties":{"VILLAGE":"Ah Lel Seik","VLG_MMR":"အလယ်ဆိပ်","TS":"Indaw","VT":"Ah Lel Seik","sev":"moderate"},"geometry":{"type":"Point","coordinates":[96.0459,24.152]}},{"type":"Feature","properties":{"VILLAGE":"Pin Tha Chay","VLG_MMR":"ပင်သချေ","TS":"Indaw","VT":"Ah Lel Seik","sev":"moderate"},"geometry":{"type":"Point","coordinates":[96.0352,24.1651]}},{"type":"Feature","properties":{"VILLAGE":"Bago","VLG_MMR":"ပဲခူး","TS":"Indaw","VT":"Bago","sev":"moderate"},"geometry":{"type":"Point","coordinates":[96.1607,24.4906]}},{"type":"Feature","properties":{"VILLAGE":"Thet Yin Tar","VLG_MMR":"သက်ရင်းတာ","TS":"Indaw","VT":"Bago","sev":"moderate"},"geometry":{"type":"Point","coordinates":[96.1591,24.478]}},{"type":"Feature","properties":{"VILLAGE":"Ywar Shey","VLG_MMR":"ရွာရှည်","TS":"Indaw","VT":"Bago","sev":"moderate"},"geometry":{"type":"Point","coordinates":[96.1603,24.4991]}},{"type":"Feature","properties":{"VILLAGE":"Gwayt Gyi","VLG_MMR":"ဂွေ့ကြီး","TS":"Indaw","VT":"Gwayt Gyi","sev":"moderate"},"geometry":{"type":"Point","coordinates":[96.1586,24.4874]}},{"type":"Feature","properties":{"VILLAGE":"Ku Seik","VLG_MMR":"ကူးဆိပ်","TS":"Indaw","VT":"Gwayt Gyi","sev":"moderate"},"geometry":{"type":"Point","coordinates":[96.1569,24.4798]}},{"type":"Feature","properties":{"VILLAGE":"Nant Yon","VLG_MMR":"နန့်ရုံ","TS":"Indaw","VT":"Gwayt Gyi","sev":"moderate"},"geometry":{"type":"Point","coordinates":[96.1572,24.4966]}},{"type":"Feature","properties":{"VILLAGE":"Gyone Gyone Kya","VLG_MMR":"ဂျုံးဂျုံးကျ","TS":"Indaw","VT":"Gyone Gyone Kya","sev":"moderate"},"geometry":{"type":"Point","coordinates":[96.0218,24.0324]}},{"type":"Feature","properties":{"VILLAGE":"Haung Tone","VLG_MMR":"ဟောင်းတုန်း","TS":"Indaw","VT":"Haung Tone","sev":"moderate"},"geometry":{"type":"Point","coordinates":[96.1744,24.5268]}},{"type":"Feature","properties":{"VILLAGE":"Sar Maw","VLG_MMR":"ဆားမော်","TS":"Indaw","VT":"Haung Tone","sev":"moderate"},"geometry":{"type":"Point","coordinates":[96.139,24.5531]}},{"type":"Feature","properties":{"VILLAGE":"Kha Yan Sat Kone","VLG_MMR":"ခရမ်းစပ်ကုန်း","TS":"Indaw","VT":"Kha Yan Sat Kone","sev":"moderate"},"geometry":{"type":"Point","coordinates":[96.0241,24.1012]}},{"type":"Feature","properties":{"VILLAGE":"Kyar Inn Kone","VLG_MMR":"ကြာအင်းကုန်း","TS":"Indaw","VT":"Kha Yan Sat Kone","sev":"moderate"},"geometry":{"type":"Point","coordinates":[96.0305,24.0961]}},{"type":"Feature","properties":{"VILLAGE":"Kyauk Oe","VLG_MMR":"ကျောက်အိုး","TS":"Indaw","VT":"Kha Yan Sat Kone","sev":"moderate"},"geometry":{"type":"Point","coordinates":[96.0113,24.0793]}},{"type":"Feature","properties":{"VILLAGE":"Moe Hlaing Kone","VLG_MMR":"မိုးလှိုင်းကုန်း","TS":"Indaw","VT":"Kha Yan Sat Kone","sev":"moderate"},"geometry":{"type":"Point","coordinates":[96.0411,24.1107]}},{"type":"Feature","properties":{"VILLAGE":"Kone Khar","VLG_MMR":"ကုန်းခါး","TS":"Indaw","VT":"Kone Khar","sev":"moderate"},"geometry":{"type":"Point","coordinates":[96.0741,24.4897]}},{"type":"Feature","properties":{"VILLAGE":"Naung Kut","VLG_MMR":"နောင်ကွပ်","TS":"Indaw","VT":"Kone Khar","sev":"moderate"},"geometry":{"type":"Point","coordinates":[96.0697,24.5073]}},{"type":"Feature","properties":{"VILLAGE":"Nyaung Kone","VLG_MMR":"ညောင်ကုန်း","TS":"Indaw","VT":"Kone Khar","sev":"moderate"},"geometry":{"type":"Point","coordinates":[96.0412,24.5063]}},{"type":"Feature","properties":{"VILLAGE":"Nyaung Pin Seik","VLG_MMR":"ညောင်ပင်ဆိပ်","TS":"Indaw","VT":"Kone Khar","sev":"moderate"},"geometry":{"type":"Point","coordinates":[96.0616,24.5401]}},{"type":"Feature","properties":{"VILLAGE":"Ku Seik","VLG_MMR":"ကူးဆိပ်","TS":"Indaw","VT":"Kyan Taw","sev":"moderate"},"geometry":{"type":"Point","coordinates":[96.1802,24.2125]}},{"type":"Feature","properties":{"VILLAGE":"Kyan Taw","VLG_MMR":"ကျန်တော","TS":"Indaw","VT":"Kyan Taw","sev":"moderate"},"geometry":{"type":"Point","coordinates":[96.1819,24.2195]}},{"type":"Feature","properties":{"VILLAGE":"Kyaw Ywar","VLG_MMR":"ကျော်ရွာ","TS":"Indaw","VT":"Kyan Taw","sev":"moderate"},"geometry":{"type":"Point","coordinates":[96.1615,24.1953]}},{"type":"Feature","properties":{"VILLAGE":"Nar Naung","VLG_MMR":"နားနောင်","TS":"Indaw","VT":"Kyan Taw","sev":"moderate"},"geometry":{"type":"Point","coordinates":[96.165,24.2006]}},{"type":"Feature","properties":{"VILLAGE":"Tone Pon","VLG_MMR":"တုံးပုံ","TS":"Indaw","VT":"Kyan Taw","sev":"moderate"},"geometry":{"type":"Point","coordinates":[96.1561,24.2261]}},{"type":"Feature","properties":{"VILLAGE":"Kyaung Kone","VLG_MMR":"ကျောင်းကုန်း","TS":"Indaw","VT":"Kyaung Kone","sev":"moderate"},"geometry":{"type":"Point","coordinates":[96.0493,23.9702]}},{"type":"Feature","properties":{"VILLAGE":"Pein Hne Kone","VLG_MMR":"ပိန္နဲကုန်း","TS":"Indaw","VT":"Kyaung Kone","sev":"moderate"},"geometry":{"type":"Point","coordinates":[96.0409,23.936]}},{"type":"Feature","properties":{"VILLAGE":"Sa Kar Pin","VLG_MMR":"စကားပင်","TS":"Indaw","VT":"Kyaung Kone","sev":"moderate"},"geometry":{"type":"Point","coordinates":[96.0496,23.9562]}},{"type":"Feature","properties":{"VILLAGE":"Lel Naung","VLG_MMR":"လယ်နောင်","TS":"Indaw","VT":"Lel Naung","sev":"moderate"},"geometry":{"type":"Point","coordinates":[96.0697,24.1899]}},{"type":"Feature","properties":{"VILLAGE":"Naung Moe","VLG_MMR":"နောင်မိုး","TS":"Indaw","VT":"Lel Naung","sev":"moderate"},"geometry":{"type":"Point","coordinates":[96.064,24.1599]}},{"type":"Feature","properties":{"VILLAGE":"Than Bo","VLG_MMR":"သံဘို","TS":"Indaw","VT":"Lel Naung","sev":"moderate"},"geometry":{"type":"Point","coordinates":[96.0683,24.167]}},{"type":"Feature","properties":{"VILLAGE":"Aung Kone","VLG_MMR":"အောင်းကုန်း","TS":"Indaw","VT":"Lel Pyin","sev":"moderate"},"geometry":{"type":"Point","coordinates":[96.155,24.1938]}},{"type":"Feature","properties":{"VILLAGE":"Ga He","VLG_MMR":"ဂဟဲ","TS":"Indaw","VT":"Lel Pyin","sev":"moderate"},"geometry":{"type":"Point","coordinates":[96.1443,24.0957]}},{"type":"Feature","properties":{"VILLAGE":"Lel Pyin","VLG_MMR":"လယ်ပြင်","TS":"Indaw","VT":"Lel Pyin","sev":"moderate"},"geometry":{"type":"Point","coordinates":[96.1339,24.2047]}},{"type":"Feature","properties":{"VILLAGE":"Moe Yu (Upper)","VLG_MMR":"မိုးယူ (အထက်)","TS":"Indaw","VT":"Lel Pyin","sev":"moderate"},"geometry":{"type":"Point","coordinates":[96.1465,24.1886]}},{"type":"Feature","properties":{"VILLAGE":"Moe Yu (Ywar Ma)","VLG_MMR":"မိုးယူ (ရွာမ)","TS":"Indaw","VT":"Lel Pyin","sev":"moderate"},"geometry":{"type":"Point","coordinates":[96.15,24.1902]}},{"type":"Feature","properties":{"VILLAGE":"Nan Kin","VLG_MMR":"နန်းကင်","TS":"Indaw","VT":"Lel Pyin","sev":"moderate"},"geometry":{"type":"Point","coordinates":[96.1279,24.2073]}},{"type":"Feature","properties":{"VILLAGE":"Nar Khar","VLG_MMR":"နားခါး","TS":"Indaw","VT":"Lel Pyin","sev":"moderate"},"geometry":{"type":"Point","coordinates":[96.1432,24.2101]}},{"type":"Feature","properties":{"VILLAGE":"Thi Par","VLG_MMR":"သီပါ","TS":"Indaw","VT":"Lel Pyin","sev":"moderate"},"geometry":{"type":"Point","coordinates":[96.1339,24.2007]}},{"type":"Feature","properties":{"VILLAGE":"Ywar Haung","VLG_MMR":"ရွာဟောင်း","TS":"Indaw","VT":"Lel Pyin","sev":"moderate"},"geometry":{"type":"Point","coordinates":[96.1699,24.1325]}},{"type":"Feature","properties":{"VILLAGE":"Htan Taw","VLG_MMR":"ထန်းတော","TS":"Indaw","VT":"Let Pan Tan","sev":"moderate"},"geometry":{"type":"Point","coordinates":[96.0207,24.0134]}},{"type":"Feature","properties":{"VILLAGE":"Kyauk Sin","VLG_MMR":"ကျောက်ဆင်","TS":"Indaw","VT":"Let Pan Tan","sev":"moderate"},"geometry":{"type":"Point","coordinates":[96.0157,23.9872]}},{"type":"Feature","properties":{"VILLAGE":"Let Pan Tan","VLG_MMR":"လက်ပန်တန်း","TS":"Indaw","VT":"Let Pan Tan","sev":"moderate"},"geometry":{"type":"Point","coordinates":[96.0106,24.0402]}},{"type":"Feature","properties":{"VILLAGE":"Thet Kei Kyin","VLG_MMR":"သက္ကယ်ကျင်း","TS":"Indaw","VT":"Let Pan Tan","sev":"moderate"},"geometry":{"type":"Point","coordinates":[96.0178,24.0241]}},{"type":"Feature","properties":{"VILLAGE":"Lel Pyin","VLG_MMR":"လယ်ပြင်","TS":"Indaw","VT":"Ma Au Kone","sev":"moderate"},"geometry":{"type":"Point","coordinates":[96.0378,24.0391]}},{"type":"Feature","properties":{"VILLAGE":"Ma Au Kone","VLG_MMR":"မအူကုန်း","TS":"Indaw","VT":"Ma Au Kone","sev":"moderate"},"geometry":{"type":"Point","coordinates":[96.042,24.0373]}},{"type":"Feature","properties":{"VILLAGE":"Pein Inn","VLG_MMR":"ပိန်းအင်း","TS":"Indaw","VT":"Ma Au Kone","sev":"moderate"},"geometry":{"type":"Point","coordinates":[96.0452,24.046]}},{"type":"Feature","properties":{"VILLAGE":"Ma Gyi Pin","VLG_MMR":"မကျီးပင်","TS":"Indaw","VT":"Ma Gyi Pin","sev":"moderate"},"geometry":{"type":"Point","coordinates":[96.0095,24.1727]}},{"type":"Feature","properties":{"VILLAGE":"Pein Hne Pin","VLG_MMR":"ပိန္နဲပင်","TS":"Indaw","VT":"Ma Gyi Pin","sev":"moderate"},"geometry":{"type":"Point","coordinates":[96.0032,24.1904]}},{"type":"Feature","properties":{"VILLAGE":"Ma Lu","VLG_MMR":"မလူး","TS":"Indaw","VT":"Man He","sev":"moderate"},"geometry":{"type":"Point","coordinates":[96.1669,24.5106]}},{"type":"Feature","properties":{"VILLAGE":"Man He","VLG_MMR":"မံဟဲ","TS":"Indaw","VT":"Man He","sev":"moderate"},"geometry":{"type":"Point","coordinates":[96.1786,24.5217]}},{"type":"Feature","properties":{"VILLAGE":"Myay Pa Lin","VLG_MMR":"မြေပလင်","TS":"Indaw","VT":"Man He","sev":"moderate"},"geometry":{"type":"Point","coordinates":[96.1876,24.5288]}},{"type":"Feature","properties":{"VILLAGE":"Pay Kone","VLG_MMR":"ပေကုန်း","TS":"Indaw","VT":"Man He","sev":"moderate"},"geometry":{"type":"Point","coordinates":[96.1964,24.5436]}},{"type":"Feature","properties":{"VILLAGE":"Man Hton","VLG_MMR":"မံထုံ","TS":"Indaw","VT":"Man Hton","sev":"moderate"},"geometry":{"type":"Point","coordinates":[96.038,24.3497]}},{"type":"Feature","properties":{"VILLAGE":"Min Kone","VLG_MMR":"မင်းကုန်း","TS":"Indaw","VT":"Man Hton","sev":"moderate"},"geometry":{"type":"Point","coordinates":[96.0464,24.3564]}},{"type":"Feature","properties":{"VILLAGE":"Thaung Gyi","VLG_MMR":"သောင်ကြီး","TS":"Indaw","VT":"Man Hton","sev":"moderate"},"geometry":{"type":"Point","coordinates":[96.0243,24.343]}},{"type":"Feature","properties":{"VILLAGE":"Auk Taw","VLG_MMR":"အောက်တော","TS":"Indaw","VT":"Maw Teik","sev":"moderate"},"geometry":{"type":"Point","coordinates":[96.1054,24.3472]}},{"type":"Feature","properties":{"VILLAGE":"Maw Teik","VLG_MMR":"မော်တိတ်","TS":"Indaw","VT":"Maw Teik","sev":"moderate"},"geometry":{"type":"Point","coordinates":[96.0605,24.3133]}},{"type":"Feature","properties":{"VILLAGE":"Tone Ma Hpwe","VLG_MMR":"တုံးမဖွဲ","TS":"Indaw","VT":"Maw Teik","sev":"moderate"},"geometry":{"type":"Point","coordinates":[96.089,24.3458]}},{"type":"Feature","properties":{"VILLAGE":"Ywar Thar Yar","VLG_MMR":"ရွာသာယာ","TS":"Indaw","VT":"Maw Teik","sev":"moderate"},"geometry":{"type":"Point","coordinates":[96.0421,24.3259]}},{"type":"Feature","properties":{"VILLAGE":"Hin Nu (North)","VLG_MMR":"ဟင်းနု (မြောက်)","TS":"Indaw","VT":"Me Zar","sev":"moderate"},"geometry":{"type":"Point","coordinates":[96.0821,24.1386]}},{"type":"Feature","properties":{"VILLAGE":"Hin Nu (South)","VLG_MMR":"ဟင်းနု (တောင်)","TS":"Indaw","VT":"Me Zar","sev":"moderate"},"geometry":{"type":"Point","coordinates":[96.0758,24.1289]}},{"type":"Feature","properties":{"VILLAGE":"Lel Zin","VLG_MMR":"လယ်ဇင်","TS":"Indaw","VT":"Me Zar","sev":"moderate"},"geometry":{"type":"Point","coordinates":[96.0714,24.1251]}},{"type":"Feature","properties":{"VILLAGE":"Me Zar","VLG_MMR":"မဲဇာ","TS":"Indaw","VT":"Me Zar","sev":"moderate"},"geometry":{"type":"Point","coordinates":[96.037,24.1393]}},{"type":"Feature","properties":{"VILLAGE":"Nant Thea","VLG_MMR":"နန့်သဲ","TS":"Indaw","VT":"Me Zar","sev":"moderate"},"geometry":{"type":"Point","coordinates":[96.0562,24.1321]}},{"type":"Feature","properties":{"VILLAGE":"Laung Su","VLG_MMR":"လောင်းစု","TS":"Indaw","VT":"Myauk Kone","sev":"moderate"},"geometry":{"type":"Point","coordinates":[96.0255,24.2255]}},{"type":"Feature","properties":{"VILLAGE":"Myauk Kone","VLG_MMR":"မြောက်ကုန်း","TS":"Indaw","VT":"Myauk Kone","sev":"moderate"},"geometry":{"type":"Point","coordinates":[96.0612,24.2261]}},{"type":"Feature","properties":{"VILLAGE":"Nyaung Kone","VLG_MMR":"ညောင်ကုန်း","TS":"Indaw","VT":"Myauk Kone","sev":"moderate"},"geometry":{"type":"Point","coordinates":[96.0396,24.2247]}},{"type":"Feature","properties":{"VILLAGE":"Pyin Htaung kone","VLG_MMR":"ပျဉ်ထောင်ကုန်း","TS":"Indaw","VT":"Myauk Kone","sev":"moderate"},"geometry":{"type":"Point","coordinates":[96.0378,24.237]}},{"type":"Feature","properties":{"VILLAGE":"Taung Kone","VLG_MMR":"တောင်ကုန်း","TS":"Indaw","VT":"Myauk Kone","sev":"moderate"},"geometry":{"type":"Point","coordinates":[96.0532,24.219]}},{"type":"Feature","properties":{"VILLAGE":"War Hpyu Taung","VLG_MMR":"ဝါးဖြူတောင်","TS":"Indaw","VT":"Myauk Kone","sev":"moderate"},"geometry":{"type":"Point","coordinates":[96.0404,24.2198]}},{"type":"Feature","properties":{"VILLAGE":"Ywar Thit Kone","VLG_MMR":"ရွာသစ်ကုန်း","TS":"Indaw","VT":"Myauk Kone","sev":"moderate"},"geometry":{"type":"Point","coordinates":[96.0737,24.2248]}},{"type":"Feature","properties":{"VILLAGE":"Kan Ni","VLG_MMR":"ကမ်းနီ","TS":"Indaw","VT":"Na Bar","sev":"moderate"},"geometry":{"type":"Point","coordinates":[96.1991,24.2442]}},{"type":"Feature","properties":{"VILLAGE":"Na Bar","VLG_MMR":"နဘား","TS":"Indaw","VT":"Na Bar","sev":"moderate"},"geometry":{"type":"Point","coordinates":[96.1806,24.2526]}},{"type":"Feature","properties":{"VILLAGE":"Na Bar Gyi","VLG_MMR":"နဘားကြီး","TS":"Indaw","VT":"Na Bar","sev":"moderate"},"geometry":{"type":"Point","coordinates":[96.169,24.2715]}},{"type":"Feature","properties":{"VILLAGE":"Na Bar Ywar Thit","VLG_MMR":"နဘားရွာသစ်","TS":"Indaw","VT":"Na Bar","sev":"moderate"},"geometry":{"type":"Point","coordinates":[96.1782,24.2646]}},{"type":"Feature","properties":{"VILLAGE":"Nar Ma Kyaing","VLG_MMR":"နားမကြိုင်း","TS":"Indaw","VT":"Na Bar","sev":"moderate"},"geometry":{"type":"Point","coordinates":[96.2095,24.2761]}},{"type":"Feature","properties":{"VILLAGE":"Nar Ya Khaung","VLG_MMR":"နားရခေါင်","TS":"Indaw","VT":"Na Bar","sev":"moderate"},"geometry":{"type":"Point","coordinates":[96.1892,24.2355]}},{"type":"Feature","properties":{"VILLAGE":"Pint Tin","VLG_MMR":"ပင့်တင်","TS":"Indaw","VT":"Na Bar","sev":"moderate"},"geometry":{"type":"Point","coordinates":[96.2001,24.2966]}},{"type":"Feature","properties":{"VILLAGE":"Khaung Tone Si","VLG_MMR":"ခေါင်တုံးစီ","TS":"Indaw","VT":"Na Mee","sev":"moderate"},"geometry":{"type":"Point","coordinates":[96.0598,24.6694]}},{"type":"Feature","properties":{"VILLAGE":"Kwin Ngoe","VLG_MMR":"ကွင်းငို့","TS":"Indaw","VT":"Na Mee","sev":"moderate"},"geometry":{"type":"Point","coordinates":[96.0637,24.5729]}},{"type":"Feature","properties":{"VILLAGE":"Lay Hpo","VLG_MMR":"လေဖို","TS":"Indaw","VT":"Na Mee","sev":"moderate"},"geometry":{"type":"Point","coordinates":[96.072,24.5392]}},{"type":"Feature","properties":{"VILLAGE":"Na Mee","VLG_MMR":"နမီး","TS":"Indaw","VT":"Na Mee","sev":"moderate"},"geometry":{"type":"Point","coordinates":[96.0601,24.5478]}},{"type":"Feature","properties":{"VILLAGE":"Nar Hpar","VLG_MMR":"နားဖာ","TS":"Indaw","VT":"Na Mee","sev":"moderate"},"geometry":{"type":"Point","coordinates":[96.0769,24.5978]}},{"type":"Feature","properties":{"VILLAGE":"Nar Ma Kyaing","VLG_MMR":"နားမကြိုင်း","TS":"Indaw","VT":"Na Mee","sev":"moderate"},"geometry":{"type":"Point","coordinates":[96.078,24.6126]}},{"type":"Feature","properties":{"VILLAGE":"Inn Ywar","VLG_MMR":"အင်းရွာ","TS":"Indaw","VT":"Nant Khint","sev":"moderate"},"geometry":{"type":"Point","coordinates":[96.1355,24.2399]}},{"type":"Feature","properties":{"VILLAGE":"Kyar Inn","VLG_MMR":"ကြာအင်း","TS":"Indaw","VT":"Nant Khint","sev":"moderate"},"geometry":{"type":"Point","coordinates":[96.1594,24.2285]}},{"type":"Feature","properties":{"VILLAGE":"Let Pan Kone","VLG_MMR":"လက်ပန်ကုန်း","TS":"Indaw","VT":"Nant Khint","sev":"moderate"},"geometry":{"type":"Point","coordinates":[96.1351,24.2355]}},{"type":"Feature","properties":{"VILLAGE":"Nant Khint","VLG_MMR":"နန့်ခင့်","TS":"Indaw","VT":"Nant Khint","sev":"moderate"},"geometry":{"type":"Point","coordinates":[96.1438,24.2273]}},{"type":"Feature","properties":{"VILLAGE":"Sin Hauk","VLG_MMR":"စင်းဟောက်","TS":"Indaw","VT":"Nant Khint","sev":"moderate"},"geometry":{"type":"Point","coordinates":[96.1592,24.2327]}},{"type":"Feature","properties":{"VILLAGE":"Aung Kone","VLG_MMR":"အောင်းကုန်း","TS":"Indaw","VT":"Nant Thar","sev":"moderate"},"geometry":{"type":"Point","coordinates":[96.0809,24.2866]}},{"type":"Feature","properties":{"VILLAGE":"In Pin","VLG_MMR":"အင်ပင်","TS":"Indaw","VT":"Nant Thar","sev":"moderate"},"geometry":{"type":"Point","coordinates":[96.0722,24.2811]}},{"type":"Feature","properties":{"VILLAGE":"Nant Thar","VLG_MMR":"နန့်သာ","TS":"Indaw","VT":"Nant Thar","sev":"moderate"},"geometry":{"type":"Point","coordinates":[96.0671,24.2879]}},{"type":"Feature","properties":{"VILLAGE":"Nant Thar Ywar Thit","VLG_MMR":"နန့်သာရွာသစ်","TS":"Indaw","VT":"Nant Thar","sev":"moderate"},"geometry":{"type":"Point","coordinates":[96.0657,24.2901]}},{"type":"Feature","properties":{"VILLAGE":"Tone Taw","VLG_MMR":"တုံးတော်","TS":"Indaw","VT":"Nant Thar","sev":"moderate"},"geometry":{"type":"Point","coordinates":[96.0801,24.3092]}},{"type":"Feature","properties":{"VILLAGE":"Lwin U","VLG_MMR":"လွင်ဦး","TS":"Indaw","VT":"Nar Khwin Kyin","sev":"moderate"},"geometry":{"type":"Point","coordinates":[96.1859,24.4683]}},{"type":"Feature","properties":{"VILLAGE":"Nar Khwin Kyin","VLG_MMR":"နားခွင်းကျင်","TS":"Indaw","VT":"Nar Khwin Kyin","sev":"moderate"},"geometry":{"type":"Point","coordinates":[96.1926,24.4551]}},{"type":"Feature","properties":{"VILLAGE":"Kan Ni","VLG_MMR":"ကမ်းနီ","TS":"Indaw","VT":"Nat Ma Hoke","sev":"moderate"},"geometry":{"type":"Point","coordinates":[96.1111,24.1749]}},{"type":"Feature","properties":{"VILLAGE":"Nat Ma Hoke Gyi","VLG_MMR":"နတ်မဟုတ်ကြီး","TS":"Indaw","VT":"Nat Ma Hoke","sev":"moderate"},"geometry":{"type":"Point","coordinates":[96.1195,24.1922]}},{"type":"Feature","properties":{"VILLAGE":"Nat Ma Hoke Ka Lay","VLG_MMR":"နတ်မဟုတ်ကလေး","TS":"Indaw","VT":"Nat Ma Hoke","sev":"moderate"},"geometry":{"type":"Point","coordinates":[96.1101,24.2089]}},{"type":"Feature","properties":{"VILLAGE":"Nat Yae Twin","VLG_MMR":"နတ်ရေတွင်း","TS":"Indaw","VT":"Nat Yae Twin","sev":"moderate"},"geometry":{"type":"Point","coordinates":[96.0118,24.1513]}},{"type":"Feature","properties":{"VILLAGE":"Par Awt","VLG_MMR":"ပါအော့","TS":"Indaw","VT":"Nat Yae Twin","sev":"moderate"},"geometry":{"type":"Point","coordinates":[96.0004,24.1323]}},{"type":"Feature","properties":{"VILLAGE":"Thea Chaung","VLG_MMR":"သဲချောင်း","TS":"Indaw","VT":"Nat Yae Twin","sev":"moderate"},"geometry":{"type":"Point","coordinates":[95.9948,24.1045]}},{"type":"Feature","properties":{"VILLAGE":"Aik Ma","VLG_MMR":"အိုက်မ","TS":"Indaw","VT":"Nyaung Kone","sev":"moderate"},"geometry":{"type":"Point","coordinates":[96.0498,23.9894]}},{"type":"Feature","properties":{"VILLAGE":"Bu Da Let","VLG_MMR":"ဗုဓလက်","TS":"Indaw","VT":"Nyaung Kone","sev":"moderate"},"geometry":{"type":"Point","coordinates":[96.0575,23.9985]}},{"type":"Feature","properties":{"VILLAGE":"Nyaung Kone","VLG_MMR":"ညောင်ကုန်း","TS":"Indaw","VT":"Nyaung Kone","sev":"moderate"},"geometry":{"type":"Point","coordinates":[96.047,23.9995]}},{"type":"Feature","properties":{"VILLAGE":"Oke Shit Kone","VLG_MMR":"အုပ်ရှစ်ကုန်း","TS":"Indaw","VT":"Oke Shit Kone","sev":"moderate"},"geometry":{"type":"Point","coordinates":[96.0745,24.0989]}},{"type":"Feature","properties":{"VILLAGE":"Set Taw Kone","VLG_MMR":"စက်တောကုန်း","TS":"Indaw","VT":"Oke Shit Kone","sev":"moderate"},"geometry":{"type":"Point","coordinates":[96.056,24.1147]}},{"type":"Feature","properties":{"VILLAGE":"Thit Pon Lwin","VLG_MMR":"သစ်ပုံလွင်","TS":"Indaw","VT":"Oke Shit Kone","sev":"moderate"},"geometry":{"type":"Point","coordinates":[96.0708,24.1056]}},{"type":"Feature","properties":{"VILLAGE":"Hpar Pant","VLG_MMR":"ဖါးပန့်","TS":"Indaw","VT":"Pin Wei","sev":"moderate"},"geometry":{"type":"Point","coordinates":[96.194,24.3783]}},{"type":"Feature","properties":{"VILLAGE":"Pin Wei Ywar Thit","VLG_MMR":"ပင်ဝယ်ရွာသစ်","TS":"Indaw","VT":"Pin Wei","sev":"moderate"},"geometry":{"type":"Point","coordinates":[96.1945,24.3394]}},{"type":"Feature","properties":{"VILLAGE":"Tone Lon","VLG_MMR":"တုံးလုံ","TS":"Indaw","VT":"Pin Wei","sev":"moderate"},"geometry":{"type":"Point","coordinates":[96.2096,24.3664]}},{"type":"Feature","properties":{"VILLAGE":"Ku Kar","VLG_MMR":"ကူးကာ","TS":"Indaw","VT":"Pone Hon","sev":"moderate"},"geometry":{"type":"Point","coordinates":[96.1494,24.4486]}},{"type":"Feature","properties":{"VILLAGE":"Oke Shit Kone","VLG_MMR":"အုပ်ရှစ်ကုန်း","TS":"Indaw","VT":"Pone Hon","sev":"moderate"},"geometry":{"type":"Point","coordinates":[96.1245,24.3884]}},{"type":"Feature","properties":{"VILLAGE":"Pone Hon","VLG_MMR":"ပုန်းဟုန်","TS":"Indaw","VT":"Pone Hon","sev":"moderate"},"geometry":{"type":"Point","coordinates":[96.1617,24.4363]}},{"type":"Feature","properties":{"VILLAGE":"Sint Kho","VLG_MMR":"စဉ့်ခိုး","TS":"Indaw","VT":"Pone Hon","sev":"moderate"},"geometry":{"type":"Point","coordinates":[96.1407,24.4387]}},{"type":"Feature","properties":{"VILLAGE":"Taung Hpi Lar","VLG_MMR":"တောင်ဖီလာ","TS":"Indaw","VT":"Pone Hon","sev":"moderate"},"geometry":{"type":"Point","coordinates":[96.1282,24.4224]}},{"type":"Feature","properties":{"VILLAGE":"Se Ywar","VLG_MMR":"ဆည်ရွာ","TS":"Indaw","VT":"Se Ywar","sev":"moderate"},"geometry":{"type":"Point","coordinates":[96.0865,24.2109]}},{"type":"Feature","properties":{"VILLAGE":"Ma Gyi Kone","VLG_MMR":"မကျည်းကုန်း","TS":"Indaw","VT":"See Maw","sev":"moderate"},"geometry":{"type":"Point","coordinates":[96.1757,24.4623]}},{"type":"Feature","properties":{"VILLAGE":"Nyaung Pin Thar","VLG_MMR":"ညောင်ပင်သာ","TS":"Indaw","VT":"See Maw","sev":"moderate"},"geometry":{"type":"Point","coordinates":[96.1896,24.4522]}},{"type":"Feature","properties":{"VILLAGE":"See Maw","VLG_MMR":"စီးမော်","TS":"Indaw","VT":"See Maw","sev":"moderate"},"geometry":{"type":"Point","coordinates":[96.1826,24.4613]}},{"type":"Feature","properties":{"VILLAGE":"Si Pein","VLG_MMR":"စီပိန်း","TS":"Indaw","VT":"See Maw","sev":"moderate"},"geometry":{"type":"Point","coordinates":[96.1795,24.4437]}},{"type":"Feature","properties":{"VILLAGE":"Kywe Ku","VLG_MMR":"ကျွဲကူး","TS":"Indaw","VT":"Seik Thar","sev":"moderate"},"geometry":{"type":"Point","coordinates":[96.0468,24.2551]}},{"type":"Feature","properties":{"VILLAGE":"Man Hpar","VLG_MMR":"မံဖာ","TS":"Indaw","VT":"Seik Thar","sev":"moderate"},"geometry":{"type":"Point","coordinates":[96.0307,24.2604]}},{"type":"Feature","properties":{"VILLAGE":"Seik Thar","VLG_MMR":"ဆိပ်သာ","TS":"Indaw","VT":"Seik Thar","sev":"moderate"},"geometry":{"type":"Point","coordinates":[96.0438,24.2654]}},{"type":"Feature","properties":{"VILLAGE":"Shwe Hnget","VLG_MMR":"ရွှေငှက်","TS":"Indaw","VT":"Seik Thar","sev":"moderate"},"geometry":{"type":"Point","coordinates":[96.0472,24.2502]}},{"type":"Feature","properties":{"VILLAGE":"Nyaung Pin Thar","VLG_MMR":"ညောင်ပင်သာ","TS":"Indaw","VT":"Ta Khun Taing","sev":"moderate"},"geometry":{"type":"Point","coordinates":[96.0329,24.2028]}},{"type":"Feature","properties":{"VILLAGE":"Ta Khun Taing","VLG_MMR":"တံခွန်တိုင်","TS":"Indaw","VT":"Ta Khun Taing","sev":"moderate"},"geometry":{"type":"Point","coordinates":[96.0497,24.1955]}},{"type":"Feature","properties":{"VILLAGE":"Thit Hla Taw","VLG_MMR":"သစ်လှတော","TS":"Indaw","VT":"Ta Khun Taing","sev":"moderate"},"geometry":{"type":"Point","coordinates":[96.0342,24.1996]}},{"type":"Feature","properties":{"VILLAGE":"Ton Si","VLG_MMR":"တုံစီ","TS":"Indaw","VT":"Ta Khun Taing","sev":"moderate"},"geometry":{"type":"Point","coordinates":[96.049,24.184]}},{"type":"Feature","properties":{"VILLAGE":"Kywe Kaw Lay","VLG_MMR":"ကျွဲကောလေး","TS":"Indaw","VT":"Tar Paw","sev":"moderate"},"geometry":{"type":"Point","coordinates":[96.0354,24.2832]}},{"type":"Feature","properties":{"VILLAGE":"Tar Paw","VLG_MMR":"တာပေါ","TS":"Indaw","VT":"Tar Paw","sev":"moderate"},"geometry":{"type":"Point","coordinates":[96.0359,24.3015]}},{"type":"Feature","properties":{"VILLAGE":"Tone Pu","VLG_MMR":"တုံးပု","TS":"Indaw","VT":"Tar Paw","sev":"moderate"},"geometry":{"type":"Point","coordinates":[96.0173,24.3138]}},{"type":"Feature","properties":{"VILLAGE":"Kwin Chaung","VLG_MMR":"ကွင်းချောင်း","TS":"Indaw","VT":"Thaung Myin","sev":"moderate"},"geometry":{"type":"Point","coordinates":[96.0227,24.0523]}},{"type":"Feature","properties":{"VILLAGE":"Kyein Chaung","VLG_MMR":"ကြိမ်ချောင်း","TS":"Indaw","VT":"Thaung Myin","sev":"moderate"},"geometry":{"type":"Point","coordinates":[96.0636,24.076]}},{"type":"Feature","properties":{"VILLAGE":"Thaung Myin","VLG_MMR":"သောင်မြင်း","TS":"Indaw","VT":"Thaung Myin","sev":"moderate"},"geometry":{"type":"Point","coordinates":[96.017,24.0433]}},{"type":"Feature","properties":{"VILLAGE":"Pay Pin","VLG_MMR":"ပေပင်","TS":"Indaw","VT":"Thet Kei Kyin","sev":"moderate"},"geometry":{"type":"Point","coordinates":[96.1056,24.2424]}},{"type":"Feature","properties":{"VILLAGE":"Thet Kei Kyin","VLG_MMR":"သက္ကယ်ကျင်း","TS":"Indaw","VT":"Thet Kei Kyin","sev":"moderate"},"geometry":{"type":"Point","coordinates":[96.1239,24.2742]}},{"type":"Feature","properties":{"VILLAGE":"Kyun Taw","VLG_MMR":"ကျွန်းတော","TS":"Indaw","VT":"Thoke Khar","sev":"moderate"},"geometry":{"type":"Point","coordinates":[96.0269,24.3137]}},{"type":"Feature","properties":{"VILLAGE":"Thi La","VLG_MMR":"သီလ","TS":"Indaw","VT":"Thoke Khar","sev":"moderate"},"geometry":{"type":"Point","coordinates":[95.9883,24.319]}},{"type":"Feature","properties":{"VILLAGE":"Thoke Khar","VLG_MMR":"သုက္ခာ","TS":"Indaw","VT":"Thoke Khar","sev":"moderate"},"geometry":{"type":"Point","coordinates":[95.9912,24.3233]}},{"type":"Feature","properties":{"VILLAGE":"Khoe Kaung","VLG_MMR":"ခိုးကောင်","TS":"Indaw","VT":"Thu Yaung","sev":"moderate"},"geometry":{"type":"Point","coordinates":[96.1544,24.4764]}},{"type":"Feature","properties":{"VILLAGE":"Thu Yaung","VLG_MMR":"သူရောင်း","TS":"Indaw","VT":"Thu Yaung","sev":"moderate"},"geometry":{"type":"Point","coordinates":[96.148,24.4518]}},{"type":"Feature","properties":{"VILLAGE":"Auk Te","VLG_MMR":"အောက်တဲ","TS":"Kanbalu","VT":"Auk Te","sev":"critical"},"geometry":{"type":"Point","coordinates":[95.7283,23.5955]}},{"type":"Feature","properties":{"VILLAGE":"Inn Poke","VLG_MMR":"အင်းပုတ်","TS":"Kanbalu","VT":"Auk Te","sev":"critical"},"geometry":{"type":"Point","coordinates":[95.7506,23.5472]}},{"type":"Feature","properties":{"VILLAGE":"Thit Tar","VLG_MMR":"သေတ္တာ","TS":"Kanbalu","VT":"Auk Te","sev":"critical"},"geometry":{"type":"Point","coordinates":[95.7331,23.6382]}},{"type":"Feature","properties":{"VILLAGE":"Wet Tha Inn","VLG_MMR":"ဝက်သအင်း","TS":"Kanbalu","VT":"Auk Te","sev":"critical"},"geometry":{"type":"Point","coordinates":[95.726,23.5789]}},{"type":"Feature","properties":{"VILLAGE":"Aung Chan Thar","VLG_MMR":"အောင်ချမ်းသာ","TS":"Kanbalu","VT":"Aung Chan Thar","sev":"critical"},"geometry":{"type":"Point","coordinates":[95.5117,22.8761]}},{"type":"Feature","properties":{"VILLAGE":"Kyauk Taing","VLG_MMR":"ကျောက်တိုင်","TS":"Kanbalu","VT":"Aung Chan Thar","sev":"critical"},"geometry":{"type":"Point","coordinates":[95.4977,22.8741]}},{"type":"Feature","properties":{"VILLAGE":"Yin Taik","VLG_MMR":"ယင်းတိုက်","TS":"Kanbalu","VT":"Aung Chan Thar","sev":"critical"},"geometry":{"type":"Point","coordinates":[95.5184,22.8607]}},{"type":"Feature","properties":{"VILLAGE":"Boke Taw","VLG_MMR":"ဘုတ်တော","TS":"Kanbalu","VT":"Boke Taw","sev":"critical"},"geometry":{"type":"Point","coordinates":[95.371,23.1943]}},{"type":"Feature","properties":{"VILLAGE":"Sar Kaing","VLG_MMR":"ဆားကိုင်း","TS":"Kanbalu","VT":"Boke Taw","sev":"critical"},"geometry":{"type":"Point","coordinates":[95.3722,23.1877]}},{"type":"Feature","properties":{"VILLAGE":"Sar Kone (East)","VLG_MMR":"ဆားကုန်း (အရှေ့)","TS":"Kanbalu","VT":"Boke Taw","sev":"critical"},"geometry":{"type":"Point","coordinates":[95.3631,23.1907]}},{"type":"Feature","properties":{"VILLAGE":"Sar Kone (West)","VLG_MMR":"ဆားကုန်း (အနောက်)","TS":"Kanbalu","VT":"Boke Taw","sev":"critical"},"geometry":{"type":"Point","coordinates":[95.3607,23.1926]}},{"type":"Feature","properties":{"VILLAGE":"Ywar Thit Kone","VLG_MMR":"ရွာသစ်ကုန်း","TS":"Kanbalu","VT":"Boke Taw","sev":"critical"},"geometry":{"type":"Point","coordinates":[95.3735,23.191]}},{"type":"Feature","properties":{"VILLAGE":"Bu Gyi (North)","VLG_MMR":"ဘူးကြီး (မြောက်)","TS":"Kanbalu","VT":"Bu Gyi","sev":"critical"},"geometry":{"type":"Point","coordinates":[95.5172,22.921]}},{"type":"Feature","properties":{"VILLAGE":"Bu Gyi (South)","VLG_MMR":"ဘူးကြီး (တောင်)","TS":"Kanbalu","VT":"Bu Gyi","sev":"critical"},"geometry":{"type":"Point","coordinates":[95.5207,22.9176]}},{"type":"Feature","properties":{"VILLAGE":"Bu Kone","VLG_MMR":"ဘူးကုန်း","TS":"Kanbalu","VT":"Bu Kone","sev":"critical"},"geometry":{"type":"Point","coordinates":[95.7152,22.9294]}},{"type":"Feature","properties":{"VILLAGE":"Kyi Kyin","VLG_MMR":"ကျီကျင်း","TS":"Kanbalu","VT":"Bu Kone","sev":"critical"},"geometry":{"type":"Point","coordinates":[95.7037,22.9149]}},{"type":"Feature","properties":{"VILLAGE":"Lan Son","VLG_MMR":"လမ်းဆုံ","TS":"Kanbalu","VT":"Bu Kone","sev":"critical"},"geometry":{"type":"Point","coordinates":[95.7143,22.9346]}},{"type":"Feature","properties":{"VILLAGE":"Ya Ma Nay","VLG_MMR":"ယမနေ","TS":"Kanbalu","VT":"Bu Kone","sev":"critical"},"geometry":{"type":"Point","coordinates":[95.694,22.9653]}},{"type":"Feature","properties":{"VILLAGE":"Yae Kyi U","VLG_MMR":"​ရေကြည်ဦး","TS":"Kanbalu","VT":"Bu Kone","sev":"critical"},"geometry":{"type":"Point","coordinates":[95.704,22.9029]}},{"type":"Feature","properties":{"VILLAGE":"Chat Gyi","VLG_MMR":"ချပ်ကြီး","TS":"Kanbalu","VT":"Chat Gyi","sev":"critical"},"geometry":{"type":"Point","coordinates":[95.6612,23.4501]}},{"type":"Feature","properties":{"VILLAGE":"Tat Kone","VLG_MMR":"တပ်ကုန်း","TS":"Kanbalu","VT":"Chat Gyi","sev":"critical"},"geometry":{"type":"Point","coordinates":[95.6714,23.4674]}},{"type":"Feature","properties":{"VILLAGE":"Chat Thin","VLG_MMR":"ချပ်သင်း","TS":"Kanbalu","VT":"Chat Thin","sev":"critical"},"geometry":{"type":"Point","coordinates":[95.6728,23.5159]}},{"type":"Feature","properties":{"VILLAGE":"Pon Nar Nge","VLG_MMR":"ပုဏ္ဏားငယ်","TS":"Kanbalu","VT":"Chat Thin","sev":"critical"},"geometry":{"type":"Point","coordinates":[95.6848,23.5097]}},{"type":"Feature","properties":{"VILLAGE":"U Kin Kyi","VLG_MMR":"ဦးကင်းကြည်","TS":"Kanbalu","VT":"Chat Thin","sev":"critical"},"geometry":{"type":"Point","coordinates":[95.7041,23.5185]}},{"type":"Feature","properties":{"VILLAGE":"Chaung Kan","VLG_MMR":"ချောင်းကန်","TS":"Kanbalu","VT":"Chaung Kan","sev":"critical"},"geometry":{"type":"Point","coordinates":[95.619,22.9589]}},{"type":"Feature","properties":{"VILLAGE":"Sin Nin","VLG_MMR":"ဆင်နင်း","TS":"Kanbalu","VT":"Chaung Kan","sev":"critical"},"geometry":{"type":"Point","coordinates":[95.6158,22.9809]}},{"type":"Feature","properties":{"VILLAGE":"Chaung Shey","VLG_MMR":"ချောင်းရှည်","TS":"Kanbalu","VT":"Chaung Shey","sev":"critical"},"geometry":{"type":"Point","coordinates":[95.8672,23.0731]}},{"type":"Feature","properties":{"VILLAGE":"Boe Boe","VLG_MMR":"ဘိုးဘိုး","TS":"Kanbalu","VT":"Chin Myit Kyin","sev":"critical"},"geometry":{"type":"Point","coordinates":[95.5077,22.9688]}},{"type":"Feature","properties":{"VILLAGE":"Chin Myit Kyin","VLG_MMR":"ချင်မြစ်ကျင်း","TS":"Kanbalu","VT":"Chin Myit Kyin","sev":"critical"},"geometry":{"type":"Point","coordinates":[95.4815,22.9672]}},{"type":"Feature","properties":{"VILLAGE":"Kyaung Kone","VLG_MMR":"ကျောင်းကုန်း","TS":"Kanbalu","VT":"Chin Myit Kyin","sev":"critical"},"geometry":{"type":"Point","coordinates":[95.469,22.9772]}},{"type":"Feature","properties":{"VILLAGE":"Myauk Su","VLG_MMR":"မြောက်စု","TS":"Kanbalu","VT":"Chin Myit Kyin","sev":"critical"},"geometry":{"type":"Point","coordinates":[95.4611,22.9814]}},{"type":"Feature","properties":{"VILLAGE":"Dan Pin","VLG_MMR":"ဒန်းပင်","TS":"Kanbalu","VT":"Dan Pin","sev":"critical"},"geometry":{"type":"Point","coordinates":[95.502,23.0224]}},{"type":"Feature","properties":{"VILLAGE":"Gar Tar","VLG_MMR":"ဂါးတာ","TS":"Kanbalu","VT":"Gar Tar","sev":"critical"},"geometry":{"type":"Point","coordinates":[95.6457,23.2306]}},{"type":"Feature","properties":{"VILLAGE":"Htauk Kyant","VLG_MMR":"ထောက်ကြံ့","TS":"Kanbalu","VT":"Gar Tar","sev":"critical"},"geometry":{"type":"Point","coordinates":[95.6119,23.1723]}},{"type":"Feature","properties":{"VILLAGE":"Sa Lwei","VLG_MMR":"စလွယ်","TS":"Kanbalu","VT":"Gar Tar","sev":"critical"},"geometry":{"type":"Point","coordinates":[95.6153,23.2075]}},{"type":"Feature","properties":{"VILLAGE":"Sar Twin Gyi","VLG_MMR":"ဆားတွင်းကြီး","TS":"Kanbalu","VT":"Gar Tar","sev":"critical"},"geometry":{"type":"Point","coordinates":[95.7206,23.2938]}},{"type":"Feature","properties":{"VILLAGE":"Se Gyi","VLG_MMR":"ဆယ်ကြီး","TS":"Kanbalu","VT":"Gar Tar","sev":"critical"},"geometry":{"type":"Point","coordinates":[95.6106,23.2394]}},{"type":"Feature","properties":{"VILLAGE":"Gyoe Gyar","VLG_MMR":"ကြိုးကြာ","TS":"Kanbalu","VT":"Gyoe Gyar","sev":"critical"},"geometry":{"type":"Point","coordinates":[95.4652,23.0741]}},{"type":"Feature","properties":{"VILLAGE":"Htan Taw","VLG_MMR":"ထန်းတော","TS":"Kanbalu","VT":"Gyoe Gyar","sev":"critical"},"geometry":{"type":"Point","coordinates":[95.4574,23.0561]}},{"type":"Feature","properties":{"VILLAGE":"Min Kone","VLG_MMR":"မင်းကုန်း","TS":"Kanbalu","VT":"Gyoe Gyar","sev":"critical"},"geometry":{"type":"Point","coordinates":[95.4566,23.0627]}},{"type":"Feature","properties":{"VILLAGE":"Zee Kone Lay","VLG_MMR":"ဇီးကုန်းလေး","TS":"Kanbalu","VT":"Gyoe Gyar","sev":"critical"},"geometry":{"type":"Point","coordinates":[95.4488,23.0777]}},{"type":"Feature","properties":{"VILLAGE":"Hin Thaw","VLG_MMR":"ဟင်သော်","TS":"Kanbalu","VT":"Hin Thaw","sev":"critical"},"geometry":{"type":"Point","coordinates":[95.87,23.5422]}},{"type":"Feature","properties":{"VILLAGE":"Yaw Kone","VLG_MMR":"ယောကုန်း","TS":"Kanbalu","VT":"Hin Thaw","sev":"critical"},"geometry":{"type":"Point","coordinates":[95.8933,23.5402]}},{"type":"Feature","properties":{"VILLAGE":"Hlwe Seik","VLG_MMR":"လွှဲဆိပ်","TS":"Kanbalu","VT":"Hlwe Seik","sev":"critical"},"geometry":{"type":"Point","coordinates":[95.7878,23.2212]}},{"type":"Feature","properties":{"VILLAGE":"Hnget Pyaw Taing","VLG_MMR":"ငှက်ပျောတိုင်း","TS":"Kanbalu","VT":"Hnget Pyaw Taing","sev":"critical"},"geometry":{"type":"Point","coordinates":[95.717,23.0662]}},{"type":"Feature","properties":{"VILLAGE":"Kyee Pin Et","VLG_MMR":"ကျီးပင်အက်","TS":"Kanbalu","VT":"Hnget Pyaw Taing","sev":"critical"},"geometry":{"type":"Point","coordinates":[95.6607,23.0872]}},{"type":"Feature","properties":{"VILLAGE":"Hpa Lon Chaing","VLG_MMR":"ဖလုံချိုင်","TS":"Kanbalu","VT":"Hpa Lon Chaing","sev":"critical"},"geometry":{"type":"Point","coordinates":[95.5322,22.9773]}},{"type":"Feature","properties":{"VILLAGE":"Taunt Te Kone","VLG_MMR":"တောင့်တဲကုန်း","TS":"Kanbalu","VT":"Hpa Lon Chaing","sev":"critical"},"geometry":{"type":"Point","coordinates":[95.5283,22.9933]}},{"type":"Feature","properties":{"VILLAGE":"Tha Yet Khaung","VLG_MMR":"သရက်ခေါင်း","TS":"Kanbalu","VT":"Hpa Lon Chaing","sev":"critical"},"geometry":{"type":"Point","coordinates":[95.5437,22.9873]}},{"type":"Feature","properties":{"VILLAGE":"Hpoke Kone","VLG_MMR":"ဖုတ်ကုန်း","TS":"Kanbalu","VT":"Hpoke Kone","sev":"critical"},"geometry":{"type":"Point","coordinates":[95.6374,22.9797]}},{"type":"Feature","properties":{"VILLAGE":"Htauk Shar Aing","VLG_MMR":"ထောက်ရှာအိုင်","TS":"Kanbalu","VT":"Hpoke Kone","sev":"critical"},"geometry":{"type":"Point","coordinates":[95.676,22.9875]}},{"type":"Feature","properties":{"VILLAGE":"Ma Gyi Kone","VLG_MMR":"မကျီးကုန်း","TS":"Kanbalu","VT":"Hpoke Kone","sev":"critical"},"geometry":{"type":"Point","coordinates":[95.6198,23.0099]}},{"type":"Feature","properties":{"VILLAGE":"Su Tat","VLG_MMR":"ဆူးတပ်","TS":"Kanbalu","VT":"Hpoke Kone","sev":"critical"},"geometry":{"type":"Point","coordinates":[95.6318,22.9949]}},{"type":"Feature","properties":{"VILLAGE":"Gway Kone (South)","VLG_MMR":"ဂွေးကုန်း (တောင်)","TS":"Kanbalu","VT":"Hta Naung Kaing","sev":"critical"},"geometry":{"type":"Point","coordinates":[95.63,22.9459]}},{"type":"Feature","properties":{"VILLAGE":"Gway Kone (West)","VLG_MMR":"ဂွေးကုန်း (အနောက်)","TS":"Kanbalu","VT":"Hta Naung Kaing","sev":"critical"},"geometry":{"type":"Point","coordinates":[95.6294,22.9486]}},{"type":"Feature","properties":{"VILLAGE":"Hta Naung Kaing","VLG_MMR":"ထနောင်းကိုင်း","TS":"Kanbalu","VT":"Hta Naung Kaing","sev":"critical"},"geometry":{"type":"Point","coordinates":[95.6268,22.9383]}},{"type":"Feature","properties":{"VILLAGE":"Se Yin Kone","VLG_MMR":"ဆယ်ရင်းကုန်း","TS":"Kanbalu","VT":"Hta Naung Kaing","sev":"critical"},"geometry":{"type":"Point","coordinates":[95.6322,22.9443]}},{"type":"Feature","properties":{"VILLAGE":"Htan Kone","VLG_MMR":"ထန်းကုန်း","TS":"Kanbalu","VT":"Htan Kone","sev":"critical"},"geometry":{"type":"Point","coordinates":[95.5024,23.0722]}},{"type":"Feature","properties":{"VILLAGE":"Lel Hla","VLG_MMR":"လယ်လှ","TS":"Kanbalu","VT":"Htan Kone","sev":"critical"},"geometry":{"type":"Point","coordinates":[95.5177,23.0663]}},{"type":"Feature","properties":{"VILLAGE":"Yaw","VLG_MMR":"ယော","TS":"Kanbalu","VT":"Htan Kone","sev":"critical"},"geometry":{"type":"Point","coordinates":[95.5286,23.0698]}},{"type":"Feature","properties":{"VILLAGE":"Zee Pin Thar","VLG_MMR":"ဇီးပင်သာ","TS":"Kanbalu","VT":"Htan Kone","sev":"critical"},"geometry":{"type":"Point","coordinates":[95.5227,23.0831]}},{"type":"Feature","properties":{"VILLAGE":"Aing Hlar","VLG_MMR":"အိုင်လျား","TS":"Kanbalu","VT":"Htan Ta Pin","sev":"critical"},"geometry":{"type":"Point","coordinates":[95.6149,22.9082]}},{"type":"Feature","properties":{"VILLAGE":"Bon Myo","VLG_MMR":"ဘုံမြို့","TS":"Kanbalu","VT":"Htan Ta Pin","sev":"critical"},"geometry":{"type":"Point","coordinates":[95.5968,22.9121]}},{"type":"Feature","properties":{"VILLAGE":"Htan Ta Pin","VLG_MMR":"ထန်းတပင်","TS":"Kanbalu","VT":"Htan Ta Pin","sev":"critical"},"geometry":{"type":"Point","coordinates":[95.6111,22.9306]}},{"type":"Feature","properties":{"VILLAGE":"Htan Taw","VLG_MMR":"ထန်းတော","TS":"Kanbalu","VT":"Htan Taw","sev":"critical"},"geometry":{"type":"Point","coordinates":[95.9327,23.0548]}},{"type":"Feature","properties":{"VILLAGE":"Htein Taw (North)","VLG_MMR":"ထိန်တော (မြောက်)","TS":"Kanbalu","VT":"Htein Taw","sev":"critical"},"geometry":{"type":"Point","coordinates":[95.584,23.0735]}},{"type":"Feature","properties":{"VILLAGE":"Htein Taw (South)","VLG_MMR":"ထိန်တော (တောင်)","TS":"Kanbalu","VT":"Htein Taw","sev":"critical"},"geometry":{"type":"Point","coordinates":[95.5851,23.0698]}},{"type":"Feature","properties":{"VILLAGE":"Nyan Inn","VLG_MMR":"ညန်အင်း","TS":"Kanbalu","VT":"Htein Taw","sev":"critical"},"geometry":{"type":"Point","coordinates":[95.5499,23.1062]}},{"type":"Feature","properties":{"VILLAGE":"Yi Dway","VLG_MMR":"ရီဒွေး","TS":"Kanbalu","VT":"Htein Taw","sev":"critical"},"geometry":{"type":"Point","coordinates":[95.5428,23.0822]}},{"type":"Feature","properties":{"VILLAGE":"Ywar Ma","VLG_MMR":"ရွာမ","TS":"Kanbalu","VT":"Htein Taw","sev":"critical"},"geometry":{"type":"Point","coordinates":[95.5741,23.1176]}},{"type":"Feature","properties":{"VILLAGE":"Ywar Thit","VLG_MMR":"ရွာသစ်","TS":"Kanbalu","VT":"Htein Taw","sev":"critical"},"geometry":{"type":"Point","coordinates":[95.5641,23.1141]}},{"type":"Feature","properties":{"VILLAGE":"Inn Lel Gyi","VLG_MMR":"အင်းလယ်ကြီး","TS":"Kanbalu","VT":"Inn Lel Gyi","sev":"critical"},"geometry":{"type":"Point","coordinates":[95.6063,23.0997]}},{"type":"Feature","properties":{"VILLAGE":"Hin Hpyu Taw","VLG_MMR":"ဟင်းဖြူတော","TS":"Kanbalu","VT":"Inn Ma","sev":"critical"},"geometry":{"type":"Point","coordinates":[95.654,23.3611]}},{"type":"Feature","properties":{"VILLAGE":"Inn Ma","VLG_MMR":"အင်းမ","TS":"Kanbalu","VT":"Inn Ma","sev":"critical"},"geometry":{"type":"Point","coordinates":[95.5952,23.372]}},{"type":"Feature","properties":{"VILLAGE":"Pin Te","VLG_MMR":"ပင်းတဲ","TS":"Kanbalu","VT":"Inn Ma","sev":"critical"},"geometry":{"type":"Point","coordinates":[95.6926,23.3492]}},{"type":"Feature","properties":{"VILLAGE":"Shan Kone","VLG_MMR":"ရှမ်းကုန်း","TS":"Kanbalu","VT":"Inn Ma","sev":"critical"},"geometry":{"type":"Point","coordinates":[95.6398,23.3683]}},{"type":"Feature","properties":{"VILLAGE":"In Gar Daunt","VLG_MMR":"အင်္ဂါဒေါင့်","TS":"Kanbalu","VT":"Kaing Yoe","sev":"critical"},"geometry":{"type":"Point","coordinates":[95.6133,23.0703]}},{"type":"Feature","properties":{"VILLAGE":"Kaing Yoe","VLG_MMR":"ကိုင်းရိုး","TS":"Kanbalu","VT":"Kaing Yoe","sev":"critical"},"geometry":{"type":"Point","coordinates":[95.6071,23.0637]}},{"type":"Feature","properties":{"VILLAGE":"Tha Yet Taw","VLG_MMR":"သရက်တော","TS":"Kanbalu","VT":"Kaing Yoe","sev":"critical"},"geometry":{"type":"Point","coordinates":[95.611,23.0741]}},{"type":"Feature","properties":{"VILLAGE":"Kan Gyi (East)","VLG_MMR":"ကံကြီး (အရှေ့)","TS":"Kanbalu","VT":"Kan Gyi","sev":"critical"},"geometry":{"type":"Point","coordinates":[95.6796,23.5565]}},{"type":"Feature","properties":{"VILLAGE":"Kan Gyi (West)","VLG_MMR":"ကံကြီး (အနောက်)","TS":"Kanbalu","VT":"Kan Gyi","sev":"critical"},"geometry":{"type":"Point","coordinates":[95.6679,23.5555]}},{"type":"Feature","properties":{"VILLAGE":"Pauk Sein Kone","VLG_MMR":"ပေါက်ဆိန်ကုန်း","TS":"Kanbalu","VT":"Kan Gyi","sev":"critical"},"geometry":{"type":"Point","coordinates":[95.6817,23.583]}},{"type":"Feature","properties":{"VILLAGE":"Kan Hpyu","VLG_MMR":"ကမ်းဖြူ","TS":"Kanbalu","VT":"Kan Hpyu","sev":"critical"},"geometry":{"type":"Point","coordinates":[95.356,23.2068]}},{"type":"Feature","properties":{"VILLAGE":"Kin","VLG_MMR":"ကင်း","TS":"Kanbalu","VT":"Kan Hpyu","sev":"critical"},"geometry":{"type":"Point","coordinates":[95.3739,23.2181]}},{"type":"Feature","properties":{"VILLAGE":"Sein Nar","VLG_MMR":"စိန်နား","TS":"Kanbalu","VT":"Kan Hpyu","sev":"critical"},"geometry":{"type":"Point","coordinates":[95.3494,23.1998]}},{"type":"Feature","properties":{"VILLAGE":"Aing Paung Chaung","VLG_MMR":"အိုင်ပေါင်းချောင်","TS":"Kanbalu","VT":"Kar Boe","sev":"critical"},"geometry":{"type":"Point","coordinates":[95.5,22.889]}},{"type":"Feature","properties":{"VILLAGE":"Kar Boe","VLG_MMR":"ကာဘိုး","TS":"Kanbalu","VT":"Kar Boe","sev":"critical"},"geometry":{"type":"Point","coordinates":[95.4984,22.9009]}},{"type":"Feature","properties":{"VILLAGE":"Mu Wa","VLG_MMR":"မူးဝ","TS":"Kanbalu","VT":"Kar Boe","sev":"critical"},"geometry":{"type":"Point","coordinates":[95.4893,22.9095]}},{"type":"Feature","properties":{"VILLAGE":"Kha Ohn Tar","VLG_MMR":"ခအုံးတာ","TS":"Kanbalu","VT":"Kha Ohn Tar","sev":"critical"},"geometry":{"type":"Point","coordinates":[95.7018,23.0494]}},{"type":"Feature","properties":{"VILLAGE":"Pay Gyi","VLG_MMR":"ပေကြီး","TS":"Kanbalu","VT":"Kha Ohn Tar","sev":"critical"},"geometry":{"type":"Point","coordinates":[95.6991,23.0166]}},{"type":"Feature","properties":{"VILLAGE":"Kan Yoe","VLG_MMR":"ကန်ရိုး","TS":"Kanbalu","VT":"Kha Tauk Yin","sev":"critical"},"geometry":{"type":"Point","coordinates":[95.4146,23.1203]}},{"type":"Feature","properties":{"VILLAGE":"Kha Tauk Yin","VLG_MMR":"ခတောက်ရင်း","TS":"Kanbalu","VT":"Kha Tauk Yin","sev":"critical"},"geometry":{"type":"Point","coordinates":[95.4227,23.1109]}},{"type":"Feature","properties":{"VILLAGE":"Mya Kan Thar","VLG_MMR":"မြကန်သာ","TS":"Kanbalu","VT":"Kha Tauk Yin","sev":"critical"},"geometry":{"type":"Point","coordinates":[95.4421,23.1248]}},{"type":"Feature","properties":{"VILLAGE":"Yin Thar","VLG_MMR":"ယင်းသာ","TS":"Kanbalu","VT":"Kha Tauk Yin","sev":"critical"},"geometry":{"type":"Point","coordinates":[95.4395,23.1135]}},{"type":"Feature","properties":{"VILLAGE":"Khaw Than Ti","VLG_MMR":"ခေါ်သန္တီ","TS":"Kanbalu","VT":"Khaw Than Ti","sev":"critical"},"geometry":{"type":"Point","coordinates":[95.4673,23.0473]}},{"type":"Feature","properties":{"VILLAGE":"Moe Kyoe Pyit","VLG_MMR":"မိုးကြိုးပစ်","TS":"Kanbalu","VT":"Khaw Than Ti","sev":"critical"},"geometry":{"type":"Point","coordinates":[95.4831,23.0559]}},{"type":"Feature","properties":{"VILLAGE":"Kaing Ma","VLG_MMR":"ကိုင်းမ","TS":"Kanbalu","VT":"Koe Taung Boet","sev":"critical"},"geometry":{"type":"Point","coordinates":[95.6923,23.6717]}},{"type":"Feature","properties":{"VILLAGE":"Koe Taung Boet","VLG_MMR":"ကိုးတောင်ဘို့","TS":"Kanbalu","VT":"Koe Taung Boet","sev":"critical"},"geometry":{"type":"Point","coordinates":[95.6845,23.6833]}},{"type":"Feature","properties":{"VILLAGE":"Kyun Kone","VLG_MMR":"ကျွန်းကုံး","TS":"Kanbalu","VT":"Koe Taung Boet","sev":"critical"},"geometry":{"type":"Point","coordinates":[95.6822,23.6762]}},{"type":"Feature","properties":{"VILLAGE":"Pauk Kone","VLG_MMR":"ပေါက်ကုန်း","TS":"Kanbalu","VT":"Koe Taung Boet","sev":"critical"},"geometry":{"type":"Point","coordinates":[95.6779,23.6734]}},{"type":"Feature","properties":{"VILLAGE":"Pi Tauk Khon","VLG_MMR":"ပိတောက်ခုံ","TS":"Kanbalu","VT":"Koe Taung Boet","sev":"critical"},"geometry":{"type":"Point","coordinates":[95.6723,23.674]}},{"type":"Feature","properties":{"VILLAGE":"Pi Tauk Khon Kwet Thit","VLG_MMR":"ပိတောက်ခုံကွက်သစ်","TS":"Kanbalu","VT":"Koe Taung Boet","sev":"critical"},"geometry":{"type":"Point","coordinates":[95.679,23.6701]}},{"type":"Feature","properties":{"VILLAGE":"Gon Hnyin Sho","VLG_MMR":"ဂုံညှင်းရှို","TS":"Kanbalu","VT":"Kya Khat Aik","sev":"critical"},"geometry":{"type":"Point","coordinates":[95.699,23.7097]}},{"type":"Feature","properties":{"VILLAGE":"Kya Khat Aik","VLG_MMR":"ကျခပ်အိုက်","TS":"Kanbalu","VT":"Kya Khat Aik","sev":"critical"},"geometry":{"type":"Point","coordinates":[95.6968,23.7194]}},{"type":"Feature","properties":{"VILLAGE":"Kyauk Se Kan","VLG_MMR":"ကျောက်ဆည်ကန်","TS":"Kanbalu","VT":"Kyauk Se Kan","sev":"critical"},"geometry":{"type":"Point","coordinates":[95.6447,22.9356]}},{"type":"Feature","properties":{"VILLAGE":"Nat Taung","VLG_MMR":"နတ်တောင်","TS":"Kanbalu","VT":"Kyauk Se Kan","sev":"critical"},"geometry":{"type":"Point","coordinates":[95.6711,22.9403]}},{"type":"Feature","properties":{"VILLAGE":"Te Gyi Kone","VLG_MMR":"တဲကြီးကုန်း","TS":"Kanbalu","VT":"Kyauk Se Kan","sev":"critical"},"geometry":{"type":"Point","coordinates":[95.6453,22.9217]}},{"type":"Feature","properties":{"VILLAGE":"Gway Kone","VLG_MMR":"ဂွေးကုန်း","TS":"Kanbalu","VT":"Kyi Kone","sev":"critical"},"geometry":{"type":"Point","coordinates":[95.4988,22.9111]}},{"type":"Feature","properties":{"VILLAGE":"Kyi Kone","VLG_MMR":"ကျီကုန်း","TS":"Kanbalu","VT":"Kyi Kone","sev":"critical"},"geometry":{"type":"Point","coordinates":[95.5017,22.9305]}},{"type":"Feature","properties":{"VILLAGE":"Kyi Su","VLG_MMR":"ကျီစု","TS":"Kanbalu","VT":"Kyi Su","sev":"critical"},"geometry":{"type":"Point","coordinates":[95.4894,22.8682]}},{"type":"Feature","properties":{"VILLAGE":"Kyun Pin Kone","VLG_MMR":"ကျွန်းပင်ကုန်း","TS":"Kanbalu","VT":"Kyun Pin Kone","sev":"critical"},"geometry":{"type":"Point","coordinates":[95.5961,23.0369]}},{"type":"Feature","properties":{"VILLAGE":"Shan Tat","VLG_MMR":"ရှမ်းတပ်","TS":"Kanbalu","VT":"Kyun Pin Kone","sev":"critical"},"geometry":{"type":"Point","coordinates":[95.5865,23.0113]}},{"type":"Feature","properties":{"VILLAGE":"Yaw","VLG_MMR":"ယော","TS":"Kanbalu","VT":"Kyun Pin Kone","sev":"critical"},"geometry":{"type":"Point","coordinates":[95.5804,23.0012]}},{"type":"Feature","properties":{"VILLAGE":"In Gyin Myaing","VLG_MMR":"အင်ကြင်းမြိုင်","TS":"Kanbalu","VT":"Leik Tu","sev":"critical"},"geometry":{"type":"Point","coordinates":[95.5721,23.2671]}},{"type":"Feature","properties":{"VILLAGE":"In Gyin Su","VLG_MMR":"အင်ကြင်းစု","TS":"Kanbalu","VT":"Leik Tu","sev":"critical"},"geometry":{"type":"Point","coordinates":[95.5412,23.2646]}},{"type":"Feature","properties":{"VILLAGE":"Kaing Taw","VLG_MMR":"ကိုင်းတော","TS":"Kanbalu","VT":"Leik Tu","sev":"critical"},"geometry":{"type":"Point","coordinates":[95.5093,23.2544]}},{"type":"Feature","properties":{"VILLAGE":"Leik Tu","VLG_MMR":"လိတ္တူ","TS":"Kanbalu","VT":"Leik Tu","sev":"critical"},"geometry":{"type":"Point","coordinates":[95.5187,23.2459]}},{"type":"Feature","properties":{"VILLAGE":"Mya Kan Thar","VLG_MMR":"မြကန်သာ","TS":"Kanbalu","VT":"Leik Tu","sev":"critical"},"geometry":{"type":"Point","coordinates":[95.4806,23.2393]}},{"type":"Feature","properties":{"VILLAGE":"Kyauk Lone Gyi","VLG_MMR":"ကျောက်လုံးကြီး","TS":"Kanbalu","VT":"Ma Lel","sev":"critical"},"geometry":{"type":"Point","coordinates":[95.9733,23.0957]}},{"type":"Feature","properties":{"VILLAGE":"Ma Lel","VLG_MMR":"မလယ်","TS":"Kanbalu","VT":"Ma Lel","sev":"critical"},"geometry":{"type":"Point","coordinates":[95.9736,23.0302]}},{"type":"Feature","properties":{"VILLAGE":"Ywar Thar Yar","VLG_MMR":"ရွာသာယာ","TS":"Kanbalu","VT":"Ma Lel","sev":"critical"},"geometry":{"type":"Point","coordinates":[95.9715,22.9546]}},{"type":"Feature","properties":{"VILLAGE":"Bo Kone","VLG_MMR":"ဘိုကုန်း","TS":"Kanbalu","VT":"Me Thei","sev":"critical"},"geometry":{"type":"Point","coordinates":[95.5495,23.0416]}},{"type":"Feature","properties":{"VILLAGE":"Me Thei","VLG_MMR":"မဲသည်","TS":"Kanbalu","VT":"Me Thei","sev":"critical"},"geometry":{"type":"Point","coordinates":[95.5762,23.034]}},{"type":"Feature","properties":{"VILLAGE":"Pay Lel","VLG_MMR":"ပေလယ်","TS":"Kanbalu","VT":"Me Thei","sev":"critical"},"geometry":{"type":"Point","coordinates":[95.5557,23.0316]}},{"type":"Feature","properties":{"VILLAGE":"Tha Pyay Thar","VLG_MMR":"သပြေသာ","TS":"Kanbalu","VT":"Me Thei","sev":"critical"},"geometry":{"type":"Point","coordinates":[95.5663,23.047]}},{"type":"Feature","properties":{"VILLAGE":"Hman Thar","VLG_MMR":"မှန်သာ","TS":"Kanbalu","VT":"Mei Za Taw","sev":"critical"},"geometry":{"type":"Point","coordinates":[95.967,22.9011]}},{"type":"Feature","properties":{"VILLAGE":"Mei Za Taw","VLG_MMR":"မယ်ဇတော","TS":"Kanbalu","VT":"Mei Za Taw","sev":"critical"},"geometry":{"type":"Point","coordinates":[95.9221,22.9552]}},{"type":"Feature","properties":{"VILLAGE":"Meik Tha Lin Kone","VLG_MMR":"မိတ်သလင်ကုံး","TS":"Kanbalu","VT":"Meik Tha Lin Kone","sev":"critical"},"geometry":{"type":"Point","coordinates":[95.6816,23.6562]}},{"type":"Feature","properties":{"VILLAGE":"Shar Chaung","VLG_MMR":"ရှားချောင်း","TS":"Kanbalu","VT":"Meik Tha Lin Kone","sev":"critical"},"geometry":{"type":"Point","coordinates":[95.694,23.6613]}},{"type":"Feature","properties":{"VILLAGE":"Yaw Kone","VLG_MMR":"ယောကုန်း","TS":"Kanbalu","VT":"Meik Tha Lin Kone","sev":"critical"},"geometry":{"type":"Point","coordinates":[95.6998,23.6487]}},{"type":"Feature","properties":{"VILLAGE":"Myauk Pay Kone","VLG_MMR":"မြောက်ပေကုန်း","TS":"Kanbalu","VT":"Myauk Pay Kone","sev":"critical"},"geometry":{"type":"Point","coordinates":[95.8008,23.4338]}},{"type":"Feature","properties":{"VILLAGE":"Oke Shit Kone","VLG_MMR":"အုပ်ရှစ်ကုန်း","TS":"Kanbalu","VT":"Myauk Pay Kone","sev":"critical"},"geometry":{"type":"Point","coordinates":[95.8345,23.4947]}},{"type":"Feature","properties":{"VILLAGE":"Hmaw Taw","VLG_MMR":"မှော်တော်","TS":"Kanbalu","VT":"Myay Du","sev":"critical"},"geometry":{"type":"Point","coordinates":[95.4134,23.1545]}},{"type":"Feature","properties":{"VILLAGE":"Lin Da An","VLG_MMR":"လင်းဒအံ","TS":"Kanbalu","VT":"Myay Du","sev":"critical"},"geometry":{"type":"Point","coordinates":[95.4021,23.136]}},{"type":"Feature","properties":{"VILLAGE":"Myay Du","VLG_MMR":"မြေဒူး","TS":"Kanbalu","VT":"Myay Du","sev":"critical"},"geometry":{"type":"Point","coordinates":[95.3935,23.1756]}},{"type":"Feature","properties":{"VILLAGE":"Ngar Yant Taing","VLG_MMR":"ငါးရံ့တိုင်း","TS":"Kanbalu","VT":"Myay Du","sev":"critical"},"geometry":{"type":"Point","coordinates":[95.3973,23.2054]}},{"type":"Feature","properties":{"VILLAGE":"War Yon Poke","VLG_MMR":"ဝါးရုံပုတ်","TS":"Kanbalu","VT":"Myay Du","sev":"critical"},"geometry":{"type":"Point","coordinates":[95.4366,23.1968]}},{"type":"Feature","properties":{"VILLAGE":"Myay Mun","VLG_MMR":"မြေမွန်","TS":"Kanbalu","VT":"Myay Mun","sev":"critical"},"geometry":{"type":"Point","coordinates":[95.7803,22.9795]}},{"type":"Feature","properties":{"VILLAGE":"Pa Zi Lay","VLG_MMR":"ပဇီလေး","TS":"Kanbalu","VT":"Myay Mun","sev":"critical"},"geometry":{"type":"Point","coordinates":[95.8311,23.0191]}},{"type":"Feature","properties":{"VILLAGE":"Sa Kyin","VLG_MMR":"ဆကျင်","TS":"Kanbalu","VT":"Myay Mun","sev":"critical"},"geometry":{"type":"Point","coordinates":[95.7737,22.9436]}},{"type":"Feature","properties":{"VILLAGE":"Thar Yar Mun","VLG_MMR":"သာယာမွန်","TS":"Kanbalu","VT":"Myay Mun","sev":"critical"},"geometry":{"type":"Point","coordinates":[95.7982,22.9639]}},{"type":"Feature","properties":{"VILLAGE":"Thi Ri Mun","VLG_MMR":"သီရိမွန်","TS":"Kanbalu","VT":"Myay Mun","sev":"critical"},"geometry":{"type":"Point","coordinates":[95.7873,23.0482]}},{"type":"Feature","properties":{"VILLAGE":"Na Gar Paw","VLG_MMR":"နဂါးပေါ်","TS":"Kanbalu","VT":"Na Gar Paw","sev":"critical"},"geometry":{"type":"Point","coordinates":[95.6947,23.4107]}},{"type":"Feature","properties":{"VILLAGE":"Nat Pay","VLG_MMR":"နတ်ပေး","TS":"Kanbalu","VT":"Nat Pay","sev":"critical"},"geometry":{"type":"Point","coordinates":[95.5092,23.172]}},{"type":"Feature","properties":{"VILLAGE":"Ngar Toet","VLG_MMR":"ငါတို့","TS":"Kanbalu","VT":"Nat Pay","sev":"critical"},"geometry":{"type":"Point","coordinates":[95.556,23.1606]}},{"type":"Feature","properties":{"VILLAGE":"Nga Myaung","VLG_MMR":"ငါးမြောင်","TS":"Kanbalu","VT":"Ngar Myaung","sev":"critical"},"geometry":{"type":"Point","coordinates":[95.6198,22.924]}},{"type":"Feature","properties":{"VILLAGE":"Ngar Yar Ne (North)","VLG_MMR":"ငါးရာနဲ (မြောက်)","TS":"Kanbalu","VT":"Ngar Yar Ne","sev":"critical"},"geometry":{"type":"Point","coordinates":[95.5345,22.9582]}},{"type":"Feature","properties":{"VILLAGE":"Ngar Yar Ne (South)","VLG_MMR":"ငါးရာနဲ (တောင်)","TS":"Kanbalu","VT":"Ngar Yar Ne","sev":"critical"},"geometry":{"type":"Point","coordinates":[95.5337,22.9528]}},{"type":"Feature","properties":{"VILLAGE":"Tha Peik Hmauk","VLG_MMR":"သပိတ်မှောက်","TS":"Kanbalu","VT":"Ngar Yar Ne","sev":"critical"},"geometry":{"type":"Point","coordinates":[95.5382,22.9322]}},{"type":"Feature","properties":{"VILLAGE":"Yin Ngat Kone (North)","VLG_MMR":"ရင်ငတ်ကုန်း (မြောက်)","TS":"Kanbalu","VT":"Ngar Yar Ne","sev":"critical"},"geometry":{"type":"Point","coordinates":[95.5542,22.9498]}},{"type":"Feature","properties":{"VILLAGE":"Yin Ngat Kone (South)","VLG_MMR":"ရင်ငတ်ကုန်း (တောင်)","TS":"Kanbalu","VT":"Ngar Yar Ne","sev":"critical"},"geometry":{"type":"Point","coordinates":[95.5519,22.9465]}},{"type":"Feature","properties":{"VILLAGE":"In Ngoke To","VLG_MMR":"အင်ငုတ္တို","TS":"Kanbalu","VT":"Nyaung Kan Thar","sev":"critical"},"geometry":{"type":"Point","coordinates":[95.6274,23.4705]}},{"type":"Feature","properties":{"VILLAGE":"Nyaung Kan Thar","VLG_MMR":"ညောင်ကန်သာ","TS":"Kanbalu","VT":"Nyaung Kan Thar","sev":"critical"},"geometry":{"type":"Point","coordinates":[95.6501,23.4677]}},{"type":"Feature","properties":{"VILLAGE":"Ta Mar Kone","VLG_MMR":"တမာကုန်း","TS":"Kanbalu","VT":"Nyaung Kan Thar","sev":"critical"},"geometry":{"type":"Point","coordinates":[95.6395,23.4889]}},{"type":"Feature","properties":{"VILLAGE":"Let Khoke Pin","VLG_MMR":"လက်ခုတ်ပင်","TS":"Kanbalu","VT":"Nyaung Kone","sev":"critical"},"geometry":{"type":"Point","coordinates":[95.5088,23.4949]}},{"type":"Feature","properties":{"VILLAGE":"Nyaung Kone","VLG_MMR":"ညောင်ကုန်း","TS":"Kanbalu","VT":"Nyaung Kone","sev":"critical"},"geometry":{"type":"Point","coordinates":[95.5355,23.4676]}},{"type":"Feature","properties":{"VILLAGE":"Pa Lu Thar","VLG_MMR":"ပလူသာ","TS":"Kanbalu","VT":"Nyaung Kone","sev":"critical"},"geometry":{"type":"Point","coordinates":[95.5757,23.4509]}},{"type":"Feature","properties":{"VILLAGE":"In Hpet Taw","VLG_MMR":"အင်ဖက်တော","TS":"Kanbalu","VT":"Nyaung Pin Gyi","sev":"critical"},"geometry":{"type":"Point","coordinates":[95.4645,23.0883]}},{"type":"Feature","properties":{"VILLAGE":"Moe Kaung","VLG_MMR":"မိုးကောင်း","TS":"Kanbalu","VT":"Nyaung Pin Gyi","sev":"critical"},"geometry":{"type":"Point","coordinates":[95.438,23.082]}},{"type":"Feature","properties":{"VILLAGE":"Nyaung Pin Gyi","VLG_MMR":"ညောင်ပင်ကြီး","TS":"Kanbalu","VT":"Nyaung Pin Gyi","sev":"critical"},"geometry":{"type":"Point","coordinates":[95.4486,23.0883]}},{"type":"Feature","properties":{"VILLAGE":"Nyaung Pin Seik","VLG_MMR":"ညောင်ပင်ဆိပ်","TS":"Kanbalu","VT":"Nyaung Pin Seik","sev":"critical"},"geometry":{"type":"Point","coordinates":[95.4928,22.9416]}},{"type":"Feature","properties":{"VILLAGE":"Hpet Than Kone","VLG_MMR":"ဖက်သန်းကုန်း","TS":"Kanbalu","VT":"Nyaung Zin Lay","sev":"critical"},"geometry":{"type":"Point","coordinates":[95.5242,23.014]}},{"type":"Feature","properties":{"VILLAGE":"Koe Myo","VLG_MMR":"ကိုးမြို့","TS":"Kanbalu","VT":"Nyaung Zin Lay","sev":"critical"},"geometry":{"type":"Point","coordinates":[95.5026,22.9891]}},{"type":"Feature","properties":{"VILLAGE":"Nyaung Zin Gyi","VLG_MMR":"ညောင်ဇင်ကြီး","TS":"Kanbalu","VT":"Nyaung Zin Lay","sev":"critical"},"geometry":{"type":"Point","coordinates":[95.5465,23.0098]}},{"type":"Feature","properties":{"VILLAGE":"Nyaung Zin Lay","VLG_MMR":"ညောင်ဇင်လေး","TS":"Kanbalu","VT":"Nyaung Zin Lay","sev":"critical"},"geometry":{"type":"Point","coordinates":[95.5279,23.0052]}},{"type":"Feature","properties":{"VILLAGE":"Thin Paung Kyin","VLG_MMR":"သင်ပေါင်းကျင်း","TS":"Kanbalu","VT":"Nyaung Zin Lay","sev":"critical"},"geometry":{"type":"Point","coordinates":[95.5173,23.0042]}},{"type":"Feature","properties":{"VILLAGE":"Kyay Taw","VLG_MMR":"ကျေးတော","TS":"Kanbalu","VT":"Nyo Pin Sho","sev":"critical"},"geometry":{"type":"Point","coordinates":[95.7115,23.491]}},{"type":"Feature","properties":{"VILLAGE":"Nyo Pin Sho","VLG_MMR":"ညိုပင်ရှို","TS":"Kanbalu","VT":"Nyo Pin Sho","sev":"critical"},"geometry":{"type":"Point","coordinates":[95.717,23.4789]}},{"type":"Feature","properties":{"VILLAGE":"Pauk Taw","VLG_MMR":"ပေါက်တော","TS":"Kanbalu","VT":"Nyo Pin Sho","sev":"critical"},"geometry":{"type":"Point","coordinates":[95.7035,23.4842]}},{"type":"Feature","properties":{"VILLAGE":"Zee Hpyu Kone","VLG_MMR":"ဇီးဖြူကုန်း","TS":"Kanbalu","VT":"Nyo Pin Sho","sev":"critical"},"geometry":{"type":"Point","coordinates":[95.7197,23.5063]}},{"type":"Feature","properties":{"VILLAGE":"Khin Thar","VLG_MMR":"ခင်သာ","TS":"Kanbalu","VT":"Oke Hpo","sev":"critical"},"geometry":{"type":"Point","coordinates":[95.5022,23.0618]}},{"type":"Feature","properties":{"VILLAGE":"Ohn Taw","VLG_MMR":"အုန်းတော","TS":"Kanbalu","VT":"Oke Hpo","sev":"critical"},"geometry":{"type":"Point","coordinates":[95.4857,23.035]}},{"type":"Feature","properties":{"VILLAGE":"Oke Hpo","VLG_MMR":"အုပ်ဖို","TS":"Kanbalu","VT":"Oke Hpo","sev":"critical"},"geometry":{"type":"Point","coordinates":[95.4931,23.0498]}},{"type":"Feature","properties":{"VILLAGE":"Yae Kyi U (East)","VLG_MMR":"ရေကြည် (အရှေ့)","TS":"Kanbalu","VT":"Oke Hpo","sev":"critical"},"geometry":{"type":"Point","coordinates":[95.5008,23.0575]}},{"type":"Feature","properties":{"VILLAGE":"Yae Kyi U (West)","VLG_MMR":"ရေကြည်ဦး (အနောက်)","TS":"Kanbalu","VT":"Oke Hpo","sev":"critical"},"geometry":{"type":"Point","coordinates":[95.4943,23.0588]}},{"type":"Feature","properties":{"VILLAGE":"Chaung Thar","VLG_MMR":"ချောင်းသာ","TS":"Kanbalu","VT":"Pa Zi Gyi","sev":"critical"},"geometry":{"type":"Point","coordinates":[95.8995,23.0288]}},{"type":"Feature","properties":{"VILLAGE":"Lay Twin Zin","VLG_MMR":"လေးတွင်းဇင်","TS":"Kanbalu","VT":"Pa Zi Gyi","sev":"critical"},"geometry":{"type":"Point","coordinates":[95.9271,23.0298]}},{"type":"Feature","properties":{"VILLAGE":"Pa Zi Gyi","VLG_MMR":"ပဇီကြီး","TS":"Kanbalu","VT":"Pa Zi Gyi","sev":"critical"},"geometry":{"type":"Point","coordinates":[95.9206,23.0049]}},{"type":"Feature","properties":{"VILLAGE":"Chaung Kyar","VLG_MMR":"ချောင်းကြား","TS":"Kanbalu","VT":"Pay Kone","sev":"critical"},"geometry":{"type":"Point","coordinates":[95.5675,23.3752]}},{"type":"Feature","properties":{"VILLAGE":"Pay Kone (South)","VLG_MMR":"ပေကုန်း (တောင်)","TS":"Kanbalu","VT":"Pay Kone","sev":"critical"},"geometry":{"type":"Point","coordinates":[95.5347,23.3432]}},{"type":"Feature","properties":{"VILLAGE":"Oke Khin","VLG_MMR":"အုပ်ခင်း","TS":"Kanbalu","VT":"Pint Thar Gyi","sev":"critical"},"geometry":{"type":"Point","coordinates":[95.6933,23.4375]}},{"type":"Feature","properties":{"VILLAGE":"Pi Tauk Pin","VLG_MMR":"ပိတောက်ပင်","TS":"Kanbalu","VT":"Pint Thar Gyi","sev":"critical"},"geometry":{"type":"Point","coordinates":[95.7059,23.4355]}},{"type":"Feature","properties":{"VILLAGE":"Pint Thar Gyi","VLG_MMR":"ပင့်သာကြီး","TS":"Kanbalu","VT":"Pint Thar Gyi","sev":"critical"},"geometry":{"type":"Point","coordinates":[95.695,23.456]}},{"type":"Feature","properties":{"VILLAGE":"Poke Par","VLG_MMR":"ပုပ်ပါး","TS":"Kanbalu","VT":"Poke Par","sev":"critical"},"geometry":{"type":"Point","coordinates":[95.5907,22.9289]}},{"type":"Feature","properties":{"VILLAGE":"Pyin Taw","VLG_MMR":"ပျဉ်းတော်","TS":"Kanbalu","VT":"Poke Par","sev":"critical"},"geometry":{"type":"Point","coordinates":[95.5938,22.9478]}},{"type":"Feature","properties":{"VILLAGE":"Sa Bai Nant Thar","VLG_MMR":"စပါယ်နံ့သာ","TS":"Kanbalu","VT":"Sa Bai Nant Thar","sev":"critical"},"geometry":{"type":"Point","coordinates":[95.7271,23.1688]}},{"type":"Feature","properties":{"VILLAGE":"Yae Aye","VLG_MMR":"ရေအေး","TS":"Kanbalu","VT":"Sa Bai Nant Thar","sev":"critical"},"geometry":{"type":"Point","coordinates":[95.7202,23.1438]}},{"type":"Feature","properties":{"VILLAGE":"Chaung Zauk","VLG_MMR":"ချောင်းဇောက်","TS":"Kanbalu","VT":"San Da Yar","sev":"critical"},"geometry":{"type":"Point","coordinates":[95.4378,23.2448]}},{"type":"Feature","properties":{"VILLAGE":"Kan Thar Htun (Kan Thar Kone)","VLG_MMR":"ကံသာထွန်း","TS":"Kanbalu","VT":"San Da Yar","sev":"critical"},"geometry":{"type":"Point","coordinates":[95.4396,23.2528]}},{"type":"Feature","properties":{"VILLAGE":"San Da Yar","VLG_MMR":"စန္ဒယား","TS":"Kanbalu","VT":"San Da Yar","sev":"critical"},"geometry":{"type":"Point","coordinates":[95.4014,23.2578]}},{"type":"Feature","properties":{"VILLAGE":"San Da Yar (Ywar Thit)","VLG_MMR":"စန္ဒယား (ရွာသစ်)","TS":"Kanbalu","VT":"San Da Yar","sev":"critical"},"geometry":{"type":"Point","coordinates":[95.4162,23.2436]}},{"type":"Feature","properties":{"VILLAGE":"Ywar Thit Kone","VLG_MMR":"ရွာသစ်ကုန်း","TS":"Kanbalu","VT":"San Da Yar","sev":"critical"},"geometry":{"type":"Point","coordinates":[95.4222,23.2528]}},{"type":"Feature","properties":{"VILLAGE":"Hle Pwe","VLG_MMR":"လှဲပွဲ","TS":"Kanbalu","VT":"Sar Kyin","sev":"critical"},"geometry":{"type":"Point","coordinates":[95.669,23.4881]}},{"type":"Feature","properties":{"VILLAGE":"Hnaw Kone","VLG_MMR":"နှောကုန်း","TS":"Kanbalu","VT":"Sar Kyin","sev":"critical"},"geometry":{"type":"Point","coordinates":[95.6974,23.4978]}},{"type":"Feature","properties":{"VILLAGE":"Sar Kyin","VLG_MMR":"ဆားကျင်း","TS":"Kanbalu","VT":"Sar Kyin","sev":"critical"},"geometry":{"type":"Point","coordinates":[95.6827,23.4816]}},{"type":"Feature","properties":{"VILLAGE":"Baw Di Kone","VLG_MMR":"ဗောဓိကုန်း","TS":"Kanbalu","VT":"Si Son Gyi","sev":"critical"},"geometry":{"type":"Point","coordinates":[95.5797,22.8957]}},{"type":"Feature","properties":{"VILLAGE":"Lay Doke","VLG_MMR":"လေးဒုတ်","TS":"Kanbalu","VT":"Si Son Gyi","sev":"critical"},"geometry":{"type":"Point","coordinates":[95.551,22.8824]}},{"type":"Feature","properties":{"VILLAGE":"Si Son Gyi","VLG_MMR":"ဆီဆုံကြီး","TS":"Kanbalu","VT":"Si Son Gyi","sev":"critical"},"geometry":{"type":"Point","coordinates":[95.5702,22.8874]}},{"type":"Feature","properties":{"VILLAGE":"Ywar Thit","VLG_MMR":"ရွာသစ်","TS":"Kanbalu","VT":"Si Son Gyi","sev":"critical"},"geometry":{"type":"Point","coordinates":[95.5744,22.8973]}},{"type":"Feature","properties":{"VILLAGE":"Bo Te Kone","VLG_MMR":"ဘိုတဲကုန်း","TS":"Kanbalu","VT":"Su Poke Kone","sev":"critical"},"geometry":{"type":"Point","coordinates":[95.523,23.0437]}},{"type":"Feature","properties":{"VILLAGE":"Su Poke Kone","VLG_MMR":"ဆူးပုတ်ကုန်း","TS":"Kanbalu","VT":"Su Poke Kone","sev":"critical"},"geometry":{"type":"Point","coordinates":[95.5352,23.0474]}},{"type":"Feature","properties":{"VILLAGE":"Kan Gyi Kone","VLG_MMR":"ကံကြီးကုန်း","TS":"Kanbalu","VT":"Tauk Ka Shat","sev":"critical"},"geometry":{"type":"Point","coordinates":[95.4578,23.146]}},{"type":"Feature","properties":{"VILLAGE":"Kan Thar Kone","VLG_MMR":"ကံသာကုန်း","TS":"Kanbalu","VT":"Tauk Ka Shat","sev":"critical"},"geometry":{"type":"Point","coordinates":[95.4497,23.1665]}},{"type":"Feature","properties":{"VILLAGE":"Min Kone","VLG_MMR":"မင်းကုန်း","TS":"Kanbalu","VT":"Tauk Ka Shat","sev":"critical"},"geometry":{"type":"Point","coordinates":[95.4459,23.1551]}},{"type":"Feature","properties":{"VILLAGE":"Seik Hpu Myaung","VLG_MMR":"ဆိပ်ဖူးမြောင်","TS":"Kanbalu","VT":"Tauk Ka Shat","sev":"critical"},"geometry":{"type":"Point","coordinates":[95.4818,23.1928]}},{"type":"Feature","properties":{"VILLAGE":"Tauk Ka Shat","VLG_MMR":"တောက္ကရှပ်","TS":"Kanbalu","VT":"Tauk Ka Shat","sev":"critical"},"geometry":{"type":"Point","coordinates":[95.4519,23.1604]}},{"type":"Feature","properties":{"VILLAGE":"Hpa Lar Ya","VLG_MMR":"ဖလယ","TS":"Kanbalu","VT":"Tei Pin","sev":"critical"},"geometry":{"type":"Point","coordinates":[95.5871,23.3942]}},{"type":"Feature","properties":{"VILLAGE":"Ma Gyi Kone","VLG_MMR":"မကျီးကုန်း","TS":"Kanbalu","VT":"Tei Pin","sev":"critical"},"geometry":{"type":"Point","coordinates":[95.5674,23.4186]}},{"type":"Feature","properties":{"VILLAGE":"Tei Pin","VLG_MMR":"တည်ပင်","TS":"Kanbalu","VT":"Tei Pin","sev":"critical"},"geometry":{"type":"Point","coordinates":[95.6015,23.4024]}},{"type":"Feature","properties":{"VILLAGE":"Tha But Kone","VLG_MMR":"သဘွတ်ကုန်း","TS":"Kanbalu","VT":"Tha But Kone","sev":"critical"},"geometry":{"type":"Point","coordinates":[95.4897,23.0239]}},{"type":"Feature","properties":{"VILLAGE":"Tha Le U","VLG_MMR":"သလဲဦး","TS":"Kanbalu","VT":"Tha Le U","sev":"critical"},"geometry":{"type":"Point","coordinates":[95.6321,22.957]}},{"type":"Feature","properties":{"VILLAGE":"Zar Di (East)","VLG_MMR":"ဇာဒီ (အရှေ့)","TS":"Kanbalu","VT":"Tha Le U","sev":"critical"},"geometry":{"type":"Point","coordinates":[95.6353,22.9621]}},{"type":"Feature","properties":{"VILLAGE":"Zar Di (West)","VLG_MMR":"ဇာဒီ (အနောက်)","TS":"Kanbalu","VT":"Tha Le U","sev":"critical"},"geometry":{"type":"Point","coordinates":[95.6309,22.962]}},{"type":"Feature","properties":{"VILLAGE":"Hpo Kone","VLG_MMR":"ဖိုကုန်း","TS":"Kanbalu","VT":"Tha Pyay Thar","sev":"critical"},"geometry":{"type":"Point","coordinates":[95.5736,22.9407]}},{"type":"Feature","properties":{"VILLAGE":"Kyaung Kone","VLG_MMR":"ကျောင်းကုန်း","TS":"Kanbalu","VT":"Tha Pyay Thar","sev":"critical"},"geometry":{"type":"Point","coordinates":[95.5762,22.9434]}},{"type":"Feature","properties":{"VILLAGE":"Let Htoke Kone","VLG_MMR":"လက်ထုတ်ကုန်း","TS":"Kanbalu","VT":"Tha Pyay Thar","sev":"critical"},"geometry":{"type":"Point","coordinates":[95.5605,22.9614]}},{"type":"Feature","properties":{"VILLAGE":"Min Bar (East)","VLG_MMR":"မင်းဘာ (အရှေ့)","TS":"Kanbalu","VT":"Tha Pyay Thar","sev":"critical"},"geometry":{"type":"Point","coordinates":[95.57,22.9578]}},{"type":"Feature","properties":{"VILLAGE":"Min Bar (West)","VLG_MMR":"မင်းဘာ (အနောက်)","TS":"Kanbalu","VT":"Tha Pyay Thar","sev":"critical"},"geometry":{"type":"Point","coordinates":[95.5658,22.9583]}},{"type":"Feature","properties":{"VILLAGE":"Tha Pyay Thar","VLG_MMR":"သပြေသာ","TS":"Kanbalu","VT":"Tha Pyay Thar","sev":"critical"},"geometry":{"type":"Point","coordinates":[95.5678,22.9412]}},{"type":"Feature","properties":{"VILLAGE":"Kyar Bet Kan","VLG_MMR":"ကြာဘက်ကံ","TS":"Kanbalu","VT":"Tha Yet Kan Gyi","sev":"critical"},"geometry":{"type":"Point","coordinates":[95.5882,22.9753]}},{"type":"Feature","properties":{"VILLAGE":"Min Ywar Taw","VLG_MMR":"မင်းရွာတော","TS":"Kanbalu","VT":"Tha Yet Kan Gyi","sev":"critical"},"geometry":{"type":"Point","coordinates":[95.5972,22.9787]}},{"type":"Feature","properties":{"VILLAGE":"Nyaung Kaing","VLG_MMR":"ညောင်ကိုင်း","TS":"Kanbalu","VT":"Tha Yet Kan Gyi","sev":"critical"},"geometry":{"type":"Point","coordinates":[95.5883,22.9665]}},{"type":"Feature","properties":{"VILLAGE":"Set Kyi","VLG_MMR":"စက်ကြည်","TS":"Kanbalu","VT":"Tha Yet Kan Gyi","sev":"critical"},"geometry":{"type":"Point","coordinates":[95.5827,22.9524]}},{"type":"Feature","properties":{"VILLAGE":"Tha Yet Kan Gyi","VLG_MMR":"သရက်ကံကြီး","TS":"Kanbalu","VT":"Tha Yet Kan Gyi","sev":"critical"},"geometry":{"type":"Point","coordinates":[95.5813,22.9622]}},{"type":"Feature","properties":{"VILLAGE":"Hpoet Kone","VLG_MMR":"ဖို့ကုန်း","TS":"Kanbalu","VT":"Thauk Kan","sev":"critical"},"geometry":{"type":"Point","coordinates":[95.6469,22.8706]}},{"type":"Feature","properties":{"VILLAGE":"Pyay Kwin","VLG_MMR":"ပြေကွင်း","TS":"Kanbalu","VT":"Thauk Kan","sev":"critical"},"geometry":{"type":"Point","coordinates":[95.6451,22.8794]}},{"type":"Feature","properties":{"VILLAGE":"Thauk Kan","VLG_MMR":"သောက္ကန်","TS":"Kanbalu","VT":"Thauk Kan","sev":"critical"},"geometry":{"type":"Point","coordinates":[95.6696,22.8588]}},{"type":"Feature","properties":{"VILLAGE":"Thone Sint Kan","VLG_MMR":"သုံးဆင့်ကန်","TS":"Kanbalu","VT":"Thauk Kan","sev":"critical"},"geometry":{"type":"Point","coordinates":[95.6905,22.8624]}},{"type":"Feature","properties":{"VILLAGE":"Ywar Thit","VLG_MMR":"ရွာသစ်","TS":"Kanbalu","VT":"Thauk Kan","sev":"critical"},"geometry":{"type":"Point","coordinates":[95.6531,22.8531]}},{"type":"Feature","properties":{"VILLAGE":"Ka Zun Inn","VLG_MMR":"ကဇွန်းအင်း","TS":"Kanbalu","VT":"Thin Pan Taw","sev":"critical"},"geometry":{"type":"Point","coordinates":[95.4721,23.2556]}},{"type":"Feature","properties":{"VILLAGE":"Kan Thar Hla","VLG_MMR":"ကံသာလှ","TS":"Kanbalu","VT":"Thin Pan Taw","sev":"critical"},"geometry":{"type":"Point","coordinates":[95.4563,23.2587]}},{"type":"Feature","properties":{"VILLAGE":"Ta Khun Taing","VLG_MMR":"တံခွန်တိုင်","TS":"Kanbalu","VT":"Thin Pan Taw","sev":"critical"},"geometry":{"type":"Point","coordinates":[95.4837,23.2435]}},{"type":"Feature","properties":{"VILLAGE":"Thin Pan Taw","VLG_MMR":"သင်ပန်းတော","TS":"Kanbalu","VT":"Thin Pan Taw","sev":"critical"},"geometry":{"type":"Point","coordinates":[95.4777,23.285]}},{"type":"Feature","properties":{"VILLAGE":"Ah Lel Khon","VLG_MMR":"အလယ်ခုံ","TS":"Kanbalu","VT":"Thin Taw","sev":"critical"},"geometry":{"type":"Point","coordinates":[95.6549,23.6105]}},{"type":"Feature","properties":{"VILLAGE":"Lwin Gyi","VLG_MMR":"လွင်ကြီး","TS":"Kanbalu","VT":"Thin Taw","sev":"critical"},"geometry":{"type":"Point","coordinates":[95.6653,23.6045]}},{"type":"Feature","properties":{"VILLAGE":"Thin Taw","VLG_MMR":"သင်တော","TS":"Kanbalu","VT":"Thin Taw","sev":"critical"},"geometry":{"type":"Point","coordinates":[95.6802,23.6028]}},{"type":"Feature","properties":{"VILLAGE":"Zaw Chaung","VLG_MMR":"ဇော်ချောင်း","TS":"Kanbalu","VT":"Thin Taw","sev":"critical"},"geometry":{"type":"Point","coordinates":[95.6719,23.613]}},{"type":"Feature","properties":{"VILLAGE":"Boke San Kone","VLG_MMR":"ဘုတ်ဆန်းကုန်း","TS":"Kanbalu","VT":"Tin Maw","sev":"critical"},"geometry":{"type":"Point","coordinates":[95.7318,23.5083]}},{"type":"Feature","properties":{"VILLAGE":"Mont Paung","VLG_MMR":"မုံ့ပေါင်း","TS":"Kanbalu","VT":"Tin Maw","sev":"critical"},"geometry":{"type":"Point","coordinates":[95.7562,23.5272]}},{"type":"Feature","properties":{"VILLAGE":"Pon Nar Gyi","VLG_MMR":"ပုဏ္ဏားကြီး","TS":"Kanbalu","VT":"Tin Maw","sev":"critical"},"geometry":{"type":"Point","coordinates":[95.6942,23.5366]}},{"type":"Feature","properties":{"VILLAGE":"Tin Maw","VLG_MMR":"တင်မော်","TS":"Kanbalu","VT":"Tin Maw","sev":"critical"},"geometry":{"type":"Point","coordinates":[95.7247,23.5361]}},{"type":"Feature","properties":{"VILLAGE":"Tin Ngoke Gyi","VLG_MMR":"တင်ငုတ်ကြီး","TS":"Kanbalu","VT":"Tin Ngoke Gyi","sev":"critical"},"geometry":{"type":"Point","coordinates":[95.4827,22.9916]}},{"type":"Feature","properties":{"VILLAGE":"Mei Za Li Kone","VLG_MMR":"မယ်ဇလီကုန်း","TS":"Kanbalu","VT":"Wet Toe (North)","sev":"critical"},"geometry":{"type":"Point","coordinates":[95.5055,23.0967]}},{"type":"Feature","properties":{"VILLAGE":"Myaung Paung Yin","VLG_MMR":"မြောင်ပေါင်ရင်း","TS":"Kanbalu","VT":"Wet Toe (North)","sev":"critical"},"geometry":{"type":"Point","coordinates":[95.5099,23.1309]}},{"type":"Feature","properties":{"VILLAGE":"Wet Toe (North)","VLG_MMR":"ဝက်တိုး (မြောက်)","TS":"Kanbalu","VT":"Wet Toe (North)","sev":"critical"},"geometry":{"type":"Point","coordinates":[95.4903,23.1069]}},{"type":"Feature","properties":{"VILLAGE":"Wet Toe (North)","VLG_MMR":"ဝက်တိုး (မြောက်)","TS":"Kanbalu","VT":"Wet Toe (South)","sev":"critical"},"geometry":{"type":"Point","coordinates":[95.5341,22.8985]}},{"type":"Feature","properties":{"VILLAGE":"Wet Toe (South)","VLG_MMR":"ဝက်တိုး (တောင်)","TS":"Kanbalu","VT":"Wet Toe (South)","sev":"critical"},"geometry":{"type":"Point","coordinates":[95.5351,22.8949]}},{"type":"Feature","properties":{"VILLAGE":"Inn Gyi Let","VLG_MMR":"အင်္ကျီလက်","TS":"Kanbalu","VT":"Ya Thar","sev":"critical"},"geometry":{"type":"Point","coordinates":[95.652,22.9095]}},{"type":"Feature","properties":{"VILLAGE":"Min Kone","VLG_MMR":"မင်းကုန်း","TS":"Kanbalu","VT":"Ya Thar","sev":"critical"},"geometry":{"type":"Point","coordinates":[95.659,22.9056]}},{"type":"Feature","properties":{"VILLAGE":"Ya Thar","VLG_MMR":"ရသား","TS":"Kanbalu","VT":"Ya Thar","sev":"critical"},"geometry":{"type":"Point","coordinates":[95.6568,22.8891]}},{"type":"Feature","properties":{"VILLAGE":"Yauk Thint Kan","VLG_MMR":"ရောက်သင့်ကန်","TS":"Kanbalu","VT":"Ya Thar","sev":"critical"},"geometry":{"type":"Point","coordinates":[95.62,22.8979]}},{"type":"Feature","properties":{"VILLAGE":"Kywe Hpyu","VLG_MMR":"ကျွဲဖြူ","TS":"Kanbalu","VT":"Yae Shin","sev":"critical"},"geometry":{"type":"Point","coordinates":[95.726,22.8954]}},{"type":"Feature","properties":{"VILLAGE":"Ta Yaw Kaing (Ta Yaw Myaing)","VLG_MMR":"တရော်ကိုင်း (တရော်မြိုင်)","TS":"Kanbalu","VT":"Yae Shin","sev":"critical"},"geometry":{"type":"Point","coordinates":[95.7694,22.906]}},{"type":"Feature","properties":{"VILLAGE":"Tin Ngoke Gyi","VLG_MMR":"တင်ငုတ်ကြီး","TS":"Kanbalu","VT":"Yae Shin","sev":"critical"},"geometry":{"type":"Point","coordinates":[95.7348,22.8819]}},{"type":"Feature","properties":{"VILLAGE":"Yae Shin","VLG_MMR":"ရေရှင်","TS":"Kanbalu","VT":"Yae Shin","sev":"critical"},"geometry":{"type":"Point","coordinates":[95.7319,22.8981]}},{"type":"Feature","properties":{"VILLAGE":"Mya Kan Thar","VLG_MMR":"မြကန်သာ","TS":"Kanbalu","VT":"Ywet Kyan","sev":"critical"},"geometry":{"type":"Point","coordinates":[95.4676,23.0057]}},{"type":"Feature","properties":{"VILLAGE":"Poe Sar Kone (Ywar Thit)","VLG_MMR":"ပိုးစာကုန်း (ရွာသစ်)","TS":"Kanbalu","VT":"Ywet Kyan","sev":"critical"},"geometry":{"type":"Point","coordinates":[95.4672,23.0203]}},{"type":"Feature","properties":{"VILLAGE":"Ywet Kyan (North)","VLG_MMR":"ရွက်ကြမ်း (မြောက်)","TS":"Kanbalu","VT":"Ywet Kyan","sev":"critical"},"geometry":{"type":"Point","coordinates":[95.4763,23.0139]}},{"type":"Feature","properties":{"VILLAGE":"Ywet Kyan (South)","VLG_MMR":"ရွက်ကြမ်း (တောင်)","TS":"Kanbalu","VT":"Ywet Kyan","sev":"critical"},"geometry":{"type":"Point","coordinates":[95.4764,23.0065]}},{"type":"Feature","properties":{"VILLAGE":"Maung Taing","VLG_MMR":"မောင်းတိုင်","TS":"Kanbalu","VT":"Zee Hpyu Kone","sev":"critical"},"geometry":{"type":"Point","coordinates":[95.5836,22.9807]}},{"type":"Feature","properties":{"VILLAGE":"Zee Hpyu Kone","VLG_MMR":"ဇီးဖြူကုန်း","TS":"Kanbalu","VT":"Zee Hpyu Kone","sev":"critical"},"geometry":{"type":"Point","coordinates":[95.5741,22.9915]}},{"type":"Feature","properties":{"VILLAGE":"Chat Kone","VLG_MMR":"ချပ်ကုန်း","TS":"Kanbalu","VT":"Zee Ka Nar","sev":"critical"},"geometry":{"type":"Point","coordinates":[95.6588,23.6391]}},{"type":"Feature","properties":{"VILLAGE":"Hnaw Kone","VLG_MMR":"နှောကုန်း","TS":"Kanbalu","VT":"Zee Ka Nar","sev":"critical"},"geometry":{"type":"Point","coordinates":[95.6581,23.6546]}},{"type":"Feature","properties":{"VILLAGE":"Shaw Hpyu Kone","VLG_MMR":"ရှော်ဖြူကုံး","TS":"Kanbalu","VT":"Zee Ka Nar","sev":"critical"},"geometry":{"type":"Point","coordinates":[95.6567,23.6675]}},{"type":"Feature","properties":{"VILLAGE":"Zee Ka Nar","VLG_MMR":"ဇီးကနား","TS":"Kanbalu","VT":"Zee Ka Nar","sev":"critical"},"geometry":{"type":"Point","coordinates":[95.6587,23.6611]}},{"type":"Feature","properties":{"VILLAGE":"Chat Lel","VLG_MMR":"ချပ်လယ်","TS":"Kanbalu","VT":"Zee Kone (North)","sev":"critical"},"geometry":{"type":"Point","coordinates":[95.7163,23.4529]}},{"type":"Feature","properties":{"VILLAGE":"Zee Kone (East)","VLG_MMR":"ဇီးကုန်း (အရှေ့)","TS":"Kanbalu","VT":"Zee Kone (North)","sev":"critical"},"geometry":{"type":"Point","coordinates":[95.7176,23.4686]}},{"type":"Feature","properties":{"VILLAGE":"Zee Kone (Middle)","VLG_MMR":"ဇီးကုန်း (အလယ်)","TS":"Kanbalu","VT":"Zee Kone (North)","sev":"critical"},"geometry":{"type":"Point","coordinates":[95.7101,23.4694]}},{"type":"Feature","properties":{"VILLAGE":"Zee Kone (North)","VLG_MMR":"ဇီးကုန်း (မြောက်)","TS":"Kanbalu","VT":"Zee Kone (North)","sev":"critical"},"geometry":{"type":"Point","coordinates":[95.7114,23.4711]}},{"type":"Feature","properties":{"VILLAGE":"Baw","VLG_MMR":"ဘော","TS":"Kanbalu","VT":"Zin","sev":"critical"},"geometry":{"type":"Point","coordinates":[95.8223,23.3294]}},{"type":"Feature","properties":{"VILLAGE":"Kat Tar","VLG_MMR":"ကတ္တာ","TS":"Kanbalu","VT":"Zin","sev":"critical"},"geometry":{"type":"Point","coordinates":[95.8417,23.3928]}},{"type":"Feature","properties":{"VILLAGE":"Let Khoke Kone","VLG_MMR":"လက်ခုပ်ကုန်း","TS":"Kanbalu","VT":"Zin","sev":"critical"},"geometry":{"type":"Point","coordinates":[95.8421,23.3212]}},{"type":"Feature","properties":{"VILLAGE":"Zin","VLG_MMR":"ဇင်း","TS":"Kanbalu","VT":"Zin","sev":"critical"},"geometry":{"type":"Point","coordinates":[95.8354,23.4128]}},{"type":"Feature","properties":{"VILLAGE":"Aing Gyi (Ywar Ma)","VLG_MMR":"အိုင်ကြီး (ရွာမ)","TS":"Kawlin","VT":"Aing Gyi","sev":"critical"},"geometry":{"type":"Point","coordinates":[95.4212,23.6927]}},{"type":"Feature","properties":{"VILLAGE":"Inn Tet","VLG_MMR":"အင်းတက်","TS":"Kawlin","VT":"Aing Gyi","sev":"critical"},"geometry":{"type":"Point","coordinates":[95.4242,23.6981]}},{"type":"Feature","properties":{"VILLAGE":"Kaing Wun","VLG_MMR":"ကိုင်းဝန်း","TS":"Kawlin","VT":"Aing Gyi","sev":"critical"},"geometry":{"type":"Point","coordinates":[95.3886,23.7034]}},{"type":"Feature","properties":{"VILLAGE":"Kyar Inn","VLG_MMR":"ကြာအင်း","TS":"Kawlin","VT":"Aing Gyi","sev":"critical"},"geometry":{"type":"Point","coordinates":[95.4236,23.688]}},{"type":"Feature","properties":{"VILLAGE":"Ma Gyi Pin Su","VLG_MMR":"မကျီးပင်စု","TS":"Kawlin","VT":"Aing Gyi","sev":"critical"},"geometry":{"type":"Point","coordinates":[95.4173,23.6979]}},{"type":"Feature","properties":{"VILLAGE":"Shwe Pyi Thar","VLG_MMR":"ရွှေပြည်သာ","TS":"Kawlin","VT":"Aing Gyi","sev":"critical"},"geometry":{"type":"Point","coordinates":[95.4206,23.6957]}},{"type":"Feature","properties":{"VILLAGE":"Auk Ka Lone","VLG_MMR":"အောက်ကလုံး","TS":"Kawlin","VT":"Gway Tauk Taw","sev":"critical"},"geometry":{"type":"Point","coordinates":[95.5033,23.6776]}},{"type":"Feature","properties":{"VILLAGE":"Gway Tauk Taw","VLG_MMR":"ဂွေးတောက်တော","TS":"Kawlin","VT":"Gway Tauk Taw","sev":"critical"},"geometry":{"type":"Point","coordinates":[95.5521,23.6924]}},{"type":"Feature","properties":{"VILLAGE":"Khaw Taw","VLG_MMR":"ခေါတော","TS":"Kawlin","VT":"Gway Tauk Taw","sev":"critical"},"geometry":{"type":"Point","coordinates":[95.5685,23.7004]}},{"type":"Feature","properties":{"VILLAGE":"Lel Yin Te","VLG_MMR":"လယ်ရင်းတဲ","TS":"Kawlin","VT":"Gway Tauk Taw","sev":"critical"},"geometry":{"type":"Point","coordinates":[95.5128,23.6446]}},{"type":"Feature","properties":{"VILLAGE":"Hnaw Khon","VLG_MMR":"နှောခုံ","TS":"Kawlin","VT":"Hnaw Khon","sev":"critical"},"geometry":{"type":"Point","coordinates":[95.7081,23.7859]}},{"type":"Feature","properties":{"VILLAGE":"Hpa Le","VLG_MMR":"ဖလဲ","TS":"Kawlin","VT":"Hpa Le","sev":"critical"},"geometry":{"type":"Point","coordinates":[95.9075,23.754]}},{"type":"Feature","properties":{"VILLAGE":"Kan Pauk Tar","VLG_MMR":"ကံပေါက်တာ","TS":"Kawlin","VT":"Hpa Le","sev":"critical"},"geometry":{"type":"Point","coordinates":[95.9156,23.7225]}},{"type":"Feature","properties":{"VILLAGE":"Ywar Shey (North)","VLG_MMR":"ရွာရှည် (မြောက်)","TS":"Kawlin","VT":"Hpa Le","sev":"critical"},"geometry":{"type":"Point","coordinates":[95.9071,23.743]}},{"type":"Feature","properties":{"VILLAGE":"Ywar Shey (South)","VLG_MMR":"ရွာရှည် (တောင်)","TS":"Kawlin","VT":"Hpa Le","sev":"critical"},"geometry":{"type":"Point","coordinates":[95.9055,23.7374]}},{"type":"Feature","properties":{"VILLAGE":"In Ngu","VLG_MMR":"အင်ငူ","TS":"Kawlin","VT":"In Pin Hla","sev":"critical"},"geometry":{"type":"Point","coordinates":[95.8121,23.7535]}},{"type":"Feature","properties":{"VILLAGE":"In Pin Hla","VLG_MMR":"အင်ပင်လှ","TS":"Kawlin","VT":"In Pin Hla","sev":"critical"},"geometry":{"type":"Point","coordinates":[95.8031,23.7293]}},{"type":"Feature","properties":{"VILLAGE":"San Lel","VLG_MMR":"စန်လယ်","TS":"Kawlin","VT":"In Pin Hla","sev":"critical"},"geometry":{"type":"Point","coordinates":[95.8262,23.7732]}},{"type":"Feature","properties":{"VILLAGE":"Hte Htee Hlyo","VLG_MMR":"ထဲထီးလျှို","TS":"Kawlin","VT":"In Pin Thar","sev":"critical"},"geometry":{"type":"Point","coordinates":[95.7445,23.6617]}},{"type":"Feature","properties":{"VILLAGE":"In Pin Thar","VLG_MMR":"အင်ပင်သာ","TS":"Kawlin","VT":"In Pin Thar","sev":"critical"},"geometry":{"type":"Point","coordinates":[95.7344,23.7029]}},{"type":"Feature","properties":{"VILLAGE":"Ka Thit Kone","VLG_MMR":"ကသစ်ကုန်း","TS":"Kawlin","VT":"In Pin Thar","sev":"critical"},"geometry":{"type":"Point","coordinates":[95.7253,23.7145]}},{"type":"Feature","properties":{"VILLAGE":"Kat Hpa Lu","VLG_MMR":"ကပ္ဖလူး","TS":"Kawlin","VT":"In Pin Thar","sev":"critical"},"geometry":{"type":"Point","coordinates":[95.7432,23.6952]}},{"type":"Feature","properties":{"VILLAGE":"Let Pan Sho","VLG_MMR":"လက်ပံရှို","TS":"Kawlin","VT":"In Pin Thar","sev":"critical"},"geometry":{"type":"Point","coordinates":[95.7247,23.7108]}},{"type":"Feature","properties":{"VILLAGE":"Sit Taw","VLG_MMR":"စစ်တော","TS":"Kawlin","VT":"In Pin Thar","sev":"critical"},"geometry":{"type":"Point","coordinates":[95.7257,23.7049]}},{"type":"Feature","properties":{"VILLAGE":"War Yon Khon","VLG_MMR":"ဝါးရုံခုံ","TS":"Kawlin","VT":"In Pin Thar","sev":"critical"},"geometry":{"type":"Point","coordinates":[95.7667,23.6917]}},{"type":"Feature","properties":{"VILLAGE":"Zee Kone","VLG_MMR":"ဇီးကုန်း","TS":"Kawlin","VT":"In Pin Thar","sev":"critical"},"geometry":{"type":"Point","coordinates":[95.7364,23.7013]}},{"type":"Feature","properties":{"VILLAGE":"Ka Yar Kone","VLG_MMR":"ကရာကုန်း","TS":"Kawlin","VT":"Ka Yar Kone","sev":"critical"},"geometry":{"type":"Point","coordinates":[95.6645,23.7959]}},{"type":"Feature","properties":{"VILLAGE":"Thi Par","VLG_MMR":"သီပါ","TS":"Kawlin","VT":"Ka Yar Kone","sev":"critical"},"geometry":{"type":"Point","coordinates":[95.6609,23.808]}},{"type":"Feature","properties":{"VILLAGE":"Hpet Khar Kone","VLG_MMR":"ဖက်ခါးကုန်း","TS":"Kawlin","VT":"Khan Thar (Min Kone)","sev":"critical"},"geometry":{"type":"Point","coordinates":[95.8916,23.79]}},{"type":"Feature","properties":{"VILLAGE":"Khan Thar","VLG_MMR":"ခံသာ","TS":"Kawlin","VT":"Khan Thar (Min Kone)","sev":"critical"},"geometry":{"type":"Point","coordinates":[95.8892,23.7829]}},{"type":"Feature","properties":{"VILLAGE":"Ma Gyi Kone","VLG_MMR":"မကျီးကုန်း","TS":"Kawlin","VT":"Khan Thar (Min Kone)","sev":"critical"},"geometry":{"type":"Point","coordinates":[95.8908,23.7679]}},{"type":"Feature","properties":{"VILLAGE":"Min Kone","VLG_MMR":"မင်းကုန်း","TS":"Kawlin","VT":"Khan Thar (Min Kone)","sev":"critical"},"geometry":{"type":"Point","coordinates":[95.893,23.7861]}},{"type":"Feature","properties":{"VILLAGE":"Sein Pan Kone","VLG_MMR":"စိန်ပန်းကုန်း","TS":"Kawlin","VT":"Khan Thar (Min Kone)","sev":"critical"},"geometry":{"type":"Point","coordinates":[95.9013,23.7738]}},{"type":"Feature","properties":{"VILLAGE":"Shan Kone","VLG_MMR":"ရှမ်းကုန်း","TS":"Kawlin","VT":"Khan Thar (Min Kone)","sev":"critical"},"geometry":{"type":"Point","coordinates":[95.8901,23.7718]}},{"type":"Feature","properties":{"VILLAGE":"Khwin Taung","VLG_MMR":"ခွင်တောင်း","TS":"Kawlin","VT":"Khwin Taung","sev":"critical"},"geometry":{"type":"Point","coordinates":[95.6877,23.8096]}},{"type":"Feature","properties":{"VILLAGE":"Kyun Hla Khon","VLG_MMR":"ကျွန်းလှခုံ","TS":"Kawlin","VT":"Khwin Taung","sev":"critical"},"geometry":{"type":"Point","coordinates":[95.6815,23.8026]}},{"type":"Feature","properties":{"VILLAGE":"Let Pan Kwayt","VLG_MMR":"လက်ပံကွေ့","TS":"Kawlin","VT":"Khwin Taung","sev":"critical"},"geometry":{"type":"Point","coordinates":[95.6786,23.8062]}},{"type":"Feature","properties":{"VILLAGE":"Seik Tu","VLG_MMR":"စိတ္တူ","TS":"Kawlin","VT":"Khwin Taung","sev":"critical"},"geometry":{"type":"Point","coordinates":[95.6977,23.8004]}},{"type":"Feature","properties":{"VILLAGE":"Yaw Myay Ni","VLG_MMR":"ယောမြေနီ","TS":"Kawlin","VT":"Khwin Taung","sev":"critical"},"geometry":{"type":"Point","coordinates":[95.691,23.8022]}},{"type":"Feature","properties":{"VILLAGE":"Zee Hpyu Pin","VLG_MMR":"ဇီးဖြူပင်","TS":"Kawlin","VT":"Khwin Taung","sev":"critical"},"geometry":{"type":"Point","coordinates":[95.6882,23.8057]}},{"type":"Feature","properties":{"VILLAGE":"Koke Ko Kone","VLG_MMR":"ကုက္ကိုကုန်း","TS":"Kawlin","VT":"Koke Ko Kone","sev":"critical"},"geometry":{"type":"Point","coordinates":[95.851,23.6792]}},{"type":"Feature","properties":{"VILLAGE":"Nyaung Kone","VLG_MMR":"ညောင်ကုန်း","TS":"Kawlin","VT":"Koke Ko Kone","sev":"critical"},"geometry":{"type":"Point","coordinates":[95.8469,23.6647]}},{"type":"Feature","properties":{"VILLAGE":"Pay Pin Chaung","VLG_MMR":"ပေပင်ချောင်","TS":"Kawlin","VT":"Koke Ko Kone","sev":"critical"},"geometry":{"type":"Point","coordinates":[95.8361,23.6696]}},{"type":"Feature","properties":{"VILLAGE":"Aung Kone","VLG_MMR":"အောင်းကုန်း","TS":"Kawlin","VT":"Kyar Inn","sev":"critical"},"geometry":{"type":"Point","coordinates":[95.6416,23.8254]}},{"type":"Feature","properties":{"VILLAGE":"In Ka Pin","VLG_MMR":"အင်ကပင်","TS":"Kawlin","VT":"Kyar Inn","sev":"critical"},"geometry":{"type":"Point","coordinates":[95.6462,23.8209]}},{"type":"Feature","properties":{"VILLAGE":"Kyar Inn","VLG_MMR":"ကြာအင်း","TS":"Kawlin","VT":"Kyar Inn","sev":"critical"},"geometry":{"type":"Point","coordinates":[95.6547,23.8043]}},{"type":"Feature","properties":{"VILLAGE":"Seint Taw (Ah Lel Su)","VLG_MMR":"စိန့်တော (အလယ်စု)","TS":"Kawlin","VT":"Kyar Inn","sev":"critical"},"geometry":{"type":"Point","coordinates":[95.637,23.8324]}},{"type":"Feature","properties":{"VILLAGE":"Seint Taw (Ah Shey Su)","VLG_MMR":"စိန့်တော (အရှေ့စု)","TS":"Kawlin","VT":"Kyar Inn","sev":"critical"},"geometry":{"type":"Point","coordinates":[95.6409,23.8342]}},{"type":"Feature","properties":{"VILLAGE":"Seint Taw (Chaung Hpyar Su)","VLG_MMR":"စိန့်တော (ချောင်းဖျားစု)","TS":"Kawlin","VT":"Kyar Inn","sev":"critical"},"geometry":{"type":"Point","coordinates":[95.6341,23.8312]}},{"type":"Feature","properties":{"VILLAGE":"Tha Dut Khon","VLG_MMR":"သဒွတ်ခုံ","TS":"Kawlin","VT":"Kyar Inn","sev":"critical"},"geometry":{"type":"Point","coordinates":[95.6531,23.8004]}},{"type":"Feature","properties":{"VILLAGE":"Thea Kaw","VLG_MMR":"သဲကော","TS":"Kawlin","VT":"Kyar Inn","sev":"critical"},"geometry":{"type":"Point","coordinates":[95.6332,23.7838]}},{"type":"Feature","properties":{"VILLAGE":"Ywar Haung","VLG_MMR":"ရွာဟောင်း","TS":"Kawlin","VT":"Kyar Inn","sev":"critical"},"geometry":{"type":"Point","coordinates":[95.6319,23.7937]}},{"type":"Feature","properties":{"VILLAGE":"Kyauk Pyin Thar","VLG_MMR":"ကျောက်ပြင်သာ","TS":"Kawlin","VT":"Kyauk Pyin Thar","sev":"critical"},"geometry":{"type":"Point","coordinates":[95.8141,23.7228]}},{"type":"Feature","properties":{"VILLAGE":"Min Kone","VLG_MMR":"မင်းကုန်း","TS":"Kawlin","VT":"Kyauk Pyin Thar","sev":"critical"},"geometry":{"type":"Point","coordinates":[95.8133,23.7113]}},{"type":"Feature","properties":{"VILLAGE":"Thea Chaung","VLG_MMR":"သဲချောင်း","TS":"Kawlin","VT":"Kyauk Pyin Thar","sev":"critical"},"geometry":{"type":"Point","coordinates":[95.8542,23.7182]}},{"type":"Feature","properties":{"VILLAGE":"Kyauk Tan","VLG_MMR":"ကျောက်တန်း","TS":"Kawlin","VT":"Kyauk Tan","sev":"critical"},"geometry":{"type":"Point","coordinates":[95.8729,23.7938]}},{"type":"Feature","properties":{"VILLAGE":"Ngar Gyi Aing","VLG_MMR":"ငါးကြီးအိုင်","TS":"Kawlin","VT":"Kyauk Tan","sev":"critical"},"geometry":{"type":"Point","coordinates":[95.8761,23.779]}},{"type":"Feature","properties":{"VILLAGE":"Nyin Du","VLG_MMR":"ညှင်ဒူး","TS":"Kawlin","VT":"Kyauk Tan","sev":"critical"},"geometry":{"type":"Point","coordinates":[95.8743,23.7546]}},{"type":"Feature","properties":{"VILLAGE":"Pay Kone","VLG_MMR":"ပေကုန်း","TS":"Kawlin","VT":"Kyauk Tan","sev":"critical"},"geometry":{"type":"Point","coordinates":[95.8757,23.7653]}},{"type":"Feature","properties":{"VILLAGE":"Shauk Pin Chon","VLG_MMR":"ရှောက်ပင်ခြုံ","TS":"Kawlin","VT":"Kyauk Tan","sev":"critical"},"geometry":{"type":"Point","coordinates":[95.8746,23.738]}},{"type":"Feature","properties":{"VILLAGE":"Ta Man Tar","VLG_MMR":"တမံတာ","TS":"Kawlin","VT":"Kyauk Tan","sev":"critical"},"geometry":{"type":"Point","coordinates":[95.8725,23.7891]}},{"type":"Feature","properties":{"VILLAGE":"Thit Seint Kone","VLG_MMR":"သစ်ဆိမ့်ကုန်း","TS":"Kawlin","VT":"Kyauk Tan","sev":"critical"},"geometry":{"type":"Point","coordinates":[95.8619,23.7963]}},{"type":"Feature","properties":{"VILLAGE":"Htein Inn","VLG_MMR":"ထိန်အင်း","TS":"Kawlin","VT":"Kyoet Pin","sev":"critical"},"geometry":{"type":"Point","coordinates":[95.3248,23.6756]}},{"type":"Feature","properties":{"VILLAGE":"Kyaung Kone","VLG_MMR":"ကျောင်းကုန်း","TS":"Kawlin","VT":"Kyoet Pin","sev":"critical"},"geometry":{"type":"Point","coordinates":[95.3371,23.6501]}},{"type":"Feature","properties":{"VILLAGE":"Kyoet Pin","VLG_MMR":"ကြို့ပင်","TS":"Kawlin","VT":"Kyoet Pin","sev":"critical"},"geometry":{"type":"Point","coordinates":[95.3334,23.6472]}},{"type":"Feature","properties":{"VILLAGE":"Kyoet Pin Ywar Thit","VLG_MMR":"ကြို့ပင်ရွာသစ်","TS":"Kawlin","VT":"Kyoet Pin","sev":"critical"},"geometry":{"type":"Point","coordinates":[95.3411,23.6546]}},{"type":"Feature","properties":{"VILLAGE":"Ohn Hne Kyin","VLG_MMR":"အုံးနှဲကျင်း","TS":"Kawlin","VT":"Kyoet Pin","sev":"critical"},"geometry":{"type":"Point","coordinates":[95.3665,23.6399]}},{"type":"Feature","properties":{"VILLAGE":"Oke Taik Kone","VLG_MMR":"အုတ်တိုက်ကုန်း","TS":"Kawlin","VT":"Kyoet Pin","sev":"critical"},"geometry":{"type":"Point","coordinates":[95.329,23.6553]}},{"type":"Feature","properties":{"VILLAGE":"Tha Pyay Thar","VLG_MMR":"သပြေသာ","TS":"Kawlin","VT":"Kyoet Pin","sev":"critical"},"geometry":{"type":"Point","coordinates":[95.3559,23.6461]}},{"type":"Feature","properties":{"VILLAGE":"Kan Lel Gyi","VLG_MMR":"ကန်လယ်ကြီး","TS":"Kawlin","VT":"Kyu Taw","sev":"critical"},"geometry":{"type":"Point","coordinates":[95.7167,23.7889]}},{"type":"Feature","properties":{"VILLAGE":"Kyu Taw","VLG_MMR":"ကြူတော","TS":"Kawlin","VT":"Kyu Taw","sev":"critical"},"geometry":{"type":"Point","coordinates":[95.7033,23.7979]}},{"type":"Feature","properties":{"VILLAGE":"Tu Myaung","VLG_MMR":"တူးမြောင်း","TS":"Kawlin","VT":"Kyu Taw","sev":"critical"},"geometry":{"type":"Point","coordinates":[95.7169,23.7763]}},{"type":"Feature","properties":{"VILLAGE":"Ah Htet Thi Ta Yar","VLG_MMR":"အထက်သီတရာ","TS":"Kawlin","VT":"Kyun Taw","sev":"critical"},"geometry":{"type":"Point","coordinates":[95.6004,23.7342]}},{"type":"Feature","properties":{"VILLAGE":"Kan Pauk Gyi","VLG_MMR":"ကံပေါက်ကြီး","TS":"Kawlin","VT":"Kyun Taw","sev":"critical"},"geometry":{"type":"Point","coordinates":[95.5886,23.7548]}},{"type":"Feature","properties":{"VILLAGE":"Kyun Taw","VLG_MMR":"ကျွန်းတော","TS":"Kawlin","VT":"Kyun Taw","sev":"critical"},"geometry":{"type":"Point","coordinates":[95.5687,23.7568]}},{"type":"Feature","properties":{"VILLAGE":"Baw Di Kone","VLG_MMR":"ဗောဓိကုန်း","TS":"Kawlin","VT":"Lar Kar","sev":"critical"},"geometry":{"type":"Point","coordinates":[95.4319,23.7533]}},{"type":"Feature","properties":{"VILLAGE":"Lar Kar (Chi Yar Pin Su)","VLG_MMR":"လာကာ (ချီယားပင်စု)","TS":"Kawlin","VT":"Lar Kar","sev":"critical"},"geometry":{"type":"Point","coordinates":[95.4323,23.749]}},{"type":"Feature","properties":{"VILLAGE":"Zee Hpyu Kyin","VLG_MMR":"ဇီးဖြူကျင်း","TS":"Kawlin","VT":"Lar Kar","sev":"critical"},"geometry":{"type":"Point","coordinates":[95.4344,23.7477]}},{"type":"Feature","properties":{"VILLAGE":"Chaung Nar","VLG_MMR":"ချောင်းနား","TS":"Kawlin","VT":"Moe Hnan","sev":"critical"},"geometry":{"type":"Point","coordinates":[95.4422,23.6537]}},{"type":"Feature","properties":{"VILLAGE":"Moe Hnan","VLG_MMR":"မိုးနှံ","TS":"Kawlin","VT":"Moe Hnan","sev":"critical"},"geometry":{"type":"Point","coordinates":[95.4339,23.657]}},{"type":"Feature","properties":{"VILLAGE":"Thu Wun Na","VLG_MMR":"သုဝန်န","TS":"Kawlin","VT":"Moe Hnan","sev":"critical"},"geometry":{"type":"Point","coordinates":[95.4389,23.6573]}},{"type":"Feature","properties":{"VILLAGE":"In Pin Thar","VLG_MMR":"အင်ပင်သာ","TS":"Kawlin","VT":"Myay Ni","sev":"critical"},"geometry":{"type":"Point","coordinates":[95.716,23.8228]}},{"type":"Feature","properties":{"VILLAGE":"Myay Ni","VLG_MMR":"မြေနီ","TS":"Kawlin","VT":"Myay Ni","sev":"critical"},"geometry":{"type":"Point","coordinates":[95.73,23.8034]}},{"type":"Feature","properties":{"VILLAGE":"Nyaung Kaing","VLG_MMR":"ညောင်ကိုင်း","TS":"Kawlin","VT":"Myay Ni","sev":"critical"},"geometry":{"type":"Point","coordinates":[95.7487,23.807]}},{"type":"Feature","properties":{"VILLAGE":"Nyaung Zin","VLG_MMR":"ညောင်ဇင်","TS":"Kawlin","VT":"Myay Ni","sev":"critical"},"geometry":{"type":"Point","coordinates":[95.7285,23.8174]}},{"type":"Feature","properties":{"VILLAGE":"Tan Su","VLG_MMR":"တံစူး","TS":"Kawlin","VT":"Myay Ni","sev":"critical"},"geometry":{"type":"Point","coordinates":[95.7149,23.8004]}},{"type":"Feature","properties":{"VILLAGE":"Hpan Khar Kone","VLG_MMR":"ဖန်းခါးကုန်း","TS":"Kawlin","VT":"Na Nwin Taw","sev":"critical"},"geometry":{"type":"Point","coordinates":[95.6573,23.771]}},{"type":"Feature","properties":{"VILLAGE":"Kyauk Kar","VLG_MMR":"ကျောက်ကာ","TS":"Kawlin","VT":"Na Nwin Taw","sev":"critical"},"geometry":{"type":"Point","coordinates":[95.6571,23.7646]}},{"type":"Feature","properties":{"VILLAGE":"Min Kone","VLG_MMR":"မင်းကုန်း","TS":"Kawlin","VT":"Na Nwin Taw","sev":"critical"},"geometry":{"type":"Point","coordinates":[95.6608,23.7732]}},{"type":"Feature","properties":{"VILLAGE":"Pan Tin","VLG_MMR":"ပန်းတင်","TS":"Kawlin","VT":"Na Nwin Taw","sev":"critical"},"geometry":{"type":"Point","coordinates":[95.6478,23.7737]}},{"type":"Feature","properties":{"VILLAGE":"Ywar Ma","VLG_MMR":"ရွာမ","TS":"Kawlin","VT":"Na Nwin Taw","sev":"critical"},"geometry":{"type":"Point","coordinates":[95.6577,23.782]}},{"type":"Feature","properties":{"VILLAGE":"Gyoe Gyar U","VLG_MMR":"ကြိုးကြာဥ","TS":"Kawlin","VT":"Nyaung Pin Thar","sev":"critical"},"geometry":{"type":"Point","coordinates":[95.8812,23.8217]}},{"type":"Feature","properties":{"VILLAGE":"Inn Tet","VLG_MMR":"အင်းတက်","TS":"Kawlin","VT":"Nyaung Pin Thar","sev":"critical"},"geometry":{"type":"Point","coordinates":[95.8695,23.8055]}},{"type":"Feature","properties":{"VILLAGE":"Ka Yut Tar","VLG_MMR":"ကရွတ္တာ","TS":"Kawlin","VT":"Nyaung Pin Thar","sev":"critical"},"geometry":{"type":"Point","coordinates":[95.8716,23.8142]}},{"type":"Feature","properties":{"VILLAGE":"Nyaung Pin Thar","VLG_MMR":"ညောင်ပင်သာ","TS":"Kawlin","VT":"Nyaung Pin Thar","sev":"critical"},"geometry":{"type":"Point","coordinates":[95.8778,23.8095]}},{"type":"Feature","properties":{"VILLAGE":"Moe Hnan","VLG_MMR":"မိုးနှံ","TS":"Kawlin","VT":"Nyaung Wun","sev":"critical"},"geometry":{"type":"Point","coordinates":[95.6771,23.7386]}},{"type":"Feature","properties":{"VILLAGE":"Nyaung Wun","VLG_MMR":"ညောင်ဝန်း","TS":"Kawlin","VT":"Nyaung Wun","sev":"critical"},"geometry":{"type":"Point","coordinates":[95.6852,23.7318]}},{"type":"Feature","properties":{"VILLAGE":"Si Son","VLG_MMR":"ဆီဆုံ","TS":"Kawlin","VT":"Nyaung Wun","sev":"critical"},"geometry":{"type":"Point","coordinates":[95.6759,23.743]}},{"type":"Feature","properties":{"VILLAGE":"Ein Taing Pon","VLG_MMR":"အိမ်တိုင်ပုံ","TS":"Kawlin","VT":"Ohn Hmin Kone","sev":"critical"},"geometry":{"type":"Point","coordinates":[95.7453,23.7468]}},{"type":"Feature","properties":{"VILLAGE":"Ohn Hmin Kone","VLG_MMR":"အုန်းမှင်ကုန်း","TS":"Kawlin","VT":"Ohn Hmin Kone","sev":"critical"},"geometry":{"type":"Point","coordinates":[95.7795,23.7246]}},{"type":"Feature","properties":{"VILLAGE":"Taung Ba Lu","VLG_MMR":"တောင်ဘလူ","TS":"Kawlin","VT":"Ohn Hmin Kone","sev":"critical"},"geometry":{"type":"Point","coordinates":[95.7549,23.7234]}},{"type":"Feature","properties":{"VILLAGE":"Taung Gyi","VLG_MMR":"တောင်ကြီး","TS":"Kawlin","VT":"Ohn Hmin Kone","sev":"critical"},"geometry":{"type":"Point","coordinates":[95.7626,23.7429]}},{"type":"Feature","properties":{"VILLAGE":"Taung Poke Su","VLG_MMR":"တောင်ပုတ်စု","TS":"Kawlin","VT":"Ohn Hmin Kone","sev":"critical"},"geometry":{"type":"Point","coordinates":[95.7881,23.7533]}},{"type":"Feature","properties":{"VILLAGE":"Nyaung Pin Hla","VLG_MMR":"ညောင်ပင်လှ","TS":"Kawlin","VT":"Oke Kan","sev":"critical"},"geometry":{"type":"Point","coordinates":[95.4627,23.6911]}},{"type":"Feature","properties":{"VILLAGE":"Myay Ne","VLG_MMR":"မြေနဲ","TS":"Monywa","VT":"Myay Ne","sev":"moderate"},"geometry":{"type":"Point","coordinates":[95.2037,22.0585]}},{"type":"Feature","properties":{"VILLAGE":"Nyaung Pin Thar","VLG_MMR":"ညောင်ပင်သာ","TS":"Kawlin","VT":"Oke Kan","sev":"critical"},"geometry":{"type":"Point","coordinates":[95.45,23.7157]}},{"type":"Feature","properties":{"VILLAGE":"Oke Kan","VLG_MMR":"ဥက္ကံ","TS":"Kawlin","VT":"Oke Kan","sev":"critical"},"geometry":{"type":"Point","coordinates":[95.4363,23.6684]}},{"type":"Feature","properties":{"VILLAGE":"Day Wa","VLG_MMR":"ဒေဝ","TS":"Kawlin","VT":"Pa Don Mar","sev":"critical"},"geometry":{"type":"Point","coordinates":[95.8994,23.8602]}},{"type":"Feature","properties":{"VILLAGE":"Kaing Gyi Kone","VLG_MMR":"ကိုင်းကြီးကုန်း","TS":"Kawlin","VT":"Pa Don Mar","sev":"critical"},"geometry":{"type":"Point","coordinates":[95.8764,23.833]}},{"type":"Feature","properties":{"VILLAGE":"Kyun Taw","VLG_MMR":"ကျွန်းတော","TS":"Kawlin","VT":"Pa Don Mar","sev":"critical"},"geometry":{"type":"Point","coordinates":[95.9125,23.8547]}},{"type":"Feature","properties":{"VILLAGE":"Pa Don Mar","VLG_MMR":"ပဒုမ္မာ","TS":"Kawlin","VT":"Pa Don Mar","sev":"critical"},"geometry":{"type":"Point","coordinates":[95.9029,23.8285]}},{"type":"Feature","properties":{"VILLAGE":"Taung Inn Lay","VLG_MMR":"​တောင်အင်းလေး","TS":"Kawlin","VT":"Pa Don Mar","sev":"critical"},"geometry":{"type":"Point","coordinates":[95.8666,23.8453]}},{"type":"Feature","properties":{"VILLAGE":"Aung Chan Thar","VLG_MMR":"အောင်ချမ်းသာ","TS":"Kawlin","VT":"Pan Ma Ye","sev":"critical"},"geometry":{"type":"Point","coordinates":[95.4782,23.5171]}},{"type":"Feature","properties":{"VILLAGE":"Gaung Hpyu","VLG_MMR":"ဂေါင်းဖြူ","TS":"Kawlin","VT":"Pan Ma Ye","sev":"critical"},"geometry":{"type":"Point","coordinates":[95.3847,23.5151]}},{"type":"Feature","properties":{"VILLAGE":"Kha Nwe Sin","VLG_MMR":"ခနွဲစဉ်","TS":"Kawlin","VT":"Pan Ma Ye","sev":"critical"},"geometry":{"type":"Point","coordinates":[95.4063,23.5158]}},{"type":"Feature","properties":{"VILLAGE":"Pan Ma Ye","VLG_MMR":"ပန်းမရဲ","TS":"Kawlin","VT":"Pan Ma Ye","sev":"critical"},"geometry":{"type":"Point","coordinates":[95.4365,23.5532]}},{"type":"Feature","properties":{"VILLAGE":"Pay Ta Pin","VLG_MMR":"ပေတပင်","TS":"Kawlin","VT":"Pan Ma Ye","sev":"critical"},"geometry":{"type":"Point","coordinates":[95.4454,23.527]}},{"type":"Feature","properties":{"VILLAGE":"Ywar Thit","VLG_MMR":"ရွာသစ်","TS":"Kawlin","VT":"Pan Ma Ye","sev":"critical"},"geometry":{"type":"Point","coordinates":[95.4532,23.515]}},{"type":"Feature","properties":{"VILLAGE":"Za Bu Yit","VLG_MMR":"ဇမ္ဗူရစ်","TS":"Kawlin","VT":"Pan Ma Ye","sev":"critical"},"geometry":{"type":"Point","coordinates":[95.3783,23.5095]}},{"type":"Feature","properties":{"VILLAGE":"Inn Ma","VLG_MMR":"အင်းမ","TS":"Kawlin","VT":"Se To","sev":"critical"},"geometry":{"type":"Point","coordinates":[95.7661,23.7857]}},{"type":"Feature","properties":{"VILLAGE":"Se To","VLG_MMR":"ဆည်တို","TS":"Kawlin","VT":"Se To","sev":"critical"},"geometry":{"type":"Point","coordinates":[95.7357,23.7941]}},{"type":"Feature","properties":{"VILLAGE":"Than Pu Yar Khon","VLG_MMR":"သံပုရာခုံ","TS":"Kawlin","VT":"Se To","sev":"critical"},"geometry":{"type":"Point","coordinates":[95.7591,23.7937]}},{"type":"Feature","properties":{"VILLAGE":"Aung Kone","VLG_MMR":"အောင်းကုန်း","TS":"Kawlin","VT":"Shan Ka Lone","sev":"critical"},"geometry":{"type":"Point","coordinates":[95.5131,23.7048]}},{"type":"Feature","properties":{"VILLAGE":"Kyun Ka Lone","VLG_MMR":"ကျွန်းကလုံး","TS":"Kawlin","VT":"Shan Ka Lone","sev":"critical"},"geometry":{"type":"Point","coordinates":[95.506,23.7173]}},{"type":"Feature","properties":{"VILLAGE":"Pu Taw Ka Lone","VLG_MMR":"ပူတောကလုံး","TS":"Kawlin","VT":"Shan Ka Lone","sev":"critical"},"geometry":{"type":"Point","coordinates":[95.5087,23.7152]}},{"type":"Feature","properties":{"VILLAGE":"Shan Ka Lone","VLG_MMR":"ရှမ်းကလုံး","TS":"Kawlin","VT":"Shan Ka Lone","sev":"critical"},"geometry":{"type":"Point","coordinates":[95.5093,23.7062]}},{"type":"Feature","properties":{"VILLAGE":"Gway Cho","VLG_MMR":"ဂွေးချို","TS":"Kawlin","VT":"Shwe Twin","sev":"critical"},"geometry":{"type":"Point","coordinates":[95.4855,23.7158]}},{"type":"Feature","properties":{"VILLAGE":"Shwe Twin","VLG_MMR":"ရွှေတွင်း","TS":"Kawlin","VT":"Shwe Twin","sev":"critical"},"geometry":{"type":"Point","coordinates":[95.4965,23.6814]}},{"type":"Feature","properties":{"VILLAGE":"Sin Gaung","VLG_MMR":"ဆင်ဂေါင်း","TS":"Kawlin","VT":"Sin Gaung","sev":"critical"},"geometry":{"type":"Point","coordinates":[95.5941,23.6103]}},{"type":"Feature","properties":{"VILLAGE":"Bant Pway Kone","VLG_MMR":"ဘန့်ပွေးကုန်း","TS":"Kawlin","VT":"Sin Kone","sev":"critical"},"geometry":{"type":"Point","coordinates":[95.9266,23.7987]}},{"type":"Feature","properties":{"VILLAGE":"Hlyaw Hpyu Kone","VLG_MMR":"လျှော်ဖြူကုန်း","TS":"Kawlin","VT":"Sin Kone","sev":"critical"},"geometry":{"type":"Point","coordinates":[95.9324,23.7905]}},{"type":"Feature","properties":{"VILLAGE":"Ka Nyoet Inn","VLG_MMR":"ကညို့အင်း","TS":"Kawlin","VT":"Sin Kone","sev":"critical"},"geometry":{"type":"Point","coordinates":[95.963,23.7828]}},{"type":"Feature","properties":{"VILLAGE":"Kyun Pin Thar","VLG_MMR":"ကျွန်းပင်သာ","TS":"Kawlin","VT":"Sin Kone","sev":"critical"},"geometry":{"type":"Point","coordinates":[95.9276,23.7704]}},{"type":"Feature","properties":{"VILLAGE":"Sin Kone","VLG_MMR":"ဆင်ကုန်း","TS":"Kawlin","VT":"Sin Kone","sev":"critical"},"geometry":{"type":"Point","coordinates":[95.9237,23.7707]}},{"type":"Feature","properties":{"VILLAGE":"Chat Kone","VLG_MMR":"ချပ်ကုန်း","TS":"Kawlin","VT":"Swei Ya","sev":"critical"},"geometry":{"type":"Point","coordinates":[95.9169,23.8016]}},{"type":"Feature","properties":{"VILLAGE":"Moke Wa","VLG_MMR":"မုတ်ဝ","TS":"Kawlin","VT":"Swei Ya","sev":"critical"},"geometry":{"type":"Point","coordinates":[95.8995,23.7951]}},{"type":"Feature","properties":{"VILLAGE":"Shauk Pin Waing","VLG_MMR":"ရှောက်ပင်ဝိုင်း","TS":"Kawlin","VT":"Swei Ya","sev":"critical"},"geometry":{"type":"Point","coordinates":[95.8999,23.8112]}},{"type":"Feature","properties":{"VILLAGE":"Swei Ya","VLG_MMR":"စွယ်ရ","TS":"Kawlin","VT":"Swei Ya","sev":"critical"},"geometry":{"type":"Point","coordinates":[95.9153,23.7894]}},{"type":"Feature","properties":{"VILLAGE":"Zin Pyun Chaung","VLG_MMR":"ဇင်ပြွန်းချောင်","TS":"Kawlin","VT":"Swei Ya","sev":"critical"},"geometry":{"type":"Point","coordinates":[95.9132,23.7833]}},{"type":"Feature","properties":{"VILLAGE":"Ta Gaung Aing","VLG_MMR":"တဂေါင်းအိုင်","TS":"Kawlin","VT":"Ta Gaung Aing","sev":"critical"},"geometry":{"type":"Point","coordinates":[95.4143,23.6605]}},{"type":"Feature","properties":{"VILLAGE":"Auk Kyin","VLG_MMR":"အောက်ကျင်း","TS":"Kawlin","VT":"Taung Boet Hla","sev":"critical"},"geometry":{"type":"Point","coordinates":[95.7637,23.6257]}},{"type":"Feature","properties":{"VILLAGE":"Hlyaw Hpyu Kone","VLG_MMR":"လျှော်ဖြူကုန်း","TS":"Kawlin","VT":"Taung Boet Hla","sev":"critical"},"geometry":{"type":"Point","coordinates":[95.8034,23.656]}},{"type":"Feature","properties":{"VILLAGE":"Oke Deik Thar","VLG_MMR":"ဥဒိဿာ","TS":"Kawlin","VT":"Taung Boet Hla","sev":"critical"},"geometry":{"type":"Point","coordinates":[95.7759,23.6254]}},{"type":"Feature","properties":{"VILLAGE":"Pwe Khan","VLG_MMR":"ပွဲခံ","TS":"Kawlin","VT":"Taung Boet Hla","sev":"critical"},"geometry":{"type":"Point","coordinates":[95.7713,23.6824]}},{"type":"Feature","properties":{"VILLAGE":"Taung Boet Hla","VLG_MMR":"တောင်ဘို့လှ","TS":"Kawlin","VT":"Taung Boet Hla","sev":"critical"},"geometry":{"type":"Point","coordinates":[95.7796,23.6631]}},{"type":"Feature","properties":{"VILLAGE":"Zee Hpyu Kone","VLG_MMR":"ဇီးဖြူကုန်း","TS":"Kawlin","VT":"Taung Boet Hla","sev":"critical"},"geometry":{"type":"Point","coordinates":[95.7942,23.6723]}},{"type":"Feature","properties":{"VILLAGE":"Kyay Inn","VLG_MMR":"ကြေးအင်း","TS":"Kawlin","VT":"Taung Kyar","sev":"critical"},"geometry":{"type":"Point","coordinates":[95.5043,23.6282]}},{"type":"Feature","properties":{"VILLAGE":"Nat Inn","VLG_MMR":"နတ်အင်း","TS":"Kawlin","VT":"Taung Kyar","sev":"critical"},"geometry":{"type":"Point","coordinates":[95.4574,23.662]}},{"type":"Feature","properties":{"VILLAGE":"Sat Thwar Chaung","VLG_MMR":"ဆပ်သွားချောင်း","TS":"Kawlin","VT":"Taung Kyar","sev":"critical"},"geometry":{"type":"Point","coordinates":[95.4933,23.601]}},{"type":"Feature","properties":{"VILLAGE":"Sin Ma","VLG_MMR":"ဆင်းမ","TS":"Kawlin","VT":"Taung Kyar","sev":"critical"},"geometry":{"type":"Point","coordinates":[95.4785,23.6312]}},{"type":"Feature","properties":{"VILLAGE":"Taung Kyar","VLG_MMR":"တောင်ကြား","TS":"Kawlin","VT":"Taung Kyar","sev":"critical"},"geometry":{"type":"Point","coordinates":[95.4422,23.606]}},{"type":"Feature","properties":{"VILLAGE":"Thee Kone","VLG_MMR":"သီးကုန်း","TS":"Kawlin","VT":"Taung Kyar","sev":"critical"},"geometry":{"type":"Point","coordinates":[95.424,23.6079]}},{"type":"Feature","properties":{"VILLAGE":"Chin Pyit Khon","VLG_MMR":"ချဉ်ပြစ်ခုံ","TS":"Kawlin","VT":"Taung Maw","sev":"critical"},"geometry":{"type":"Point","coordinates":[95.7732,23.8122]}},{"type":"Feature","properties":{"VILLAGE":"In Taw","VLG_MMR":"အင်တော","TS":"Kawlin","VT":"Taung Maw","sev":"critical"},"geometry":{"type":"Point","coordinates":[95.7974,23.8072]}},{"type":"Feature","properties":{"VILLAGE":"Let Pan Khon","VLG_MMR":"လက်ပံခုံ","TS":"Kawlin","VT":"Taung Maw","sev":"critical"},"geometry":{"type":"Point","coordinates":[95.7697,23.8053]}},{"type":"Feature","properties":{"VILLAGE":"Pa Zin Tar","VLG_MMR":"ပဇင်းတာ","TS":"Kawlin","VT":"Taung Maw","sev":"critical"},"geometry":{"type":"Point","coordinates":[95.7778,23.8301]}},{"type":"Feature","properties":{"VILLAGE":"Taung Maw","VLG_MMR":"တောင်မော်","TS":"Kawlin","VT":"Taung Maw","sev":"critical"},"geometry":{"type":"Point","coordinates":[95.7911,23.8077]}},{"type":"Feature","properties":{"VILLAGE":"Inn Khon","VLG_MMR":"အင်းခုံ","TS":"Kawlin","VT":"Taung Pon","sev":"critical"},"geometry":{"type":"Point","coordinates":[95.7953,23.5643]}},{"type":"Feature","properties":{"VILLAGE":"Ma Yeik","VLG_MMR":"မရိပ်","TS":"Kawlin","VT":"Taung Pon","sev":"critical"},"geometry":{"type":"Point","coordinates":[95.845,23.5486]}},{"type":"Feature","properties":{"VILLAGE":"Taung Pon","VLG_MMR":"တောင်ပုံ","TS":"Kawlin","VT":"Taung Pon","sev":"critical"},"geometry":{"type":"Point","coordinates":[95.8692,23.5482]}},{"type":"Feature","properties":{"VILLAGE":"U Tone Pin","VLG_MMR":"ဥတုံးပင်","TS":"Kawlin","VT":"Taung Pon","sev":"critical"},"geometry":{"type":"Point","coordinates":[95.8639,23.5558]}},{"type":"Feature","properties":{"VILLAGE":"Ah Lel Kone","VLG_MMR":"အလယ်ကုန်း","TS":"Kawlin","VT":"Tha Pyay Aing","sev":"critical"},"geometry":{"type":"Point","coordinates":[95.7909,23.695]}},{"type":"Feature","properties":{"VILLAGE":"Chaung Kwayt","VLG_MMR":"ချောင်းကွေ့","TS":"Kawlin","VT":"Tha Pyay Aing","sev":"critical"},"geometry":{"type":"Point","coordinates":[95.7977,23.6961]}},{"type":"Feature","properties":{"VILLAGE":"Hnaw Kone","VLG_MMR":"နှောကုန်း","TS":"Kawlin","VT":"Tha Pyay Aing","sev":"critical"},"geometry":{"type":"Point","coordinates":[95.8107,23.6892]}},{"type":"Feature","properties":{"VILLAGE":"Thea Taw","VLG_MMR":"သဲတော","TS":"Kawlin","VT":"Tha Pyay Aing","sev":"critical"},"geometry":{"type":"Point","coordinates":[95.8007,23.6871]}},{"type":"Feature","properties":{"VILLAGE":"Tone Tin Tat","VLG_MMR":"တုံးတင်တပ်","TS":"Kawlin","VT":"Tha Pyay Aing","sev":"critical"},"geometry":{"type":"Point","coordinates":[95.8056,23.6907]}},{"type":"Feature","properties":{"VILLAGE":"Mu Tein","VLG_MMR":"မူးတိမ်","TS":"Kawlin","VT":"Tha Yet Chin","sev":"critical"},"geometry":{"type":"Point","coordinates":[95.3945,23.63]}},{"type":"Feature","properties":{"VILLAGE":"Oke Shit Pin","VLG_MMR":"ဥသျှစ်ပင်","TS":"Kawlin","VT":"Tha Yet Chin","sev":"critical"},"geometry":{"type":"Point","coordinates":[95.364,23.6231]}},{"type":"Feature","properties":{"VILLAGE":"Tha Yet Chin","VLG_MMR":"သရက်ချဉ်","TS":"Kawlin","VT":"Tha Yet Chin","sev":"critical"},"geometry":{"type":"Point","coordinates":[95.4082,23.6397]}},{"type":"Feature","properties":{"VILLAGE":"In Kyaw Sin","VLG_MMR":"အင်ကြောစင်","TS":"Kawlin","VT":"Tha Yet Khon","sev":"critical"},"geometry":{"type":"Point","coordinates":[95.6774,23.7688]}},{"type":"Feature","properties":{"VILLAGE":"Nyaung Pin Thar","VLG_MMR":"ညောင်ပင်သာ","TS":"Kawlin","VT":"Tha Yet Khon","sev":"critical"},"geometry":{"type":"Point","coordinates":[95.6753,23.7636]}},{"type":"Feature","properties":{"VILLAGE":"Tha Yet Khon","VLG_MMR":"သရက်ခုံ","TS":"Kawlin","VT":"Tha Yet Khon","sev":"critical"},"geometry":{"type":"Point","coordinates":[95.6751,23.756]}},{"type":"Feature","properties":{"VILLAGE":"Pauk Taw","VLG_MMR":"ပေါက်တော","TS":"Kawlin","VT":"War Thee Kone","sev":"critical"},"geometry":{"type":"Point","coordinates":[95.888,23.702]}},{"type":"Feature","properties":{"VILLAGE":"Ta Yaw Kaing","VLG_MMR":"တရော်ကိုင်း","TS":"Kawlin","VT":"War Thee Kone","sev":"critical"},"geometry":{"type":"Point","coordinates":[95.8774,23.7175]}},{"type":"Feature","properties":{"VILLAGE":"War Thee Kone","VLG_MMR":"ဝါးသီးကုန်း","TS":"Kawlin","VT":"War Thee Kone","sev":"critical"},"geometry":{"type":"Point","coordinates":[95.8738,23.7081]}},{"type":"Feature","properties":{"VILLAGE":"Hle Pwe","VLG_MMR":"လှည်းပွဲ","TS":"Kawlin","VT":"War Yon Khon","sev":"critical"},"geometry":{"type":"Point","coordinates":[95.7044,23.7537]}},{"type":"Feature","properties":{"VILLAGE":"Kyoet Khon","VLG_MMR":"ကြို့ခုံ","TS":"Kawlin","VT":"War Yon Khon","sev":"critical"},"geometry":{"type":"Point","coordinates":[95.6889,23.7498]}},{"type":"Feature","properties":{"VILLAGE":"Myaung Gyi","VLG_MMR":"မြောင်းကြီး","TS":"Kawlin","VT":"War Yon Khon","sev":"critical"},"geometry":{"type":"Point","coordinates":[95.7163,23.7679]}},{"type":"Feature","properties":{"VILLAGE":"Tar Myauk","VLG_MMR":"တာမြောက်","TS":"Kawlin","VT":"War Yon Khon","sev":"critical"},"geometry":{"type":"Point","coordinates":[95.6958,23.7701]}},{"type":"Feature","properties":{"VILLAGE":"Tar Taung","VLG_MMR":"တာတောင်","TS":"Kawlin","VT":"War Yon Khon","sev":"critical"},"geometry":{"type":"Point","coordinates":[95.6973,23.7682]}},{"type":"Feature","properties":{"VILLAGE":"War Yon Khon","VLG_MMR":"ဝါးရုံခုံ","TS":"Kawlin","VT":"War Yon Khon","sev":"critical"},"geometry":{"type":"Point","coordinates":[95.6908,23.742]}},{"type":"Feature","properties":{"VILLAGE":"Zee Khon","VLG_MMR":"ဇီးခုံ","TS":"Kawlin","VT":"War Yon Khon","sev":"critical"},"geometry":{"type":"Point","coordinates":[95.6871,23.7597]}},{"type":"Feature","properties":{"VILLAGE":"Gway Cho","VLG_MMR":"ဂွေးချို","TS":"Kawlin","VT":"Yae Kan Thar","sev":"critical"},"geometry":{"type":"Point","coordinates":[95.625,23.7671]}},{"type":"Feature","properties":{"VILLAGE":"Hlwe Mauk","VLG_MMR":"လွှဲမောက်","TS":"Kawlin","VT":"Yae Kan Thar","sev":"critical"},"geometry":{"type":"Point","coordinates":[95.6143,23.7649]}},{"type":"Feature","properties":{"VILLAGE":"Lwei Mauk Taung","VLG_MMR":"လွယ်မောက်တောင်","TS":"Kawlin","VT":"Yae Kan Thar","sev":"critical"},"geometry":{"type":"Point","coordinates":[95.625,23.7715]}},{"type":"Feature","properties":{"VILLAGE":"Nat Taung","VLG_MMR":"နတ်တောင်","TS":"Kawlin","VT":"Yae Kan Thar","sev":"critical"},"geometry":{"type":"Point","coordinates":[95.6375,23.7413]}},{"type":"Feature","properties":{"VILLAGE":"Nat Yae Twin","VLG_MMR":"နတ်ရေတွင်း","TS":"Kawlin","VT":"Yae Kan Thar","sev":"critical"},"geometry":{"type":"Point","coordinates":[95.6235,23.7505]}},{"type":"Feature","properties":{"VILLAGE":"Taung Yar Gyi Taw","VLG_MMR":"တောင်ယာကြီးတော","TS":"Kawlin","VT":"Yae Kan Thar","sev":"critical"},"geometry":{"type":"Point","coordinates":[95.6508,23.7532]}},{"type":"Feature","properties":{"VILLAGE":"Tha Hpan Kone","VLG_MMR":"သဖန်းကုန်း","TS":"Kawlin","VT":"Yae Kan Thar","sev":"critical"},"geometry":{"type":"Point","coordinates":[95.6382,23.7567]}},{"type":"Feature","properties":{"VILLAGE":"Thet Kei Kyin","VLG_MMR":"သက္ကယ်ကျင်း","TS":"Kawlin","VT":"Yae Kan Thar","sev":"critical"},"geometry":{"type":"Point","coordinates":[95.6397,23.7637]}},{"type":"Feature","properties":{"VILLAGE":"Yae Kan Thar","VLG_MMR":"ရေကန်သာ","TS":"Kawlin","VT":"Yae Kan Thar","sev":"critical"},"geometry":{"type":"Point","coordinates":[95.638,23.7591]}},{"type":"Feature","properties":{"VILLAGE":"Auk Thi Ta Yar","VLG_MMR":"အောက်သိတရာ","TS":"Kawlin","VT":"Yar Taung","sev":"critical"},"geometry":{"type":"Point","coordinates":[95.6161,23.716]}},{"type":"Feature","properties":{"VILLAGE":"Maung Kaw","VLG_MMR":"မောင်ကော်","TS":"Kawlin","VT":"Yar Taung","sev":"critical"},"geometry":{"type":"Point","coordinates":[95.6031,23.7229]}},{"type":"Feature","properties":{"VILLAGE":"Yar Taung","VLG_MMR":"ယားတောင်","TS":"Kawlin","VT":"Yar Taung","sev":"critical"},"geometry":{"type":"Point","coordinates":[95.6112,23.7191]}},{"type":"Feature","properties":{"VILLAGE":"Kyar Inn","VLG_MMR":"ကြာအင်း","TS":"Kawlin","VT":"Yin Taik","sev":"critical"},"geometry":{"type":"Point","coordinates":[95.3589,23.5653]}},{"type":"Feature","properties":{"VILLAGE":"Thit Seint Kone","VLG_MMR":"သစ်ဆိမ့်ကုန်း","TS":"Kawlin","VT":"Yin Taik","sev":"critical"},"geometry":{"type":"Point","coordinates":[95.3838,23.5796]}},{"type":"Feature","properties":{"VILLAGE":"Yin Taik","VLG_MMR":"ယင်းတိုက်","TS":"Kawlin","VT":"Yin Taik","sev":"critical"},"geometry":{"type":"Point","coordinates":[95.3694,23.5894]}},{"type":"Feature","properties":{"VILLAGE":"Doe Pin","VLG_MMR":"ဒိုးပင်","TS":"Kawlin","VT":"Yun Oe","sev":"critical"},"geometry":{"type":"Point","coordinates":[95.9322,23.8946]}},{"type":"Feature","properties":{"VILLAGE":"Inn Gyi Let","VLG_MMR":"အင်္ကျီလက်","TS":"Kawlin","VT":"Yun Oe","sev":"critical"},"geometry":{"type":"Point","coordinates":[95.8658,23.862]}},{"type":"Feature","properties":{"VILLAGE":"Oe Ma","VLG_MMR":"အိုးမ","TS":"Kawlin","VT":"Yun Oe","sev":"critical"},"geometry":{"type":"Point","coordinates":[95.8764,23.8657]}},{"type":"Feature","properties":{"VILLAGE":"Yun Oe","VLG_MMR":"ယွန်းအိုး","TS":"Kawlin","VT":"Yun Oe","sev":"critical"},"geometry":{"type":"Point","coordinates":[95.8893,23.8601]}},{"type":"Feature","properties":{"VILLAGE":"Ywar Thit","VLG_MMR":"ရွာသစ်","TS":"Kawlin","VT":"Yun Oe","sev":"critical"},"geometry":{"type":"Point","coordinates":[95.8863,23.8877]}},{"type":"Feature","properties":{"VILLAGE":"Ah Lel Sho","VLG_MMR":"အလယ်ရှို","TS":"Khin-U","VT":"Ah Lel Sho","sev":"severe"},"geometry":{"type":"Point","coordinates":[95.6888,22.8489]}},{"type":"Feature","properties":{"VILLAGE":"Aing Pauk Gyi","VLG_MMR":"အိုင်ပေါက်ကြီး","TS":"Khin-U","VT":"Aing Pauk Gyi","sev":"severe"},"geometry":{"type":"Point","coordinates":[95.6505,22.8449]}},{"type":"Feature","properties":{"VILLAGE":"Kan Thar Yar","VLG_MMR":"ကန်သာယာ","TS":"Khin-U","VT":"Aing Pauk Gyi","sev":"severe"},"geometry":{"type":"Point","coordinates":[95.6518,22.8492]}},{"type":"Feature","properties":{"VILLAGE":"Ba Oe","VLG_MMR":"ဘအိုး","TS":"Khin-U","VT":"Ba Oe","sev":"severe"},"geometry":{"type":"Point","coordinates":[95.5604,22.7976]}},{"type":"Feature","properties":{"VILLAGE":"Gway Kone","VLG_MMR":"ဂွေးကုန်း","TS":"Khin-U","VT":"Gway Kone","sev":"severe"},"geometry":{"type":"Point","coordinates":[95.5345,22.7604]}},{"type":"Feature","properties":{"VILLAGE":"Myit Taw","VLG_MMR":"မြစ်တော်","TS":"Khin-U","VT":"Gway Kone","sev":"severe"},"geometry":{"type":"Point","coordinates":[95.5452,22.7724]}},{"type":"Feature","properties":{"VILLAGE":"Gya Poet","VLG_MMR":"ဂျပို့","TS":"Khin-U","VT":"Gya Poet","sev":"severe"},"geometry":{"type":"Point","coordinates":[95.5624,22.8176]}},{"type":"Feature","properties":{"VILLAGE":"Pauk Thint Ton","VLG_MMR":"ပေါက်သင့်တုံ","TS":"Khin-U","VT":"Gya Poet","sev":"severe"},"geometry":{"type":"Point","coordinates":[95.558,22.82]}},{"type":"Feature","properties":{"VILLAGE":"Hta Naung Kaing Gyi","VLG_MMR":"ထနောင်းကိုင်းကြီး","TS":"Khin-U","VT":"Hta Naung Kaing Gyi","sev":"severe"},"geometry":{"type":"Point","coordinates":[95.8483,22.8201]}},{"type":"Feature","properties":{"VILLAGE":"Saik Kwin Loke Thar","VLG_MMR":"စိုက်ကွင်းလုပ်သား","TS":"Khin-U","VT":"Hta Naung Kaing Gyi","sev":"severe"},"geometry":{"type":"Point","coordinates":[95.8414,22.8512]}},{"type":"Feature","properties":{"VILLAGE":"In Daing Gyi","VLG_MMR":"အင်ဒိုင်းကြီး","TS":"Khin-U","VT":"In Daing Gyi","sev":"severe"},"geometry":{"type":"Point","coordinates":[95.5278,22.7929]}},{"type":"Feature","properties":{"VILLAGE":"Shwe Ku","VLG_MMR":"ရွှေကူ","TS":"Khin-U","VT":"In Daing Gyi","sev":"severe"},"geometry":{"type":"Point","coordinates":[95.5165,22.782]}},{"type":"Feature","properties":{"VILLAGE":"In Daing Lay (North)","VLG_MMR":"အင်ဒိုင်းလေး (မြောက်)","TS":"Khin-U","VT":"In Daing Lay","sev":"severe"},"geometry":{"type":"Point","coordinates":[95.4497,22.7561]}},{"type":"Feature","properties":{"VILLAGE":"In Daing Lay (South)","VLG_MMR":"အင်ဒိုင်းလေး (တောင်)","TS":"Khin-U","VT":"In Daing Lay","sev":"severe"},"geometry":{"type":"Point","coordinates":[95.4481,22.7524]}},{"type":"Feature","properties":{"VILLAGE":"Kar Seik","VLG_MMR":"ကားဆိပ်","TS":"Khin-U","VT":"In Daing Lay","sev":"severe"},"geometry":{"type":"Point","coordinates":[95.4453,22.765]}},{"type":"Feature","properties":{"VILLAGE":"Ywar Thit Kone","VLG_MMR":"ရွာသစ်ကုန်း","TS":"Khin-U","VT":"In Daing Lay","sev":"severe"},"geometry":{"type":"Point","coordinates":[95.4562,22.7506]}},{"type":"Feature","properties":{"VILLAGE":"Inn Pat","VLG_MMR":"အင်းပါတ်","TS":"Khin-U","VT":"Inn Pat","sev":"severe"},"geometry":{"type":"Point","coordinates":[95.4565,22.7407]}},{"type":"Feature","properties":{"VILLAGE":"Kone Thar","VLG_MMR":"ကုန်းသာ","TS":"Khin-U","VT":"Inn Pat","sev":"severe"},"geometry":{"type":"Point","coordinates":[95.4646,22.7325]}},{"type":"Feature","properties":{"VILLAGE":"Ma Yan Inn","VLG_MMR":"မရမ်းအင်း","TS":"Khin-U","VT":"Inn Pat","sev":"severe"},"geometry":{"type":"Point","coordinates":[95.4636,22.7293]}},{"type":"Feature","properties":{"VILLAGE":"Myin Daung","VLG_MMR":"မြင်းဒေါင်း","TS":"Khin-U","VT":"Inn Pat","sev":"severe"},"geometry":{"type":"Point","coordinates":[95.4683,22.7565]}},{"type":"Feature","properties":{"VILLAGE":"Ka Bwet","VLG_MMR":"ကဘွက်","TS":"Khin-U","VT":"Ka Bwet","sev":"severe"},"geometry":{"type":"Point","coordinates":[95.9384,22.7421]}},{"type":"Feature","properties":{"VILLAGE":"Tha Min Kya","VLG_MMR":"သမင်ကျ","TS":"Khin-U","VT":"Ka Bwet","sev":"severe"},"geometry":{"type":"Point","coordinates":[95.8761,22.7458]}},{"type":"Feature","properties":{"VILLAGE":"Yone Pin","VLG_MMR":"ရုံးပင်","TS":"Khin-U","VT":"Ka Bwet","sev":"severe"},"geometry":{"type":"Point","coordinates":[95.9043,22.7248]}},{"type":"Feature","properties":{"VILLAGE":"Kan Thar Yar (North)","VLG_MMR":"ကံသာယာ (မြောက်)","TS":"Khin-U","VT":"Kan Thar Yar","sev":"severe"},"geometry":{"type":"Point","coordinates":[95.5772,22.7846]}},{"type":"Feature","properties":{"VILLAGE":"Kan Thar Yar (South)","VLG_MMR":"ကံသာယာ (တောင်)","TS":"Khin-U","VT":"Kan Thar Yar","sev":"severe"},"geometry":{"type":"Point","coordinates":[95.5777,22.7797]}},{"type":"Feature","properties":{"VILLAGE":"Hnaw Kone","VLG_MMR":"နှောကုန်း","TS":"Khin-U","VT":"Kan Thit","sev":"severe"},"geometry":{"type":"Point","coordinates":[95.5864,22.742]}},{"type":"Feature","properties":{"VILLAGE":"Kan Thit","VLG_MMR":"ကန်သစ်","TS":"Khin-U","VT":"Kan Thit","sev":"severe"},"geometry":{"type":"Point","coordinates":[95.5618,22.7527]}},{"type":"Feature","properties":{"VILLAGE":"Mauk Pet","VLG_MMR":"မောက်ပက်","TS":"Khin-U","VT":"Kan Thit","sev":"severe"},"geometry":{"type":"Point","coordinates":[95.564,22.7403]}},{"type":"Feature","properties":{"VILLAGE":"Kin Pyit","VLG_MMR":"ကင်းပြစ်","TS":"Khin-U","VT":"Kin Pyit","sev":"severe"},"geometry":{"type":"Point","coordinates":[95.504,22.8005]}},{"type":"Feature","properties":{"VILLAGE":"Koke Tet","VLG_MMR":"ကုတ္တက်","TS":"Khin-U","VT":"Koke Tet","sev":"severe"},"geometry":{"type":"Point","coordinates":[95.9434,22.7494]}},{"type":"Feature","properties":{"VILLAGE":"Thi Ha Taw","VLG_MMR":"သီဟတော","TS":"Khin-U","VT":"Koke Tet","sev":"severe"},"geometry":{"type":"Point","coordinates":[95.9631,22.8447]}},{"type":"Feature","properties":{"VILLAGE":"Thin Paung Kar","VLG_MMR":"သင်ပေါင်းကား","TS":"Khin-U","VT":"Koke Tet","sev":"severe"},"geometry":{"type":"Point","coordinates":[95.9533,22.7419]}},{"type":"Feature","properties":{"VILLAGE":"Kone Gyi","VLG_MMR":"ကုန်းကြီး","TS":"Khin-U","VT":"Kone Gyi","sev":"severe"},"geometry":{"type":"Point","coordinates":[95.8072,22.7351]}},{"type":"Feature","properties":{"VILLAGE":"Lel Thit Taw","VLG_MMR":"လယ်သစ်တော","TS":"Khin-U","VT":"Kone Gyi","sev":"severe"},"geometry":{"type":"Point","coordinates":[95.8083,22.7494]}},{"type":"Feature","properties":{"VILLAGE":"Ta Mar","VLG_MMR":"တမာ","TS":"Khin-U","VT":"Kone Gyi","sev":"severe"},"geometry":{"type":"Point","coordinates":[95.7979,22.7165]}},{"type":"Feature","properties":{"VILLAGE":"Kun Taing","VLG_MMR":"ကွန်းတိုင်း","TS":"Khin-U","VT":"Kun Taing","sev":"severe"},"geometry":{"type":"Point","coordinates":[95.6587,22.796]}},{"type":"Feature","properties":{"VILLAGE":"Kyee Kan","VLG_MMR":"ကျီးကန်","TS":"Khin-U","VT":"Kyee Kan","sev":"severe"},"geometry":{"type":"Point","coordinates":[95.6531,22.7018]}},{"type":"Feature","properties":{"VILLAGE":"Pauk Ton","VLG_MMR":"ပေါက်တုံ","TS":"Khin-U","VT":"Kyee Kan","sev":"severe"},"geometry":{"type":"Point","coordinates":[95.6431,22.6937]}},{"type":"Feature","properties":{"VILLAGE":"Wun Gyi","VLG_MMR":"ဝန်းကြီး","TS":"Khin-U","VT":"Kyee Kan","sev":"severe"},"geometry":{"type":"Point","coordinates":[95.6286,22.6847]}},{"type":"Feature","properties":{"VILLAGE":"Kyoet Kan","VLG_MMR":"ကြို့ကန်","TS":"Khin-U","VT":"Kyoet Kan","sev":"severe"},"geometry":{"type":"Point","coordinates":[95.7367,22.7282]}},{"type":"Feature","properties":{"VILLAGE":"Let Pan Kone","VLG_MMR":"လက်ပံကုန်း","TS":"Khin-U","VT":"Kyoet Kan","sev":"severe"},"geometry":{"type":"Point","coordinates":[95.7158,22.7696]}},{"type":"Feature","properties":{"VILLAGE":"Myay Ni Sho","VLG_MMR":"မြေနီသျှို","TS":"Khin-U","VT":"Kyoet Kan","sev":"severe"},"geometry":{"type":"Point","coordinates":[95.7262,22.7454]}},{"type":"Feature","properties":{"VILLAGE":"Ta Moke","VLG_MMR":"တမုတ်","TS":"Khin-U","VT":"Kyoet Kan","sev":"severe"},"geometry":{"type":"Point","coordinates":[95.71,22.784]}},{"type":"Feature","properties":{"VILLAGE":"Kyun Lel","VLG_MMR":"ကျွန်းလည်","TS":"Khin-U","VT":"Kyun Lel","sev":"severe"},"geometry":{"type":"Point","coordinates":[95.4809,22.7013]}},{"type":"Feature","properties":{"VILLAGE":"Kyun Swei","VLG_MMR":"ကျွန်းဆွယ်","TS":"Khin-U","VT":"Kyun Lel","sev":"severe"},"geometry":{"type":"Point","coordinates":[95.474,22.7021]}},{"type":"Feature","properties":{"VILLAGE":"Thein Taw","VLG_MMR":"သိန်တော်","TS":"Khin-U","VT":"Kyun Lel","sev":"severe"},"geometry":{"type":"Point","coordinates":[95.5003,22.7059]}},{"type":"Feature","properties":{"VILLAGE":"Chin Myit Kyin (North)","VLG_MMR":"ချင်မြစ်ကျဉ်း (မြောက်)","TS":"Khin-U","VT":"Kyun Pin Kan","sev":"severe"},"geometry":{"type":"Point","coordinates":[95.7542,22.7343]}},{"type":"Feature","properties":{"VILLAGE":"Chin Myit Kyin (South)","VLG_MMR":"ချင်မြစ်ကျဉ်း (တောင်)","TS":"Khin-U","VT":"Kyun Pin Kan","sev":"severe"},"geometry":{"type":"Point","coordinates":[95.7585,22.7286]}},{"type":"Feature","properties":{"VILLAGE":"Kyun Pin Kan","VLG_MMR":"ကျွန်းပင်ကန်","TS":"Khin-U","VT":"Kyun Pin Kan","sev":"severe"},"geometry":{"type":"Point","coordinates":[95.7448,22.7345]}},{"type":"Feature","properties":{"VILLAGE":"Ta Dar U","VLG_MMR":"တံတားဦး","TS":"Khin-U","VT":"Kyun Pin Kan","sev":"severe"},"geometry":{"type":"Point","coordinates":[95.7497,22.7338]}},{"type":"Feature","properties":{"VILLAGE":"Laung Shey","VLG_MMR":"လောင်းရှည်","TS":"Khin-U","VT":"Laung Shey","sev":"severe"},"geometry":{"type":"Point","coordinates":[95.6298,22.7321]}},{"type":"Feature","properties":{"VILLAGE":"Laung Shey (Ywar Thit)","VLG_MMR":"လောင်းရှည် (ရွာသစ်)","TS":"Khin-U","VT":"Laung Shey","sev":"severe"},"geometry":{"type":"Point","coordinates":[95.636,22.7352]}},{"type":"Feature","properties":{"VILLAGE":"Let Pan Gyi","VLG_MMR":"လက်ပံကြီး","TS":"Khin-U","VT":"Let Pan Gyi","sev":"severe"},"geometry":{"type":"Point","coordinates":[95.6115,22.7206]}},{"type":"Feature","properties":{"VILLAGE":"Let Pan Hla","VLG_MMR":"လက်ပံလှ","TS":"Khin-U","VT":"Let Pan Hla","sev":"severe"},"geometry":{"type":"Point","coordinates":[95.6398,22.724]}},{"type":"Feature","properties":{"VILLAGE":"Ma Daung Gyi","VLG_MMR":"မဒေါင်းကြီး","TS":"Khin-U","VT":"Ma Daung Gyi","sev":"severe"},"geometry":{"type":"Point","coordinates":[95.5653,22.8484]}},{"type":"Feature","properties":{"VILLAGE":"Shwe Kar","VLG_MMR":"ရွှေကာ","TS":"Khin-U","VT":"Ma Daung Gyi","sev":"severe"},"geometry":{"type":"Point","coordinates":[95.5625,22.8466]}},{"type":"Feature","properties":{"VILLAGE":"Hne Twin","VLG_MMR":"နှဲတွင်း","TS":"Khin-U","VT":"Ma Daung Hla","sev":"severe"},"geometry":{"type":"Point","coordinates":[95.5829,22.8764]}},{"type":"Feature","properties":{"VILLAGE":"Ma Daung Hla","VLG_MMR":"မဒေါင်းလှ","TS":"Khin-U","VT":"Ma Daung Hla","sev":"severe"},"geometry":{"type":"Point","coordinates":[95.5853,22.8547]}},{"type":"Feature","properties":{"VILLAGE":"Moe Nat","VLG_MMR":"မိုးနတ်","TS":"Khin-U","VT":"Ma Daung Hla","sev":"severe"},"geometry":{"type":"Point","coordinates":[95.585,22.8875]}},{"type":"Feature","properties":{"VILLAGE":"Nga Kyaing","VLG_MMR":"ငကြိုင်း","TS":"Khin-U","VT":"Ma Daung Hla","sev":"severe"},"geometry":{"type":"Point","coordinates":[95.5986,22.8598]}},{"type":"Feature","properties":{"VILLAGE":"Si Son Lay","VLG_MMR":"ဆီဆုံလေး","TS":"Khin-U","VT":"Ma Daung Hla","sev":"severe"},"geometry":{"type":"Point","coordinates":[95.5723,22.8665]}},{"type":"Feature","properties":{"VILLAGE":"Kyun Taw Gyi","VLG_MMR":"ကျွန်းတောကြီး","TS":"Khin-U","VT":"Ma Gyi Oke","sev":"severe"},"geometry":{"type":"Point","coordinates":[95.4644,22.7834]}},{"type":"Feature","properties":{"VILLAGE":"Ma Gyi Oke","VLG_MMR":"မကြီးအုပ်","TS":"Khin-U","VT":"Ma Gyi Oke","sev":"severe"},"geometry":{"type":"Point","coordinates":[95.467,22.7656]}},{"type":"Feature","properties":{"VILLAGE":"Myin Kya (North)","VLG_MMR":"မြင်းကျ (မြောက်)","TS":"Khin-U","VT":"Ma Gyi Oke","sev":"severe"},"geometry":{"type":"Point","coordinates":[95.4815,22.7792]}},{"type":"Feature","properties":{"VILLAGE":"Myin Kya (South)","VLG_MMR":"မြင်းကျ (တောင်)","TS":"Khin-U","VT":"Ma Gyi Oke","sev":"severe"},"geometry":{"type":"Point","coordinates":[95.4677,22.7572]}},{"type":"Feature","properties":{"VILLAGE":"Tha Yet Pin Su","VLG_MMR":"သရက်ပင်စု","TS":"Khin-U","VT":"Ma Gyi Oke","sev":"severe"},"geometry":{"type":"Point","coordinates":[95.4477,22.7725]}},{"type":"Feature","properties":{"VILLAGE":"Yar Taw","VLG_MMR":"ယာတော်","TS":"Khin-U","VT":"Ma Gyi Oke","sev":"severe"},"geometry":{"type":"Point","coordinates":[95.4545,22.7756]}},{"type":"Feature","properties":{"VILLAGE":"Chaung Son","VLG_MMR":"ချောင်းဆုံ","TS":"Khin-U","VT":"Ma Gyi Ton","sev":"severe"},"geometry":{"type":"Point","coordinates":[95.6664,22.7432]}},{"type":"Feature","properties":{"VILLAGE":"Ma Gyi Kon","VLG_MMR":"မကျီးကုံ","TS":"Khin-U","VT":"Ma Gyi Ton","sev":"severe"},"geometry":{"type":"Point","coordinates":[95.6679,22.7477]}},{"type":"Feature","properties":{"VILLAGE":"Min Kan Gyi","VLG_MMR":"မင်းကန်ကြီး","TS":"Khin-U","VT":"Ma Gyi Ton","sev":"severe"},"geometry":{"type":"Point","coordinates":[95.6718,22.774]}},{"type":"Feature","properties":{"VILLAGE":"Mon Hla","VLG_MMR":"မုံလှ","TS":"Khin-U","VT":"Mon Hla","sev":"severe"},"geometry":{"type":"Point","coordinates":[95.4829,22.8393]}},{"type":"Feature","properties":{"VILLAGE":"Aung Thar","VLG_MMR":"အောင်သာ","TS":"Khin-U","VT":"Mon Taw (North)","sev":"severe"},"geometry":{"type":"Point","coordinates":[95.4807,22.7181]}},{"type":"Feature","properties":{"VILLAGE":"Inn Pauk","VLG_MMR":"အင်းပေါက်","TS":"Khin-U","VT":"Mon Taw (North)","sev":"severe"},"geometry":{"type":"Point","coordinates":[95.4861,22.716]}},{"type":"Feature","properties":{"VILLAGE":"Mon Taw (North)","VLG_MMR":"မုံတော (မြောက်)","TS":"Khin-U","VT":"Mon Taw (North)","sev":"severe"},"geometry":{"type":"Point","coordinates":[95.4621,22.7179]}},{"type":"Feature","properties":{"VILLAGE":"Dan Kone","VLG_MMR":"ဒါန်းကုန်း","TS":"Khin-U","VT":"Mu Thar","sev":"severe"},"geometry":{"type":"Point","coordinates":[95.4677,22.713]}},{"type":"Feature","properties":{"VILLAGE":"Kyee Aing","VLG_MMR":"ကြီးအိုင်","TS":"Khin-U","VT":"Mu Thar","sev":"severe"},"geometry":{"type":"Point","coordinates":[95.4547,22.7118]}},{"type":"Feature","properties":{"VILLAGE":"Mon Taw (South)","VLG_MMR":"မုံတော (တောင်)","TS":"Khin-U","VT":"Mu Thar","sev":"severe"},"geometry":{"type":"Point","coordinates":[95.4629,22.7095]}},{"type":"Feature","properties":{"VILLAGE":"Mu Thar","VLG_MMR":"မူးသာ","TS":"Khin-U","VT":"Mu Thar","sev":"severe"},"geometry":{"type":"Point","coordinates":[95.4379,22.7053]}},{"type":"Feature","properties":{"VILLAGE":"Mya Kan","VLG_MMR":"မြကန်","TS":"Khin-U","VT":"Mya Kan","sev":"severe"},"geometry":{"type":"Point","coordinates":[95.4721,22.7458]}},{"type":"Feature","properties":{"VILLAGE":"Kan Gyi Kone","VLG_MMR":"ကံကြီးကုန်း","TS":"Khin-U","VT":"Myo Thit","sev":"severe"},"geometry":{"type":"Point","coordinates":[95.5182,22.7344]}},{"type":"Feature","properties":{"VILLAGE":"Myo Thit","VLG_MMR":"မြို့သစ်","TS":"Khin-U","VT":"Myo Thit","sev":"severe"},"geometry":{"type":"Point","coordinates":[95.5143,22.7424]}},{"type":"Feature","properties":{"VILLAGE":"Shwe Ya Min","VLG_MMR":"ရွှေယမင်း","TS":"Khin-U","VT":"Myo Thit","sev":"severe"},"geometry":{"type":"Point","coordinates":[95.509,22.7268]}},{"type":"Feature","properties":{"VILLAGE":"Thar Ga Ra","VLG_MMR":"သာဂရ","TS":"Khin-U","VT":"Myo Thit","sev":"severe"},"geometry":{"type":"Point","coordinates":[95.5173,22.7539]}},{"type":"Feature","properties":{"VILLAGE":"Maung Kyauk Taw","VLG_MMR":"မောင်းကျောက်တော","TS":"Khin-U","VT":"Ngar Tin Gyi","sev":"severe"},"geometry":{"type":"Point","coordinates":[95.7909,22.8244]}},{"type":"Feature","properties":{"VILLAGE":"Ngar Tin Gyi","VLG_MMR":"ငါးတင်းကြီး","TS":"Khin-U","VT":"Ngar Tin Gyi","sev":"severe"},"geometry":{"type":"Point","coordinates":[95.8027,22.8172]}},{"type":"Feature","properties":{"VILLAGE":"Ohn Pin Kone","VLG_MMR":"အုန်းပင်ကုန်း","TS":"Khin-U","VT":"Ngar Tin Gyi","sev":"severe"},"geometry":{"type":"Point","coordinates":[95.8043,22.8577]}},{"type":"Feature","properties":{"VILLAGE":"Saing Gaung","VLG_MMR":"စိုင်ခေါင်း","TS":"Khin-U","VT":"Ngar Tin Gyi","sev":"severe"},"geometry":{"type":"Point","coordinates":[95.7921,22.8526]}},{"type":"Feature","properties":{"VILLAGE":"Ngar Yon Gyi","VLG_MMR":"ငါးရုံကြီး","TS":"Khin-U","VT":"Ngar Yon Gyi","sev":"severe"},"geometry":{"type":"Point","coordinates":[95.5223,22.8367]}},{"type":"Feature","properties":{"VILLAGE":"Shar Taw","VLG_MMR":"ရှားတော","TS":"Khin-U","VT":"Ngar Yon Gyi","sev":"severe"},"geometry":{"type":"Point","coordinates":[95.5239,22.8434]}},{"type":"Feature","properties":{"VILLAGE":"Nyaung Kan","VLG_MMR":"ညောင်ကန်","TS":"Khin-U","VT":"Nyaung Kan","sev":"severe"},"geometry":{"type":"Point","coordinates":[95.6744,22.8188]}},{"type":"Feature","properties":{"VILLAGE":"Oke Sar Twin","VLG_MMR":"ဥစ္စာတွင်း","TS":"Khin-U","VT":"Oke Sar Twin","sev":"severe"},"geometry":{"type":"Point","coordinates":[95.6028,22.7363]}},{"type":"Feature","properties":{"VILLAGE":"Aung Chan Thar","VLG_MMR":"အောင်ချမ်းသာ","TS":"Khin-U","VT":"Paung Hle Kone","sev":"severe"},"geometry":{"type":"Point","coordinates":[95.569,22.7218]}},{"type":"Feature","properties":{"VILLAGE":"Paung Hle Kone","VLG_MMR":"ပေါင်းလှဲကုန်း","TS":"Khin-U","VT":"Paung Hle Kone","sev":"severe"},"geometry":{"type":"Point","coordinates":[95.5699,22.7195]}},{"type":"Feature","properties":{"VILLAGE":"Pi Tauk Kone","VLG_MMR":"ပိတောက်ကုန်း","TS":"Khin-U","VT":"Pi Tauk Kone","sev":"severe"},"geometry":{"type":"Point","coordinates":[95.5995,22.8911]}},{"type":"Feature","properties":{"VILLAGE":"Yauk Thint Kan","VLG_MMR":"ယောက်သင့်ကန်","TS":"Khin-U","VT":"Pi Tauk Kone","sev":"severe"},"geometry":{"type":"Point","coordinates":[95.6169,22.8941]}},{"type":"Feature","properties":{"VILLAGE":"Pin Din","VLG_MMR":"ပင်ဒင်း","TS":"Khin-U","VT":"Pin Din","sev":"severe"},"geometry":{"type":"Point","coordinates":[95.6427,22.8162]}},{"type":"Feature","properties":{"VILLAGE":"Pyin Htaung","VLG_MMR":"ပြင်ထောင်","TS":"Khin-U","VT":"Pyin Htaung","sev":"severe"},"geometry":{"type":"Point","coordinates":[95.5018,22.7895]}},{"type":"Feature","properties":{"VILLAGE":"Hpan Khar Kone","VLG_MMR":"ဖန်းခါးကုန်း","TS":"Khin-U","VT":"Saw Gyi","sev":"severe"},"geometry":{"type":"Point","coordinates":[95.5997,22.8462]}},{"type":"Feature","properties":{"VILLAGE":"In Gyin Pin","VLG_MMR":"အင်ကြင်းပင်","TS":"Khin-U","VT":"Saw Gyi","sev":"severe"},"geometry":{"type":"Point","coordinates":[95.6117,22.8456]}},{"type":"Feature","properties":{"VILLAGE":"Pauk Taw","VLG_MMR":"ပေါက်တော","TS":"Khin-U","VT":"Saw Gyi","sev":"severe"},"geometry":{"type":"Point","coordinates":[95.5908,22.8397]}},{"type":"Feature","properties":{"VILLAGE":"Saw Gyi","VLG_MMR":"စောကြီး","TS":"Khin-U","VT":"Saw Gyi","sev":"severe"},"geometry":{"type":"Point","coordinates":[95.6035,22.8376]}},{"type":"Feature","properties":{"VILLAGE":"Te Gyi","VLG_MMR":"တဲကြီး","TS":"Khin-U","VT":"Saw Gyi","sev":"severe"},"geometry":{"type":"Point","coordinates":[95.6132,22.8405]}},{"type":"Feature","properties":{"VILLAGE":"Tha Nat Sein","VLG_MMR":"သနပ်စိန်","TS":"Khin-U","VT":"Saw Gyi","sev":"severe"},"geometry":{"type":"Point","coordinates":[95.6146,22.8505]}},{"type":"Feature","properties":{"VILLAGE":"Chan Thar Kone","VLG_MMR":"ချမ်းသာကုန်း","TS":"Khin-U","VT":"Se Gyi","sev":"severe"},"geometry":{"type":"Point","coordinates":[95.4518,22.7321]}},{"type":"Feature","properties":{"VILLAGE":"Nyaung Pin Chan","VLG_MMR":"ညောင်ပင်ခြံ","TS":"Khin-U","VT":"Se Gyi","sev":"severe"},"geometry":{"type":"Point","coordinates":[95.4466,22.7228]}},{"type":"Feature","properties":{"VILLAGE":"Se Gyi","VLG_MMR":"ဆည်ကြီး","TS":"Khin-U","VT":"Se Gyi","sev":"severe"},"geometry":{"type":"Point","coordinates":[95.4502,22.7238]}},{"type":"Feature","properties":{"VILLAGE":"Ywar Thit","VLG_MMR":"ရွာသစ်","TS":"Khin-U","VT":"Se Gyi","sev":"severe"},"geometry":{"type":"Point","coordinates":[95.4366,22.7259]}},{"type":"Feature","properties":{"VILLAGE":"Hta Naung Kaing","VLG_MMR":"ထနောင်းကိုင်း","TS":"Khin-U","VT":"Shar Lwin","sev":"severe"},"geometry":{"type":"Point","coordinates":[95.7281,22.8141]}},{"type":"Feature","properties":{"VILLAGE":"Ku Lar Lu","VLG_MMR":"ကုလားလူး","TS":"Khin-U","VT":"Shar Lwin","sev":"severe"},"geometry":{"type":"Point","coordinates":[95.7527,22.814]}},{"type":"Feature","properties":{"VILLAGE":"Shar Lwin","VLG_MMR":"ရှားလွင်","TS":"Khin-U","VT":"Shar Lwin","sev":"severe"},"geometry":{"type":"Point","coordinates":[95.7627,22.8057]}},{"type":"Feature","properties":{"VILLAGE":"Ka Lon","VLG_MMR":"ကလုံ","TS":"Khin-U","VT":"Shin Min Dway","sev":"severe"},"geometry":{"type":"Point","coordinates":[95.512,22.824]}},{"type":"Feature","properties":{"VILLAGE":"Shin Min Dway","VLG_MMR":"ရှင်မင်းဒွေ","TS":"Khin-U","VT":"Shin Min Dway","sev":"severe"},"geometry":{"type":"Point","coordinates":[95.517,22.8092]}},{"type":"Feature","properties":{"VILLAGE":"Hnget Pyaw","VLG_MMR":"ငှက်ပျော","TS":"Khin-U","VT":"Si Poke Ta Yar","sev":"severe"},"geometry":{"type":"Point","coordinates":[95.5895,22.8045]}},{"type":"Feature","properties":{"VILLAGE":"Pay Kone","VLG_MMR":"ပေကုန်း","TS":"Khin-U","VT":"Si Poke Ta Yar","sev":"severe"},"geometry":{"type":"Point","coordinates":[95.5818,22.8217]}},{"type":"Feature","properties":{"VILLAGE":"Si Poke Ta Yar","VLG_MMR":"စည်ပုတ္တရာ","TS":"Khin-U","VT":"Si Poke Ta Yar","sev":"severe"},"geometry":{"type":"Point","coordinates":[95.5689,22.8143]}},{"type":"Feature","properties":{"VILLAGE":"Tha Yet Kan","VLG_MMR":"သရက်ကန်","TS":"Khin-U","VT":"Si Poke Ta Yar","sev":"severe"},"geometry":{"type":"Point","coordinates":[95.5964,22.8163]}},{"type":"Feature","properties":{"VILLAGE":"Su Htat","VLG_MMR":"ဆူးထပ်","TS":"Khin-U","VT":"Su Htat","sev":"severe"},"geometry":{"type":"Point","coordinates":[95.7764,22.6846]}},{"type":"Feature","properties":{"VILLAGE":"Wet Thea","VLG_MMR":"ဝက်သဲ","TS":"Khin-U","VT":"Su Htat","sev":"severe"},"geometry":{"type":"Point","coordinates":[95.7822,22.7038]}},{"type":"Feature","properties":{"VILLAGE":"Ma Ni Kone","VLG_MMR":"မဏိကုန်း","TS":"Khin-U","VT":"Ta Pin Kaung","sev":"severe"},"geometry":{"type":"Point","coordinates":[95.5473,22.718]}},{"type":"Feature","properties":{"VILLAGE":"Ta Pin Kaung (North)","VLG_MMR":"တပင်ကောင်း (မြောက်)","TS":"Khin-U","VT":"Ta Pin Kaung","sev":"severe"},"geometry":{"type":"Point","coordinates":[95.5452,22.7053]}},{"type":"Feature","properties":{"VILLAGE":"Ta Pin Kaung (South)","VLG_MMR":"တပင်ကောင်း (တောင်)","TS":"Khin-U","VT":"Ta Pin Kaung","sev":"severe"},"geometry":{"type":"Point","coordinates":[95.5486,22.7]}},{"type":"Feature","properties":{"VILLAGE":"Tei Bo Pin","VLG_MMR":"တယ်ဘိုပင်","TS":"Khin-U","VT":"Tei Bo Pin","sev":"severe"},"geometry":{"type":"Point","coordinates":[95.5284,22.6836]}},{"type":"Feature","properties":{"VILLAGE":"Tha Yet Kone","VLG_MMR":"သရက်ကုန်း","TS":"Khin-U","VT":"Tha Yet Kone","sev":"severe"},"geometry":{"type":"Point","coordinates":[95.5086,22.8093]}},{"type":"Feature","properties":{"VILLAGE":"Than Bo","VLG_MMR":"သံဘို","TS":"Khin-U","VT":"Than Bo","sev":"severe"},"geometry":{"type":"Point","coordinates":[95.6742,22.7294]}},{"type":"Feature","properties":{"VILLAGE":"Kyun Ka Lay (Kyun Taw Lay)","VLG_MMR":"ကျွန်းကလေး (ကျွန်းတော်လေး)","TS":"Khin-U","VT":"Thar Wut Hti","sev":"severe"},"geometry":{"type":"Point","coordinates":[95.4663,22.792]}},{"type":"Feature","properties":{"VILLAGE":"Thar Wut Hti","VLG_MMR":"သာဝတ္တိ","TS":"Khin-U","VT":"Thar Wut Hti","sev":"severe"},"geometry":{"type":"Point","coordinates":[95.4766,22.8102]}},{"type":"Feature","properties":{"VILLAGE":"Let Pan Kwet","VLG_MMR":"လက်ပံကွက်","TS":"Khin-U","VT":"Thet Pay","sev":"severe"},"geometry":{"type":"Point","coordinates":[95.448,22.6909]}},{"type":"Feature","properties":{"VILLAGE":"Tar Taing","VLG_MMR":"တာတိုင်","TS":"Khin-U","VT":"Thet Pay","sev":"severe"},"geometry":{"type":"Point","coordinates":[95.4409,22.6751]}},{"type":"Feature","properties":{"VILLAGE":"Thet Pay","VLG_MMR":"သက်ပေး","TS":"Khin-U","VT":"Thet Pay","sev":"severe"},"geometry":{"type":"Point","coordinates":[95.4484,22.6943]}},{"type":"Feature","properties":{"VILLAGE":"Zee Taw","VLG_MMR":"ဇီးတော","TS":"Khin-U","VT":"Thet Pay","sev":"severe"},"geometry":{"type":"Point","coordinates":[95.4451,22.6855]}},{"type":"Feature","properties":{"VILLAGE":"Thin Paung","VLG_MMR":"သင်ပေါင်း","TS":"Khin-U","VT":"Thin Paung","sev":"severe"},"geometry":{"type":"Point","coordinates":[95.9215,22.7854]}},{"type":"Feature","properties":{"VILLAGE":"Pa Dwin","VLG_MMR":"ပဒွင်း","TS":"Khin-U","VT":"Ya Than","sev":"severe"},"geometry":{"type":"Point","coordinates":[95.6168,22.7167]}},{"type":"Feature","properties":{"VILLAGE":"Ya Than","VLG_MMR":"ရသန်း","TS":"Khin-U","VT":"Ya Than","sev":"severe"},"geometry":{"type":"Point","coordinates":[95.632,22.7094]}},{"type":"Feature","properties":{"VILLAGE":"Yauk Thwar Aing","VLG_MMR":"ယောက်သွားအိုင်","TS":"Khin-U","VT":"Yauk Thwar Aing","sev":"severe"},"geometry":{"type":"Point","coordinates":[95.7268,22.8419]}},{"type":"Feature","properties":{"VILLAGE":"Byaing Kyaing","VLG_MMR":"ဗျိုင်းကြိုင်","TS":"Khin-U","VT":"Yone Su","sev":"severe"},"geometry":{"type":"Point","coordinates":[95.475,22.6699]}},{"type":"Feature","properties":{"VILLAGE":"Hman Taw","VLG_MMR":"မှန်တော်","TS":"Khin-U","VT":"Yone Su","sev":"severe"},"geometry":{"type":"Point","coordinates":[95.4724,22.7063]}},{"type":"Feature","properties":{"VILLAGE":"Kyar Pin Aing","VLG_MMR":"ကြာပင်အိုင်","TS":"Khin-U","VT":"Yone Su","sev":"severe"},"geometry":{"type":"Point","coordinates":[95.4968,22.69]}},{"type":"Feature","properties":{"VILLAGE":"Nyaung Pin Gyi Su","VLG_MMR":"ညောင်ပင်ကြီးစု","TS":"Khin-U","VT":"Yone Su","sev":"severe"},"geometry":{"type":"Point","coordinates":[95.473,22.6926]}},{"type":"Feature","properties":{"VILLAGE":"Yone Su","VLG_MMR":"ရုံးစု","TS":"Khin-U","VT":"Yone Su","sev":"severe"},"geometry":{"type":"Point","coordinates":[95.4732,22.6825]}},{"type":"Feature","properties":{"VILLAGE":"Ywar Thar","VLG_MMR":"ရွာသာ","TS":"Khin-U","VT":"Ywar Thar","sev":"severe"},"geometry":{"type":"Point","coordinates":[95.7641,22.7146]}},{"type":"Feature","properties":{"VILLAGE":"Nyaung Kone","VLG_MMR":"ညောင်ကုန်း","TS":"Khin-U","VT":"Ywar Thit","sev":"severe"},"geometry":{"type":"Point","coordinates":[95.7445,22.6802]}},{"type":"Feature","properties":{"VILLAGE":"Shwe Pyi Thar","VLG_MMR":"ရွှေပြည်သာ","TS":"Khin-U","VT":"Ywar Thit","sev":"severe"},"geometry":{"type":"Point","coordinates":[95.73,22.6793]}},{"type":"Feature","properties":{"VILLAGE":"War Yon Kone","VLG_MMR":"ဝါးရုံကုန်း","TS":"Khin-U","VT":"Ywar Thit","sev":"severe"},"geometry":{"type":"Point","coordinates":[95.7549,22.6779]}},{"type":"Feature","properties":{"VILLAGE":"Ywar Thit","VLG_MMR":"ရွာသစ်","TS":"Khin-U","VT":"Ywar Thit","sev":"severe"},"geometry":{"type":"Point","coordinates":[95.7431,22.6946]}},{"type":"Feature","properties":{"VILLAGE":"Ywar Zin","VLG_MMR":"ရွာဇင်","TS":"Khin-U","VT":"Ywar Zin","sev":"severe"},"geometry":{"type":"Point","coordinates":[95.7686,22.764]}},{"type":"Feature","properties":{"VILLAGE":"Chaung Zauk","VLG_MMR":"ချောင်းဇောက်","TS":"Kyunhla","VT":"Chaung Zauk","sev":"critical"},"geometry":{"type":"Point","coordinates":[95.148,23.7745]}},{"type":"Feature","properties":{"VILLAGE":"Thaik Taw","VLG_MMR":"သိုက်တော","TS":"Kyunhla","VT":"Chaung Zauk","sev":"critical"},"geometry":{"type":"Point","coordinates":[95.132,23.7438]}},{"type":"Feature","properties":{"VILLAGE":"Bo Inn","VLG_MMR":"ဘိုအင်း","TS":"Kyunhla","VT":"Ein Chay","sev":"critical"},"geometry":{"type":"Point","coordinates":[95.3305,23.6423]}},{"type":"Feature","properties":{"VILLAGE":"Ein Chay","VLG_MMR":"အိမ်ခြေ","TS":"Kyunhla","VT":"Ein Chay","sev":"critical"},"geometry":{"type":"Point","coordinates":[95.3522,23.6033]}},{"type":"Feature","properties":{"VILLAGE":"Inyar Shey","VLG_MMR":"အင်းလျားရှေ","TS":"Kyunhla","VT":"Ein Chay","sev":"critical"},"geometry":{"type":"Point","coordinates":[95.3511,23.6095]}},{"type":"Feature","properties":{"VILLAGE":"Kaing Wun","VLG_MMR":"ကိုင်းဝန်း","TS":"Kyunhla","VT":"Ein Chay","sev":"critical"},"geometry":{"type":"Point","coordinates":[95.3139,23.6256]}},{"type":"Feature","properties":{"VILLAGE":"Sar Yin Win","VLG_MMR":"စာရင်းဝင်","TS":"Kyunhla","VT":"Ein Chay","sev":"critical"},"geometry":{"type":"Point","coordinates":[95.3254,23.5908]}},{"type":"Feature","properties":{"VILLAGE":"Ywar Koe Gyi","VLG_MMR":"ရွာကိုးကြီး","TS":"Kyunhla","VT":"Ein Chay","sev":"critical"},"geometry":{"type":"Point","coordinates":[95.3366,23.6231]}},{"type":"Feature","properties":{"VILLAGE":"Hlut Taik","VLG_MMR":"လွှတ်တိုက်","TS":"Kyunhla","VT":"Hlut Taik","sev":"critical"},"geometry":{"type":"Point","coordinates":[95.4846,23.443]}},{"type":"Feature","properties":{"VILLAGE":"Ma Daung","VLG_MMR":"မဒေါင်","TS":"Kyunhla","VT":"Hlut Taik","sev":"critical"},"geometry":{"type":"Point","coordinates":[95.4748,23.4484]}},{"type":"Feature","properties":{"VILLAGE":"Swea Hle","VLG_MMR":"ဆွဲလှဲ","TS":"Kyunhla","VT":"Hlut Taik","sev":"critical"},"geometry":{"type":"Point","coordinates":[95.4504,23.4653]}},{"type":"Feature","properties":{"VILLAGE":"Htan Pin Kone","VLG_MMR":"ထန်းပင်ကုန်း","TS":"Kyunhla","VT":"Htan Pin Kone","sev":"critical"},"geometry":{"type":"Point","coordinates":[95.6121,23.3049]}},{"type":"Feature","properties":{"VILLAGE":"Kyar Ta Kan","VLG_MMR":"ကြာတကံ","TS":"Kyunhla","VT":"Htan Pin Kone","sev":"critical"},"geometry":{"type":"Point","coordinates":[95.5678,23.3086]}},{"type":"Feature","properties":{"VILLAGE":"Htein Taw","VLG_MMR":"ထိန်တော","TS":"Kyunhla","VT":"Htein Taw","sev":"critical"},"geometry":{"type":"Point","coordinates":[95.1574,23.2691]}},{"type":"Feature","properties":{"VILLAGE":"Kha War Thei","VLG_MMR":"ခဝါသည်","TS":"Kyunhla","VT":"Htein Taw","sev":"critical"},"geometry":{"type":"Point","coordinates":[95.2184,23.2535]}},{"type":"Feature","properties":{"VILLAGE":"In Daing","VLG_MMR":"အင်ဒိုင်း","TS":"Kyunhla","VT":"In Daing","sev":"critical"},"geometry":{"type":"Point","coordinates":[95.3055,23.3005]}},{"type":"Feature","properties":{"VILLAGE":"Kywe Te","VLG_MMR":"ကျွဲတဲ","TS":"Kyunhla","VT":"In Daing","sev":"critical"},"geometry":{"type":"Point","coordinates":[95.238,23.3147]}},{"type":"Feature","properties":{"VILLAGE":"Au Taung","VLG_MMR":"အူတောင်","TS":"Kyunhla","VT":"In Hla","sev":"critical"},"geometry":{"type":"Point","coordinates":[95.1541,23.3305]}},{"type":"Feature","properties":{"VILLAGE":"In Hla","VLG_MMR":"အင်လှ","TS":"Kyunhla","VT":"In Hla","sev":"critical"},"geometry":{"type":"Point","coordinates":[95.2156,23.3359]}},{"type":"Feature","properties":{"VILLAGE":"Mya Hnit","VLG_MMR":"မြနှစ်","TS":"Kyunhla","VT":"In Hla","sev":"critical"},"geometry":{"type":"Point","coordinates":[95.1944,23.3221]}},{"type":"Feature","properties":{"VILLAGE":"Inn Gaung","VLG_MMR":"အင်းဂေါင်း","TS":"Kyunhla","VT":"Inn Gaung","sev":"critical"},"geometry":{"type":"Point","coordinates":[95.4919,23.3253]}},{"type":"Feature","properties":{"VILLAGE":"Ku Lar Kone","VLG_MMR":"ကုလားကုန်း","TS":"Kyunhla","VT":"Inn Gaung","sev":"critical"},"geometry":{"type":"Point","coordinates":[95.4277,23.3633]}},{"type":"Feature","properties":{"VILLAGE":"Tin Ngoke Gyi","VLG_MMR":"တင်ငုတ်ကြီး","TS":"Kyunhla","VT":"Inn Gaung","sev":"critical"},"geometry":{"type":"Point","coordinates":[95.4367,23.3803]}},{"type":"Feature","properties":{"VILLAGE":"Koke Ko Kone","VLG_MMR":"ကုက္ကိုကုန်း","TS":"Kyunhla","VT":"Koke Ko Kone","sev":"critical"},"geometry":{"type":"Point","coordinates":[95.5059,23.4464]}},{"type":"Feature","properties":{"VILLAGE":"Kone See (North)","VLG_MMR":"ကုန်းစီး (မြောက်)","TS":"Kyunhla","VT":"Kone See","sev":"critical"},"geometry":{"type":"Point","coordinates":[95.141,23.4559]}},{"type":"Feature","properties":{"VILLAGE":"Kone See (South)","VLG_MMR":"ကုန်းစီး (တောင်)","TS":"Kyunhla","VT":"Kone See","sev":"critical"},"geometry":{"type":"Point","coordinates":[95.138,23.4415]}},{"type":"Feature","properties":{"VILLAGE":"Taung Ni","VLG_MMR":"တောင်နီ","TS":"Kyunhla","VT":"Kone See","sev":"critical"},"geometry":{"type":"Point","coordinates":[95.1563,23.4359]}},{"type":"Feature","properties":{"VILLAGE":"Hnget Pyaw Taw","VLG_MMR":"ငှက်ပျောတော","TS":"Kyunhla","VT":"Kyauk Aing","sev":"critical"},"geometry":{"type":"Point","coordinates":[95.4316,23.2782]}},{"type":"Feature","properties":{"VILLAGE":"Kyauk Aing","VLG_MMR":"ကျောက်အိုင်","TS":"Kyunhla","VT":"Kyauk Aing","sev":"critical"},"geometry":{"type":"Point","coordinates":[95.4348,23.2826]}},{"type":"Feature","properties":{"VILLAGE":"Ta Paung (South)","VLG_MMR":"တပေါင် (တောင်)","TS":"Kyunhla","VT":"Kyauk Aing","sev":"critical"},"geometry":{"type":"Point","coordinates":[95.4342,23.2885]}},{"type":"Feature","properties":{"VILLAGE":"Chaung Kwayt","VLG_MMR":"ချောင်းကွေ့","TS":"Kyunhla","VT":"Kyi Kone","sev":"critical"},"geometry":{"type":"Point","coordinates":[95.4826,23.3284]}},{"type":"Feature","properties":{"VILLAGE":"Kyi Kone","VLG_MMR":"ကြည့်ကုန်း","TS":"Kyunhla","VT":"Kyi Kone","sev":"critical"},"geometry":{"type":"Point","coordinates":[95.4737,23.3248]}},{"type":"Feature","properties":{"VILLAGE":"Pi Tauk Kone","VLG_MMR":"ပိတောက်ကုန်း","TS":"Kyunhla","VT":"Kyi Kone","sev":"critical"},"geometry":{"type":"Point","coordinates":[95.4735,23.3272]}},{"type":"Feature","properties":{"VILLAGE":"Sa Thar Kone","VLG_MMR":"စသာကုန်း","TS":"Kyunhla","VT":"Kyi Kone","sev":"critical"},"geometry":{"type":"Point","coordinates":[95.4687,23.3227]}},{"type":"Feature","properties":{"VILLAGE":"Ywar Thit Kone","VLG_MMR":"ရွာသစ်ကုန်း","TS":"Kyunhla","VT":"Kyi Kone","sev":"critical"},"geometry":{"type":"Point","coordinates":[95.4632,23.3224]}},{"type":"Feature","properties":{"VILLAGE":"Zee Taw","VLG_MMR":"ဇီးတော","TS":"Kyunhla","VT":"Kyi Kone","sev":"critical"},"geometry":{"type":"Point","coordinates":[95.4821,23.3256]}},{"type":"Feature","properties":{"VILLAGE":"Kha Paung Yon","VLG_MMR":"ခပေါင်းရုံ","TS":"Kyunhla","VT":"Leik Sin Taung","sev":"critical"},"geometry":{"type":"Point","coordinates":[95.2013,23.4161]}},{"type":"Feature","properties":{"VILLAGE":"Leik Sin Taung","VLG_MMR":"လိပ်စင်းတောင်","TS":"Kyunhla","VT":"Leik Sin Taung","sev":"critical"},"geometry":{"type":"Point","coordinates":[95.2268,23.409]}},{"type":"Feature","properties":{"VILLAGE":"Oke Shit Kone","VLG_MMR":"ဥရှစ်ကုန်း","TS":"Kyunhla","VT":"Leik Sin Taung","sev":"critical"},"geometry":{"type":"Point","coordinates":[95.1796,23.4213]}},{"type":"Feature","properties":{"VILLAGE":"Kan Pauk","VLG_MMR":"ကံပေါက်","TS":"Kyunhla","VT":"Lel Hla","sev":"critical"},"geometry":{"type":"Point","coordinates":[95.5064,23.3749]}},{"type":"Feature","properties":{"VILLAGE":"Lel Hla","VLG_MMR":"လယ်လှ","TS":"Kyunhla","VT":"Lel Hla","sev":"critical"},"geometry":{"type":"Point","coordinates":[95.4952,23.3566]}},{"type":"Feature","properties":{"VILLAGE":"Ma Gyi Inn","VLG_MMR":"မန်ကျည်းအင်း","TS":"Kyunhla","VT":"Ma Gyi Inn","sev":"critical"},"geometry":{"type":"Point","coordinates":[95.4906,23.3085]}},{"type":"Feature","properties":{"VILLAGE":"Ngar Pat Aing","VLG_MMR":"ငါးပတ်အိုင်","TS":"Kyunhla","VT":"Ma Gyi Inn","sev":"critical"},"geometry":{"type":"Point","coordinates":[95.4341,23.3272]}},{"type":"Feature","properties":{"VILLAGE":"Hle Chaung Ku","VLG_MMR":"လှည်းချောင်းကူး","TS":"Kyunhla","VT":"Ma Yar Thar","sev":"critical"},"geometry":{"type":"Point","coordinates":[95.245,23.7253]}},{"type":"Feature","properties":{"VILLAGE":"Ma Yar Thar","VLG_MMR":"မယားသာ","TS":"Kyunhla","VT":"Ma Yar Thar","sev":"critical"},"geometry":{"type":"Point","coordinates":[95.2673,23.709]}},{"type":"Feature","properties":{"VILLAGE":"Maw Kei (East)","VLG_MMR":"မော်ကယ် (အရှေ့)","TS":"Kyunhla","VT":"Maw Kei","sev":"critical"},"geometry":{"type":"Point","coordinates":[95.0678,23.4542]}},{"type":"Feature","properties":{"VILLAGE":"Maw Kei (West)","VLG_MMR":"မော်ကယ် (အနောက်)","TS":"Kyunhla","VT":"Maw Kei","sev":"critical"},"geometry":{"type":"Point","coordinates":[95.0596,23.4567]}},{"type":"Feature","properties":{"VILLAGE":"Nyaung Pin","VLG_MMR":"ညောင်ပင်","TS":"Kyunhla","VT":"Maw Kei","sev":"critical"},"geometry":{"type":"Point","coordinates":[95.0846,23.4541]}},{"type":"Feature","properties":{"VILLAGE":"Myin Thar U","VLG_MMR":"မြင်သာဦး","TS":"Kyunhla","VT":"Myin Thar U","sev":"critical"},"geometry":{"type":"Point","coordinates":[95.555,23.4364]}},{"type":"Feature","properties":{"VILLAGE":"Nan That","VLG_MMR":"နန်းသတ်","TS":"Kyunhla","VT":"Naung Kauk","sev":"critical"},"geometry":{"type":"Point","coordinates":[95.0863,23.6126]}},{"type":"Feature","properties":{"VILLAGE":"Naung Kauk","VLG_MMR":"နောင်ကောက်","TS":"Kyunhla","VT":"Naung Kauk","sev":"critical"},"geometry":{"type":"Point","coordinates":[95.0545,23.5416]}},{"type":"Feature","properties":{"VILLAGE":"Pein Hne Kone","VLG_MMR":"ပိန္နဲကုန်း","TS":"Kyunhla","VT":"Naung Kauk","sev":"critical"},"geometry":{"type":"Point","coordinates":[95.0528,23.5337]}},{"type":"Feature","properties":{"VILLAGE":"Wai Pu Gyi","VLG_MMR":"ဝေပူးကြီး","TS":"Kyunhla","VT":"Naung Kauk","sev":"critical"},"geometry":{"type":"Point","coordinates":[95.0623,23.565]}},{"type":"Feature","properties":{"VILLAGE":"Wai Pu Ywar Thit","VLG_MMR":"ဝေပူးရွာသစ်","TS":"Kyunhla","VT":"Naung Kauk","sev":"critical"},"geometry":{"type":"Point","coordinates":[95.0591,23.5443]}},{"type":"Feature","properties":{"VILLAGE":"Wai Thaw","VLG_MMR":"ဝေသော်","TS":"Kyunhla","VT":"Naung Kauk","sev":"critical"},"geometry":{"type":"Point","coordinates":[95.0757,23.505]}},{"type":"Feature","properties":{"VILLAGE":"Naung U","VLG_MMR":"နောင်ဦး","TS":"Kyunhla","VT":"Naung U","sev":"critical"},"geometry":{"type":"Point","coordinates":[95.3185,23.5699]}},{"type":"Feature","properties":{"VILLAGE":"Tei Pin Seik","VLG_MMR":"တယ်ပင်ဆိပ်","TS":"Kyunhla","VT":"Naung U","sev":"critical"},"geometry":{"type":"Point","coordinates":[95.3545,23.5509]}},{"type":"Feature","properties":{"VILLAGE":"Ywar Shey","VLG_MMR":"ရွာရှေ့","TS":"Kyunhla","VT":"Naung U","sev":"critical"},"geometry":{"type":"Point","coordinates":[95.3568,23.5483]}},{"type":"Feature","properties":{"VILLAGE":"Nwar Lel Boet","VLG_MMR":"နွားလည်ဘို့","TS":"Kyunhla","VT":"Nwar Lel Boet","sev":"critical"},"geometry":{"type":"Point","coordinates":[95.2962,23.4332]}},{"type":"Feature","properties":{"VILLAGE":"Sar Twin","VLG_MMR":"ဆားတွင်း","TS":"Kyunhla","VT":"Nwar Lel Boet","sev":"critical"},"geometry":{"type":"Point","coordinates":[95.3158,23.4478]}},{"type":"Feature","properties":{"VILLAGE":"Ta Pu Taw","VLG_MMR":"တပုတော","TS":"Kyunhla","VT":"Nwar Lel Boet","sev":"critical"},"geometry":{"type":"Point","coordinates":[95.243,23.4391]}},{"type":"Feature","properties":{"VILLAGE":"Ka Ni","VLG_MMR":"ကနီ","TS":"Kyunhla","VT":"Nyaung Kaing","sev":"critical"},"geometry":{"type":"Point","coordinates":[95.2835,23.264]}},{"type":"Feature","properties":{"VILLAGE":"Myin Thar Kone","VLG_MMR":"မြင်သာကုန်း","TS":"Kyunhla","VT":"Nyaung Kaing","sev":"critical"},"geometry":{"type":"Point","coordinates":[95.2743,23.268]}},{"type":"Feature","properties":{"VILLAGE":"Nyaung Kaing","VLG_MMR":"ညောင်ကိုင်း","TS":"Kyunhla","VT":"Nyaung Kaing","sev":"critical"},"geometry":{"type":"Point","coordinates":[95.2849,23.267]}},{"type":"Feature","properties":{"VILLAGE":"Paw Yaw","VLG_MMR":"ပေါယော","TS":"Kyunhla","VT":"Nyaung Kaing","sev":"critical"},"geometry":{"type":"Point","coordinates":[95.2752,23.2651]}},{"type":"Feature","properties":{"VILLAGE":"Sit Taw","VLG_MMR":"စစ်တော","TS":"Kyunhla","VT":"Nyaung Kaing","sev":"critical"},"geometry":{"type":"Point","coordinates":[95.2753,23.2636]}},{"type":"Feature","properties":{"VILLAGE":"Tha Yet Ta Htaung","VLG_MMR":"သရက်တထောင်","TS":"Kyunhla","VT":"Nyaung Kaing","sev":"critical"},"geometry":{"type":"Point","coordinates":[95.2751,23.2663]}},{"type":"Feature","properties":{"VILLAGE":"Kan Zun Inn","VLG_MMR":"ကန်ဇွန်းအင်း","TS":"Kyunhla","VT":"Nyaung Pin Yoe","sev":"critical"},"geometry":{"type":"Point","coordinates":[95.314,23.6616]}},{"type":"Feature","properties":{"VILLAGE":"Nat Yin Kone","VLG_MMR":"နတ်ရင်းကုန်း","TS":"Kyunhla","VT":"Nyaung Pin Yoe","sev":"critical"},"geometry":{"type":"Point","coordinates":[95.3188,23.6525]}},{"type":"Feature","properties":{"VILLAGE":"Nyaung Pin Yoe","VLG_MMR":"ညောင်ပင်ရိုး","TS":"Kyunhla","VT":"Nyaung Pin Yoe","sev":"critical"},"geometry":{"type":"Point","coordinates":[95.3226,23.6477]}},{"type":"Feature","properties":{"VILLAGE":"Pyin Pin","VLG_MMR":"ပျဉ်းပင်","TS":"Kyunhla","VT":"Nyaung Pin Yoe","sev":"critical"},"geometry":{"type":"Point","coordinates":[95.3037,23.6492]}},{"type":"Feature","properties":{"VILLAGE":"Pay Kone","VLG_MMR":"ပေကုန်း","TS":"Kyunhla","VT":"Pay Kone","sev":"critical"},"geometry":{"type":"Point","coordinates":[95.2597,23.3824]}},{"type":"Feature","properties":{"VILLAGE":"Sone Ta Lin","VLG_MMR":"စုံးတလင်း","TS":"Kyunhla","VT":"Pay Kone","sev":"critical"},"geometry":{"type":"Point","coordinates":[95.2767,23.3719]}},{"type":"Feature","properties":{"VILLAGE":"Thar Yar Kone","VLG_MMR":"သာယာကုန်း","TS":"Kyunhla","VT":"Pay Kone","sev":"critical"},"geometry":{"type":"Point","coordinates":[95.2734,23.3774]}},{"type":"Feature","properties":{"VILLAGE":"Seik Hpu","VLG_MMR":"ဆိပ်ဖူး","TS":"Kyunhla","VT":"Shan Kone","sev":"critical"},"geometry":{"type":"Point","coordinates":[95.3286,23.5291]}},{"type":"Feature","properties":{"VILLAGE":"Shan Kone","VLG_MMR":"ရှမ်းကုန်း","TS":"Kyunhla","VT":"Shan Kone","sev":"critical"},"geometry":{"type":"Point","coordinates":[95.3311,23.5326]}},{"type":"Feature","properties":{"VILLAGE":"Thaik Pin Seik","VLG_MMR":"သိုက်ပင်ဆိပ်","TS":"Kyunhla","VT":"Shan Kone","sev":"critical"},"geometry":{"type":"Point","coordinates":[95.3255,23.5344]}},{"type":"Feature","properties":{"VILLAGE":"Shan Su","VLG_MMR":"ရှမ်းစု","TS":"Kyunhla","VT":"Shan Su","sev":"critical"},"geometry":{"type":"Point","coordinates":[95.5155,23.3163]}},{"type":"Feature","properties":{"VILLAGE":"Tat Kone","VLG_MMR":"တပ်ကုန်း","TS":"Kyunhla","VT":"Shan Su","sev":"critical"},"geometry":{"type":"Point","coordinates":[95.514,23.3209]}},{"type":"Feature","properties":{"VILLAGE":"Taung Yar Seik","VLG_MMR":"တောင်ယာဆိပ်","TS":"Kyunhla","VT":"Taung Yar Seik","sev":"critical"},"geometry":{"type":"Point","coordinates":[95.5497,23.4377]}},{"type":"Feature","properties":{"VILLAGE":"Tha Yet Taw","VLG_MMR":"သရက်တော","TS":"Kyunhla","VT":"Taung Yar Seik","sev":"critical"},"geometry":{"type":"Point","coordinates":[95.5505,23.4345]}},{"type":"Feature","properties":{"VILLAGE":"Aye Chan Thar","VLG_MMR":"အေးချမ်းသာ","TS":"Kyunhla","VT":"Tha Yet Pin","sev":"critical"},"geometry":{"type":"Point","coordinates":[95.2266,23.3866]}},{"type":"Feature","properties":{"VILLAGE":"Tha Yet Pin","VLG_MMR":"သရက်ပင်","TS":"Kyunhla","VT":"Tha Yet Pin","sev":"critical"},"geometry":{"type":"Point","coordinates":[95.2454,23.4005]}},{"type":"Feature","properties":{"VILLAGE":"Maw Ton","VLG_MMR":"မော်တုံ","TS":"Kyunhla","VT":"Thet Kei Kyin","sev":"critical"},"geometry":{"type":"Point","coordinates":[95.1017,23.4755]}},{"type":"Feature","properties":{"VILLAGE":"Pay Pin Chaung","VLG_MMR":"ပေပင်ချောင်","TS":"Kyunhla","VT":"Thet Kei Kyin","sev":"critical"},"geometry":{"type":"Point","coordinates":[95.1051,23.4706]}},{"type":"Feature","properties":{"VILLAGE":"Thet Kei Kyin","VLG_MMR":"သက္ကယ်ကျင်း","TS":"Kyunhla","VT":"Thet Kei Kyin","sev":"critical"},"geometry":{"type":"Point","coordinates":[95.1224,23.4745]}},{"type":"Feature","properties":{"VILLAGE":"Wai La Mu","VLG_MMR":"ဝေလမူ","TS":"Kyunhla","VT":"Thet Kei Kyin","sev":"critical"},"geometry":{"type":"Point","coordinates":[95.1388,23.4644]}},{"type":"Feature","properties":{"VILLAGE":"Khaung Taw","VLG_MMR":"ခေါင်တော","TS":"Kyunhla","VT":"Thit Cho","sev":"critical"},"geometry":{"type":"Point","coordinates":[95.1689,23.6241]}},{"type":"Feature","properties":{"VILLAGE":"Ma Gyi Kone","VLG_MMR":"မန်ကျည်းကုန်း","TS":"Kyunhla","VT":"Thit Cho","sev":"critical"},"geometry":{"type":"Point","coordinates":[95.2218,23.6149]}},{"type":"Feature","properties":{"VILLAGE":"Thar Si","VLG_MMR":"သာစည်","TS":"Kyunhla","VT":"Thit Cho","sev":"critical"},"geometry":{"type":"Point","coordinates":[95.226,23.5583]}},{"type":"Feature","properties":{"VILLAGE":"Thit Cho","VLG_MMR":"သစ်ချို","TS":"Kyunhla","VT":"Thit Cho","sev":"critical"},"geometry":{"type":"Point","coordinates":[95.2601,23.6379]}},{"type":"Feature","properties":{"VILLAGE":"Kyaung Inn","VLG_MMR":"ကျောင်းအင်း","TS":"Kyunhla","VT":"Tin Tein Yan","sev":"critical"},"geometry":{"type":"Point","coordinates":[95.4912,23.3327]}},{"type":"Feature","properties":{"VILLAGE":"Tin Tein Yan","VLG_MMR":"တင်းတိန်ရံ","TS":"Kyunhla","VT":"Tin Tein Yan","sev":"critical"},"geometry":{"type":"Point","coordinates":[95.4862,23.3332]}},{"type":"Feature","properties":{"VILLAGE":"Aung Chan Thar","VLG_MMR":"အောင်ချမ်းသာ","TS":"Kyunhla","VT":"Yae Shin","sev":"critical"},"geometry":{"type":"Point","coordinates":[95.138,23.6459]}},{"type":"Feature","properties":{"VILLAGE":"Aung Pin","VLG_MMR":"အောင်းပင်","TS":"Kyunhla","VT":"Yae Shin","sev":"critical"},"geometry":{"type":"Point","coordinates":[95.1126,23.6854]}},{"type":"Feature","properties":{"VILLAGE":"He Kin","VLG_MMR":"ဟဲကင်း","TS":"Kyunhla","VT":"Yae Shin","sev":"critical"},"geometry":{"type":"Point","coordinates":[95.0815,23.6928]}},{"type":"Feature","properties":{"VILLAGE":"Kone Gyi","VLG_MMR":"ကုန်းကြီး","TS":"Kyunhla","VT":"Yae Shin","sev":"critical"},"geometry":{"type":"Point","coordinates":[95.0984,23.7068]}},{"type":"Feature","properties":{"VILLAGE":"Myet Ni Kyin","VLG_MMR":"မျက်နီကျင်း","TS":"Kyunhla","VT":"Yae Shin","sev":"critical"},"geometry":{"type":"Point","coordinates":[95.1008,23.6797]}},{"type":"Feature","properties":{"VILLAGE":"Yae Shin","VLG_MMR":"ရေရှင်","TS":"Kyunhla","VT":"Yae Shin","sev":"critical"},"geometry":{"type":"Point","coordinates":[95.1021,23.713]}},{"type":"Feature","properties":{"VILLAGE":"Yae Yein","VLG_MMR":"ရေယိမ်း","TS":"Kyunhla","VT":"Yae Yein","sev":"critical"},"geometry":{"type":"Point","coordinates":[95.0549,23.3044]}},{"type":"Feature","properties":{"VILLAGE":"Ywar Bin","VLG_MMR":"ရွာဘင်း","TS":"Kyunhla","VT":"Yae Yein","sev":"critical"},"geometry":{"type":"Point","coordinates":[95.0769,23.2803]}},{"type":"Feature","properties":{"VILLAGE":"Bo Kone","VLG_MMR":"ဘိုကုန်း","TS":"Kyunhla","VT":"Ywar Thi","sev":"critical"},"geometry":{"type":"Point","coordinates":[95.4194,23.3252]}},{"type":"Feature","properties":{"VILLAGE":"Pauk Pin Seik","VLG_MMR":"ပေါက်ပင်ဆိပ်","TS":"Kyunhla","VT":"Ywar Thi","sev":"critical"},"geometry":{"type":"Point","coordinates":[95.4259,23.3223]}},{"type":"Feature","properties":{"VILLAGE":"San Pya Ywar","VLG_MMR":"စံပြရွာ","TS":"Kyunhla","VT":"Ywar Thi","sev":"critical"},"geometry":{"type":"Point","coordinates":[95.4366,23.3203]}},{"type":"Feature","properties":{"VILLAGE":"Sar Kyin","VLG_MMR":"ဆားကျင်း","TS":"Kyunhla","VT":"Ywar Thi","sev":"critical"},"geometry":{"type":"Point","coordinates":[95.3943,23.3092]}},{"type":"Feature","properties":{"VILLAGE":"Shwe Taung","VLG_MMR":"ရွှေတောင်","TS":"Kyunhla","VT":"Ywar Thi","sev":"critical"},"geometry":{"type":"Point","coordinates":[95.4401,23.3253]}},{"type":"Feature","properties":{"VILLAGE":"Tha Hpan Seik","VLG_MMR":"သဖန်းဆိပ်","TS":"Kyunhla","VT":"Ywar Thi","sev":"critical"},"geometry":{"type":"Point","coordinates":[95.4107,23.3253]}},{"type":"Feature","properties":{"VILLAGE":"Than To","VLG_MMR":"သံတို","TS":"Kyunhla","VT":"Ywar Thi","sev":"critical"},"geometry":{"type":"Point","coordinates":[95.4119,23.322]}},{"type":"Feature","properties":{"VILLAGE":"Ywar Thi (East)","VLG_MMR":"ရွာသီ (အရှေ့)","TS":"Kyunhla","VT":"Ywar Thi","sev":"critical"},"geometry":{"type":"Point","coordinates":[95.4301,23.3239]}},{"type":"Feature","properties":{"VILLAGE":"Ywar Thi (West)","VLG_MMR":"ရွာသီ (အနောက်)","TS":"Kyunhla","VT":"Ywar Thi","sev":"critical"},"geometry":{"type":"Point","coordinates":[95.4434,23.3224]}},{"type":"Feature","properties":{"VILLAGE":"Ah Lel","VLG_MMR":"အလယ်","TS":"Monywa","VT":"Aung Thar","sev":"moderate"},"geometry":{"type":"Point","coordinates":[95.1884,22.0874]}},{"type":"Feature","properties":{"VILLAGE":"Aung Thar","VLG_MMR":"အောင်သာ","TS":"Monywa","VT":"Aung Thar","sev":"moderate"},"geometry":{"type":"Point","coordinates":[95.2023,22.0762]}},{"type":"Feature","properties":{"VILLAGE":"Ywar Thar","VLG_MMR":"ရွာသာ","TS":"Monywa","VT":"Aung Thar","sev":"moderate"},"geometry":{"type":"Point","coordinates":[95.1906,22.0891]}},{"type":"Feature","properties":{"VILLAGE":"Baw Ga Kyun","VLG_MMR":"ဘောဂကျွန်း","TS":"Monywa","VT":"Bon Ma Noe","sev":"moderate"},"geometry":{"type":"Point","coordinates":[95.1605,21.9742]}},{"type":"Feature","properties":{"VILLAGE":"Bon Ma Noe (Middle)","VLG_MMR":"ဘုမ္မနိုး (အလယ်)","TS":"Monywa","VT":"Bon Ma Noe","sev":"moderate"},"geometry":{"type":"Point","coordinates":[95.1661,21.9773]}},{"type":"Feature","properties":{"VILLAGE":"Bon Ma Noe (South)","VLG_MMR":"ဘုမ္မနိုး (တောင်)","TS":"Monywa","VT":"Bon Ma Noe","sev":"moderate"},"geometry":{"type":"Point","coordinates":[95.1682,21.9754]}},{"type":"Feature","properties":{"VILLAGE":"Kyaung Su","VLG_MMR":"ကျောင်းစု","TS":"Monywa","VT":"Bon Ma Noe","sev":"moderate"},"geometry":{"type":"Point","coordinates":[95.1676,21.9855]}},{"type":"Feature","properties":{"VILLAGE":"Paung Wa Kyun","VLG_MMR":"ပေါင်းဝကျွန်း","TS":"Monywa","VT":"Bon Ma Noe","sev":"moderate"},"geometry":{"type":"Point","coordinates":[95.1638,21.9735]}},{"type":"Feature","properties":{"VILLAGE":"Sin Kyun","VLG_MMR":"ဆင်ကျွန်း","TS":"Monywa","VT":"Bon Ma Noe","sev":"moderate"},"geometry":{"type":"Point","coordinates":[95.1656,21.9723]}},{"type":"Feature","properties":{"VILLAGE":"Bu Ba","VLG_MMR":"ဘုဘ","TS":"Monywa","VT":"Bu Ba","sev":"moderate"},"geometry":{"type":"Point","coordinates":[95.1877,22.0107]}},{"type":"Feature","properties":{"VILLAGE":"Chan Thar Kyun","VLG_MMR":"ချမ်းသာကျွန်း","TS":"Monywa","VT":"Bu Ba","sev":"moderate"},"geometry":{"type":"Point","coordinates":[95.1824,22.0136]}},{"type":"Feature","properties":{"VILLAGE":"Lel Taw","VLG_MMR":"လယ်တော်","TS":"Monywa","VT":"Bu Ba","sev":"moderate"},"geometry":{"type":"Point","coordinates":[95.1832,22.0174]}},{"type":"Feature","properties":{"VILLAGE":"Pan Chan","VLG_MMR":"ပန်းခြံ","TS":"Monywa","VT":"Bu Ba","sev":"moderate"},"geometry":{"type":"Point","coordinates":[95.1814,22.0117]}},{"type":"Feature","properties":{"VILLAGE":"Bu Taung Kan","VLG_MMR":"ဘူးတောင်းကန်","TS":"Monywa","VT":"Bu Taung Kan","sev":"moderate"},"geometry":{"type":"Point","coordinates":[95.2088,22.1724]}},{"type":"Feature","properties":{"VILLAGE":"Moe Kaung","VLG_MMR":"မိုးကောင်း","TS":"Monywa","VT":"Bu Taung Kan","sev":"moderate"},"geometry":{"type":"Point","coordinates":[95.1855,22.1744]}},{"type":"Feature","properties":{"VILLAGE":"Toe Si Kone","VLG_MMR":"တိုးစီကုန်း","TS":"Monywa","VT":"Bu Taung Kan","sev":"moderate"},"geometry":{"type":"Point","coordinates":[95.1963,22.1705]}},{"type":"Feature","properties":{"VILLAGE":"Dan Pin Te","VLG_MMR":"ဒါန်းပင်တဲ","TS":"Monywa","VT":"Dan Pin Te","sev":"moderate"},"geometry":{"type":"Point","coordinates":[95.1974,22.2377]}},{"type":"Feature","properties":{"VILLAGE":"Dan Pin Te Ywar Thit","VLG_MMR":"ဒါန်းပင်တဲရွာသစ်","TS":"Monywa","VT":"Dan Pin Te","sev":"moderate"},"geometry":{"type":"Point","coordinates":[95.2129,22.2426]}},{"type":"Feature","properties":{"VILLAGE":"Gyoe Gyar Kan","VLG_MMR":"ကြိုးကြာကန်","TS":"Monywa","VT":"Gyoe Gyar Kan","sev":"moderate"},"geometry":{"type":"Point","coordinates":[95.1778,22.2537]}},{"type":"Feature","properties":{"VILLAGE":"Moke Soe Kone","VLG_MMR":"မုဆိုးကုန်း","TS":"Monywa","VT":"Gyoe Gyar Kan","sev":"moderate"},"geometry":{"type":"Point","coordinates":[95.2095,22.2739]}},{"type":"Feature","properties":{"VILLAGE":"Nyaung Pin Hla","VLG_MMR":"ညောင်ပင်လှ","TS":"Monywa","VT":"Gyoe Gyar Kan","sev":"moderate"},"geometry":{"type":"Point","coordinates":[95.204,22.2587]}},{"type":"Feature","properties":{"VILLAGE":"Hpan Khar Kyin","VLG_MMR":"ဖန်းခါးကျင်း","TS":"Monywa","VT":"Hpan Khar Kyin","sev":"moderate"},"geometry":{"type":"Point","coordinates":[95.1188,22.2569]}},{"type":"Feature","properties":{"VILLAGE":"Kyee Pa Don","VLG_MMR":"ကြီးပဒုံ","TS":"Monywa","VT":"Hpan Khar Kyin","sev":"moderate"},"geometry":{"type":"Point","coordinates":[95.1457,22.2586]}},{"type":"Feature","properties":{"VILLAGE":"Tha Pyay Taw","VLG_MMR":"သပြေတော","TS":"Monywa","VT":"Hpan Khar Kyin","sev":"moderate"},"geometry":{"type":"Point","coordinates":[95.1237,22.2413]}},{"type":"Feature","properties":{"VILLAGE":"Hta Naung Taw (North)","VLG_MMR":"ထနောင်းတော (မြောက်)","TS":"Monywa","VT":"Hta Naung Taw","sev":"moderate"},"geometry":{"type":"Point","coordinates":[95.1859,22.0537]}},{"type":"Feature","properties":{"VILLAGE":"Hta Naung Taw (South)","VLG_MMR":"ထနောင်းတော (တောင်)","TS":"Monywa","VT":"Hta Naung Taw","sev":"moderate"},"geometry":{"type":"Point","coordinates":[95.1887,22.0455]}},{"type":"Feature","properties":{"VILLAGE":"Hta Naung Win","VLG_MMR":"ထနောင်းဝင်း","TS":"Monywa","VT":"Hta Naung Win","sev":"moderate"},"geometry":{"type":"Point","coordinates":[95.2271,22.1617]}},{"type":"Feature","properties":{"VILLAGE":"Hnaw Pin (North)","VLG_MMR":"နှောပင် (မြောက်)","TS":"Monywa","VT":"In Taing","sev":"moderate"},"geometry":{"type":"Point","coordinates":[95.2278,22.2081]}},{"type":"Feature","properties":{"VILLAGE":"Hnaw Pin (South)","VLG_MMR":"နှောပင် (တောင်)","TS":"Monywa","VT":"In Taing","sev":"moderate"},"geometry":{"type":"Point","coordinates":[95.2261,22.2055]}},{"type":"Feature","properties":{"VILLAGE":"In Taing","VLG_MMR":"အင်တိုင်း","TS":"Monywa","VT":"In Taing","sev":"moderate"},"geometry":{"type":"Point","coordinates":[95.2527,22.221]}},{"type":"Feature","properties":{"VILLAGE":"Kan Pyar","VLG_MMR":"ကံပြား","TS":"Monywa","VT":"Kan Pyar","sev":"moderate"},"geometry":{"type":"Point","coordinates":[95.1917,22.2111]}},{"type":"Feature","properties":{"VILLAGE":"Pay Kone","VLG_MMR":"ပေကုန်း","TS":"Monywa","VT":"Kan Pyar","sev":"moderate"},"geometry":{"type":"Point","coordinates":[95.1971,22.2105]}},{"type":"Feature","properties":{"VILLAGE":"Ywar Taw","VLG_MMR":"ရွာတော်","TS":"Monywa","VT":"Kan Pyar","sev":"moderate"},"geometry":{"type":"Point","coordinates":[95.1877,22.2098]}},{"type":"Feature","properties":{"VILLAGE":"Kaw La Pya","VLG_MMR":"ကော်လပြ","TS":"Monywa","VT":"Kaw La Pya","sev":"moderate"},"geometry":{"type":"Point","coordinates":[95.1197,22.2139]}},{"type":"Feature","properties":{"VILLAGE":"Shin Ngar Se","VLG_MMR":"ရှင်ငါးဆည်","TS":"Monywa","VT":"Kaw La Pya","sev":"moderate"},"geometry":{"type":"Point","coordinates":[95.1178,22.1998]}},{"type":"Feature","properties":{"VILLAGE":"Kha Tet Kan (North)","VLG_MMR":"ခတက္ကန် (မြောက်)","TS":"Monywa","VT":"Kha Tet Kan (North)","sev":"moderate"},"geometry":{"type":"Point","coordinates":[95.2723,22.0881]}},{"type":"Feature","properties":{"VILLAGE":"Kyauk Kwe","VLG_MMR":"ကျောက်ကွဲ","TS":"Monywa","VT":"Kha Tet Kan (North)","sev":"moderate"},"geometry":{"type":"Point","coordinates":[95.3539,22.1014]}},{"type":"Feature","properties":{"VILLAGE":"Nyaung Pin Thar","VLG_MMR":"ညောင်ပင်သာ","TS":"Monywa","VT":"Kha Tet Kan (North)","sev":"moderate"},"geometry":{"type":"Point","coordinates":[95.3602,22.0938]}},{"type":"Feature","properties":{"VILLAGE":"Hle Dar","VLG_MMR":"လှည်းဒါး","TS":"Monywa","VT":"Kha Tet Kan (South)","sev":"moderate"},"geometry":{"type":"Point","coordinates":[95.3364,22.0618]}},{"type":"Feature","properties":{"VILLAGE":"Kha Tet Kan (South)","VLG_MMR":"ခတက္ကန် (တောင်)","TS":"Monywa","VT":"Kha Tet Kan (South)","sev":"moderate"},"geometry":{"type":"Point","coordinates":[95.2713,22.0808]}},{"type":"Feature","properties":{"VILLAGE":"Myaing Si","VLG_MMR":"မြိုင်စီ","TS":"Monywa","VT":"Kha Tet Kan (South)","sev":"moderate"},"geometry":{"type":"Point","coordinates":[95.3422,22.0718]}},{"type":"Feature","properties":{"VILLAGE":"Khoe Than","VLG_MMR":"ခိုးသန်း","TS":"Monywa","VT":"Khoe Than","sev":"moderate"},"geometry":{"type":"Point","coordinates":[95.1609,22.2127]}},{"type":"Feature","properties":{"VILLAGE":"Htan Lay Pin","VLG_MMR":"ထန်းလေးပင်","TS":"Monywa","VT":"Koe Shin Kyun","sev":"moderate"},"geometry":{"type":"Point","coordinates":[95.1695,22.0594]}},{"type":"Feature","properties":{"VILLAGE":"Koe Shin Kyun","VLG_MMR":"ကိုးရှင်းကျွန်း","TS":"Monywa","VT":"Koe Shin Kyun","sev":"moderate"},"geometry":{"type":"Point","coordinates":[95.1701,22.0563]}},{"type":"Feature","properties":{"VILLAGE":"Koke Ko Su","VLG_MMR":"ကုက္ကိုစု","TS":"Monywa","VT":"Koe Shin Kyun","sev":"moderate"},"geometry":{"type":"Point","coordinates":[95.1688,22.062]}},{"type":"Feature","properties":{"VILLAGE":"Min Kone","VLG_MMR":"မင်းကုန်း","TS":"Monywa","VT":"Koe Shin Kyun","sev":"moderate"},"geometry":{"type":"Point","coordinates":[95.1773,22.0479]}},{"type":"Feature","properties":{"VILLAGE":"Kya Paing","VLG_MMR":"ကျပိုင်","TS":"Monywa","VT":"Kya Paing","sev":"moderate"},"geometry":{"type":"Point","coordinates":[95.2031,22.0365]}},{"type":"Feature","properties":{"VILLAGE":"Kyaung Ywar","VLG_MMR":"ကျောင်းရွာ","TS":"Monywa","VT":"Kya Paing","sev":"moderate"},"geometry":{"type":"Point","coordinates":[95.2021,22.0337]}},{"type":"Feature","properties":{"VILLAGE":"Nyaung Pin Thar","VLG_MMR":"ညောင်ပင်သာ","TS":"Monywa","VT":"Kya Paing","sev":"moderate"},"geometry":{"type":"Point","coordinates":[95.2023,22.0265]}},{"type":"Feature","properties":{"VILLAGE":"Kyauk Kar (North)","VLG_MMR":"ကျောက္ကာ (မြောက်)","TS":"Monywa","VT":"Kyauk Kar (North)","sev":"moderate"},"geometry":{"type":"Point","coordinates":[95.2599,22.1701]}},{"type":"Feature","properties":{"VILLAGE":"Thar Si","VLG_MMR":"သာစည်","TS":"Monywa","VT":"Kyauk Kar (North)","sev":"moderate"},"geometry":{"type":"Point","coordinates":[95.2773,22.194]}},{"type":"Feature","properties":{"VILLAGE":"Kyauk Kar (South)","VLG_MMR":"ကျောက္ကာ (တောင်)","TS":"Monywa","VT":"Kyauk Kar (South)","sev":"moderate"},"geometry":{"type":"Point","coordinates":[95.2547,22.1614]}},{"type":"Feature","properties":{"VILLAGE":"Kyauk Sit Pon (North)","VLG_MMR":"ကျောက်စစ်ပုံ (မြောက်)","TS":"Monywa","VT":"Kyauk Sit Pon (North)","sev":"moderate"},"geometry":{"type":"Point","coordinates":[95.1727,22.196]}},{"type":"Feature","properties":{"VILLAGE":"Kyauk Sit Pon (South)","VLG_MMR":"ကျောက်စစ်ပုံ (တောင်)","TS":"Monywa","VT":"Kyauk Sit Pon (South)","sev":"moderate"},"geometry":{"type":"Point","coordinates":[95.1756,22.1822]}},{"type":"Feature","properties":{"VILLAGE":"Ma Yoe Taw","VLG_MMR":"မရိုးတော","TS":"Monywa","VT":"Kyauk Sit Pon (South)","sev":"moderate"},"geometry":{"type":"Point","coordinates":[95.1848,22.1773]}},{"type":"Feature","properties":{"VILLAGE":"Ywar Thit Kone","VLG_MMR":"ရွာသစ်ကုန်း","TS":"Monywa","VT":"Kyauk Sit Pon (South)","sev":"moderate"},"geometry":{"type":"Point","coordinates":[95.1776,22.1787]}},{"type":"Feature","properties":{"VILLAGE":"Baw Gar","VLG_MMR":"ဘော်ဂါ","TS":"Monywa","VT":"Kyaung Kone","sev":"moderate"},"geometry":{"type":"Point","coordinates":[95.2267,22.2889]}},{"type":"Feature","properties":{"VILLAGE":"Hpa Lan Kyin","VLG_MMR":"ဖလန်ကျင်း","TS":"Monywa","VT":"Kyaung Kone","sev":"moderate"},"geometry":{"type":"Point","coordinates":[95.2563,22.267]}},{"type":"Feature","properties":{"VILLAGE":"Kyaung Kone","VLG_MMR":"ကျောင်းကုန်း","TS":"Monywa","VT":"Kyaung Kone","sev":"moderate"},"geometry":{"type":"Point","coordinates":[95.2494,22.2731]}},{"type":"Feature","properties":{"VILLAGE":"Ma Gyi Kone","VLG_MMR":"မကြီးကုန်း","TS":"Monywa","VT":"Kyaung Kone","sev":"moderate"},"geometry":{"type":"Point","coordinates":[95.2451,22.2704]}},{"type":"Feature","properties":{"VILLAGE":"Pauk Nge Taw","VLG_MMR":"ပေါက်ငယ်တော","TS":"Monywa","VT":"Kyaung Kone","sev":"moderate"},"geometry":{"type":"Point","coordinates":[95.2457,22.2586]}},{"type":"Feature","properties":{"VILLAGE":"Thar Yar Su","VLG_MMR":"သာယာစု","TS":"Monywa","VT":"Kyaung Kone","sev":"moderate"},"geometry":{"type":"Point","coordinates":[95.2495,22.2426]}},{"type":"Feature","properties":{"VILLAGE":"Ywar Thit","VLG_MMR":"ရွာသစ်","TS":"Monywa","VT":"Kyaung Kone","sev":"moderate"},"geometry":{"type":"Point","coordinates":[95.2178,22.2782]}},{"type":"Feature","properties":{"VILLAGE":"Kyay Mon","VLG_MMR":"ကြေးမုံ","TS":"Monywa","VT":"Kyay Mon","sev":"moderate"},"geometry":{"type":"Point","coordinates":[95.2362,22.0371]}},{"type":"Feature","properties":{"VILLAGE":"Oke Shit Kone","VLG_MMR":"ဥသျှစ်ကုန်း","TS":"Monywa","VT":"Kyay Mon","sev":"moderate"},"geometry":{"type":"Point","coordinates":[95.2398,22.0324]}},{"type":"Feature","properties":{"VILLAGE":"Theik Pan Kwin","VLG_MMR":"သိပ္ပံကွင်း","TS":"Monywa","VT":"Kyay Mon","sev":"moderate"},"geometry":{"type":"Point","coordinates":[95.2387,22.035]}},{"type":"Feature","properties":{"VILLAGE":"Ban Si","VLG_MMR":"ဗန်စီ","TS":"Monywa","VT":"Kyee Oke","sev":"moderate"},"geometry":{"type":"Point","coordinates":[95.2829,22.0509]}},{"type":"Feature","properties":{"VILLAGE":"Kyee Oke","VLG_MMR":"ကျီးအုပ်","TS":"Monywa","VT":"Kyee Oke","sev":"moderate"},"geometry":{"type":"Point","coordinates":[95.2811,22.066]}},{"type":"Feature","properties":{"VILLAGE":"Naint Ban Wa","VLG_MMR":"နိဗ္ဗာန်ဝ","TS":"Monywa","VT":"Kyee Oke","sev":"moderate"},"geometry":{"type":"Point","coordinates":[95.2834,22.0445]}},{"type":"Feature","properties":{"VILLAGE":"Kyun Gyi (North)","VLG_MMR":"ကျွန်းကြီး (မြောက်)","TS":"Monywa","VT":"Kyun Gyi","sev":"moderate"},"geometry":{"type":"Point","coordinates":[95.1608,22.0025]}},{"type":"Feature","properties":{"VILLAGE":"Kyun Ywar Thit","VLG_MMR":"ကျွန်းရွာသစ်","TS":"Monywa","VT":"Kyun Ywar Thit","sev":"moderate"},"geometry":{"type":"Point","coordinates":[95.1752,22.0313]}},{"type":"Feature","properties":{"VILLAGE":"Myin Thar","VLG_MMR":"မြင်သာ","TS":"Monywa","VT":"Kyun Ywar Thit","sev":"moderate"},"geometry":{"type":"Point","coordinates":[95.1783,22.0445]}},{"type":"Feature","properties":{"VILLAGE":"Nat Gyi Su (Nat Sin Su)","VLG_MMR":"နတ်ကြီးစု","TS":"Monywa","VT":"Kyun Ywar Thit","sev":"moderate"},"geometry":{"type":"Point","coordinates":[95.1759,22.0348]}},{"type":"Feature","properties":{"VILLAGE":"Ta Khun Taing","VLG_MMR":"တံခွန်တိုင်","TS":"Monywa","VT":"Kyun Ywar Thit","sev":"moderate"},"geometry":{"type":"Point","coordinates":[95.1734,22.0418]}},{"type":"Feature","properties":{"VILLAGE":"Kywe Ye (North)","VLG_MMR":"ကျွဲရဲ (မြောက်)","TS":"Monywa","VT":"Kywe Ye","sev":"moderate"},"geometry":{"type":"Point","coordinates":[95.1241,22.1886]}},{"type":"Feature","properties":{"VILLAGE":"Kywe Ye (South)","VLG_MMR":"ကျွဲရဲ (တောင်)","TS":"Monywa","VT":"Kywe Ye","sev":"moderate"},"geometry":{"type":"Point","coordinates":[95.1221,22.1834]}},{"type":"Feature","properties":{"VILLAGE":"Taung Pa Lu","VLG_MMR":"တောင်ပလူ","TS":"Monywa","VT":"Kywe Ye","sev":"moderate"},"geometry":{"type":"Point","coordinates":[95.1525,22.1954]}},{"type":"Feature","properties":{"VILLAGE":"Tha Man Tar","VLG_MMR":"သမန္တာ","TS":"Monywa","VT":"Kywe Ye","sev":"moderate"},"geometry":{"type":"Point","coordinates":[95.1393,22.1987]}},{"type":"Feature","properties":{"VILLAGE":"Kyauk Hpu","VLG_MMR":"ကျောက်ဖူး","TS":"Monywa","VT":"Lel Zin","sev":"moderate"},"geometry":{"type":"Point","coordinates":[95.178,22.0798]}},{"type":"Feature","properties":{"VILLAGE":"Lel Zin","VLG_MMR":"လယ်ဇင်","TS":"Monywa","VT":"Lel Zin","sev":"moderate"},"geometry":{"type":"Point","coordinates":[95.1855,22.0906]}},{"type":"Feature","properties":{"VILLAGE":"Sar Kyin","VLG_MMR":"ဆားကျင်း","TS":"Monywa","VT":"Lel Zin","sev":"moderate"},"geometry":{"type":"Point","coordinates":[95.1737,22.084]}},{"type":"Feature","properties":{"VILLAGE":"Ywar Htaung","VLG_MMR":"ရွာထောင်","TS":"Monywa","VT":"Lel Zin","sev":"moderate"},"geometry":{"type":"Point","coordinates":[95.1773,22.0892]}},{"type":"Feature","properties":{"VILLAGE":"Ywar Pale","VLG_MMR":"ရွာပုလဲ","TS":"Monywa","VT":"Lel Zin","sev":"moderate"},"geometry":{"type":"Point","coordinates":[95.1857,22.0844]}},{"type":"Feature","properties":{"VILLAGE":"Lin Pin Wa","VLG_MMR":"လင်းပင်ဝ","TS":"Monywa","VT":"Ma Au","sev":"moderate"},"geometry":{"type":"Point","coordinates":[95.1691,22.0713]}},{"type":"Feature","properties":{"VILLAGE":"Lin Pone","VLG_MMR":"လင်းပုန်း","TS":"Monywa","VT":"Ma Au","sev":"moderate"},"geometry":{"type":"Point","coordinates":[95.1721,22.0691]}},{"type":"Feature","properties":{"VILLAGE":"Ma Au","VLG_MMR":"မအူ","TS":"Monywa","VT":"Ma Au","sev":"moderate"},"geometry":{"type":"Point","coordinates":[95.181,22.0679]}},{"type":"Feature","properties":{"VILLAGE":"Shwe Son","VLG_MMR":"ရွှေစုံ","TS":"Monywa","VT":"Ma Au","sev":"moderate"},"geometry":{"type":"Point","coordinates":[95.1772,22.0652]}},{"type":"Feature","properties":{"VILLAGE":"Htee Taw Tin","VLG_MMR":"ထီးတော်တင်","TS":"Monywa","VT":"Ma Yoe Taw","sev":"moderate"},"geometry":{"type":"Point","coordinates":[95.0969,22.2638]}},{"type":"Feature","properties":{"VILLAGE":"Ma Yoe Taw (North)","VLG_MMR":"မရိုးတော (မြောက်)","TS":"Monywa","VT":"Ma Yoe Taw","sev":"moderate"},"geometry":{"type":"Point","coordinates":[95.0828,22.2641]}},{"type":"Feature","properties":{"VILLAGE":"Ma Yoe Taw (South)","VLG_MMR":"မရိုးတော (တောင်)","TS":"Monywa","VT":"Ma Yoe Taw","sev":"moderate"},"geometry":{"type":"Point","coordinates":[95.0818,22.2595]}},{"type":"Feature","properties":{"VILLAGE":"Ku Taw Pa Lin","VLG_MMR":"ကူတောပလ္လင်","TS":"Monywa","VT":"Min","sev":"moderate"},"geometry":{"type":"Point","coordinates":[95.2175,22.0472]}},{"type":"Feature","properties":{"VILLAGE":"Min","VLG_MMR":"မင်း","TS":"Monywa","VT":"Min","sev":"moderate"},"geometry":{"type":"Point","coordinates":[95.2179,22.0524]}},{"type":"Feature","properties":{"VILLAGE":"Mon Yway","VLG_MMR":"မုံရွေး","TS":"Monywa","VT":"Mon Yway","sev":"moderate"},"geometry":{"type":"Point","coordinates":[95.2343,22.0301]}},{"type":"Feature","properties":{"VILLAGE":"Nwar Htein","VLG_MMR":"နွားထိန်း","TS":"Monywa","VT":"Mon Yway","sev":"moderate"},"geometry":{"type":"Point","coordinates":[95.2327,22.0353]}},{"type":"Feature","properties":{"VILLAGE":"Oke Shit Kwe","VLG_MMR":"ဥသျှစ်ကွဲ","TS":"Monywa","VT":"Mon Yway","sev":"moderate"},"geometry":{"type":"Point","coordinates":[95.2405,22.0282]}},{"type":"Feature","properties":{"VILLAGE":"Shit Se","VLG_MMR":"ရှစ်ဆယ်","TS":"Monywa","VT":"Mon Yway","sev":"moderate"},"geometry":{"type":"Point","coordinates":[95.2372,22.0275]}},{"type":"Feature","properties":{"VILLAGE":"Ywar Thit","VLG_MMR":"ရွာသစ်","TS":"Monywa","VT":"Mon Yway","sev":"moderate"},"geometry":{"type":"Point","coordinates":[95.2384,22.0232]}},{"type":"Feature","properties":{"VILLAGE":"Moe Hnyin Than Boke Day","VLG_MMR":"မိုးညှင်းသံဗုဒ္ဓေ","TS":"Monywa","VT":"Myay Ne","sev":"moderate"},"geometry":{"type":"Point","coordinates":[95.213,22.0692]}},{"type":"Feature","properties":{"VILLAGE":"Gaw Gyi","VLG_MMR":"ဂေါကြီး","TS":"Monywa","VT":"Myin Mee Laung","sev":"moderate"},"geometry":{"type":"Point","coordinates":[95.193,22.1675]}},{"type":"Feature","properties":{"VILLAGE":"Min Ga Lar Kone","VLG_MMR":"မင်္ဂလာကုန်း","TS":"Monywa","VT":"Myin Mee Laung","sev":"moderate"},"geometry":{"type":"Point","coordinates":[95.1841,22.1749]}},{"type":"Feature","properties":{"VILLAGE":"Myin Mee Laung","VLG_MMR":"မြင်းမီးလောင်","TS":"Monywa","VT":"Myin Mee Laung","sev":"moderate"},"geometry":{"type":"Point","coordinates":[95.1829,22.1726]}},{"type":"Feature","properties":{"VILLAGE":"Oe Kone","VLG_MMR":"အိုးကုန်း","TS":"Monywa","VT":"Myin Mee Laung","sev":"moderate"},"geometry":{"type":"Point","coordinates":[95.1823,22.1758]}},{"type":"Feature","properties":{"VILLAGE":"Gyoe Su","VLG_MMR":"ဂျိုးစု","TS":"Monywa","VT":"Nat Gyi Kyun","sev":"moderate"},"geometry":{"type":"Point","coordinates":[95.1641,22.0109]}},{"type":"Feature","properties":{"VILLAGE":"Nat Gyi Kyun","VLG_MMR":"နတ်ကြီးကျွန်း","TS":"Monywa","VT":"Nat Gyi Kyun","sev":"moderate"},"geometry":{"type":"Point","coordinates":[95.1615,21.9991]}},{"type":"Feature","properties":{"VILLAGE":"Te Taik","VLG_MMR":"တဲတိုက်","TS":"Monywa","VT":"Nat Gyi Kyun","sev":"moderate"},"geometry":{"type":"Point","coordinates":[95.1744,22.0147]}},{"type":"Feature","properties":{"VILLAGE":"Ya Da Nar Pon Kyun","VLG_MMR":"ရတနာပုံကျွန်း","TS":"Monywa","VT":"Nat Gyi Kyun","sev":"moderate"},"geometry":{"type":"Point","coordinates":[95.1579,22.0028]}},{"type":"Feature","properties":{"VILLAGE":"Zee Hpyu Kone","VLG_MMR":"ဇီးဖြူကုန်း","TS":"Monywa","VT":"Nat Gyi Kyun","sev":"moderate"},"geometry":{"type":"Point","coordinates":[95.1626,22.0025]}},{"type":"Feature","properties":{"VILLAGE":"Chaung Kauk","VLG_MMR":"ချောင်းကောက်","TS":"Monywa","VT":"Nyaung Hpyu Pin","sev":"moderate"},"geometry":{"type":"Point","coordinates":[95.1821,21.9901]}},{"type":"Feature","properties":{"VILLAGE":"Ma Yoe Kone","VLG_MMR":"မရိုးကုန်း","TS":"Monywa","VT":"Nyaung Hpyu Pin","sev":"moderate"},"geometry":{"type":"Point","coordinates":[95.1813,21.9834]}},{"type":"Feature","properties":{"VILLAGE":"Nyaung Hpyu Pin","VLG_MMR":"ညောင်ဖြူပင်","TS":"Monywa","VT":"Nyaung Hpyu Pin","sev":"moderate"},"geometry":{"type":"Point","coordinates":[95.1827,21.9963]}},{"type":"Feature","properties":{"VILLAGE":"Nyaung Pin Ywar Ma","VLG_MMR":"ညောင်ပင်ရွာမ","TS":"Monywa","VT":"Nyaung Pin","sev":"moderate"},"geometry":{"type":"Point","coordinates":[95.2431,22.1402]}},{"type":"Feature","properties":{"VILLAGE":"Nyaung Pin Ywar Thit","VLG_MMR":"ညောင်ပင်ရွာသစ်","TS":"Monywa","VT":"Nyaung Pin","sev":"moderate"},"geometry":{"type":"Point","coordinates":[95.2584,22.1349]}},{"type":"Feature","properties":{"VILLAGE":"Kan Oh","VLG_MMR":"ကံအို","TS":"Monywa","VT":"Pa Lin Kone","sev":"moderate"},"geometry":{"type":"Point","coordinates":[95.1627,22.2264]}},{"type":"Feature","properties":{"VILLAGE":"Ma Gyi Kone","VLG_MMR":"မကြီးကုန်း","TS":"Monywa","VT":"Pa Lin Kone","sev":"moderate"},"geometry":{"type":"Point","coordinates":[95.1759,22.2246]}},{"type":"Feature","properties":{"VILLAGE":"Min Te","VLG_MMR":"မင်းတဲ","TS":"Monywa","VT":"Pa Lin Kone","sev":"moderate"},"geometry":{"type":"Point","coordinates":[95.1462,22.2346]}},{"type":"Feature","properties":{"VILLAGE":"Pa Lin Kone","VLG_MMR":"ပလ္လင်ကုန်း","TS":"Monywa","VT":"Pa Lin Kone","sev":"moderate"},"geometry":{"type":"Point","coordinates":[95.1544,22.2344]}},{"type":"Feature","properties":{"VILLAGE":"Shar Pauk Taw","VLG_MMR":"ရှားပေါက်တော","TS":"Monywa","VT":"Pa Lin Kone","sev":"moderate"},"geometry":{"type":"Point","coordinates":[95.1799,22.2285]}},{"type":"Feature","properties":{"VILLAGE":"Son Kone","VLG_MMR":"ဆုံကုန်း","TS":"Monywa","VT":"Pa Lin Kone","sev":"moderate"},"geometry":{"type":"Point","coordinates":[95.1747,22.2319]}},{"type":"Feature","properties":{"VILLAGE":"Yin Pan","VLG_MMR":"ယင်းပန်း","TS":"Monywa","VT":"Pa Lin Kone","sev":"moderate"},"geometry":{"type":"Point","coordinates":[95.1707,22.2256]}},{"type":"Feature","properties":{"VILLAGE":"Na Gar Twin","VLG_MMR":"နဂါးတွင်း","TS":"Monywa","VT":"Pauk Pin","sev":"moderate"},"geometry":{"type":"Point","coordinates":[95.1791,22.0364]}},{"type":"Feature","properties":{"VILLAGE":"Pauk Pin","VLG_MMR":"ပေါက်ပင်","TS":"Monywa","VT":"Pauk Pin","sev":"moderate"},"geometry":{"type":"Point","coordinates":[95.1859,22.0402]}},{"type":"Feature","properties":{"VILLAGE":"Myin Thar Kyun","VLG_MMR":"မြင်သာကျွန်း","TS":"Monywa","VT":"Pon Nar Maw","sev":"moderate"},"geometry":{"type":"Point","coordinates":[95.1549,21.9373]}},{"type":"Feature","properties":{"VILLAGE":"Pon Nar Maw (East)","VLG_MMR":"ပုဏ္ဏားမော် (အရှေ့)","TS":"Monywa","VT":"Pon Nar Maw","sev":"moderate"},"geometry":{"type":"Point","coordinates":[95.1572,21.9402]}},{"type":"Feature","properties":{"VILLAGE":"Shar Pin Kyun","VLG_MMR":"ရှားပင်ကျွန်း","TS":"Monywa","VT":"Pon Nar Maw","sev":"moderate"},"geometry":{"type":"Point","coordinates":[95.1606,21.9495]}},{"type":"Feature","properties":{"VILLAGE":"Yae Lel Kyun (East)","VLG_MMR":"ရေလယ်ကျွန်း (အရှေ့)","TS":"Monywa","VT":"Pon Nar Maw","sev":"moderate"},"geometry":{"type":"Point","coordinates":[95.1703,21.9742]}},{"type":"Feature","properties":{"VILLAGE":"Pu Yit Kone (North)","VLG_MMR":"ပုရစ်ကုန်း (မြောက်)","TS":"Monywa","VT":"Pu Yit Kone","sev":"moderate"},"geometry":{"type":"Point","coordinates":[95.2247,22.0455]}},{"type":"Feature","properties":{"VILLAGE":"Pu Yit Kone (South)","VLG_MMR":"ပုရစ်ကုန်း (တောင်)","TS":"Monywa","VT":"Pu Yit Kone","sev":"moderate"},"geometry":{"type":"Point","coordinates":[95.2282,22.0393]}},{"type":"Feature","properties":{"VILLAGE":"Taung Pon","VLG_MMR":"တောင်ပုံ","TS":"Monywa","VT":"Pu Yit Kone","sev":"moderate"},"geometry":{"type":"Point","coordinates":[95.2147,22.0422]}},{"type":"Feature","properties":{"VILLAGE":"Se Gyi Taw","VLG_MMR":"ဆည်ကြီးတော","TS":"Monywa","VT":"Se Gyi Taw","sev":"moderate"},"geometry":{"type":"Point","coordinates":[95.2317,22.0806]}},{"type":"Feature","properties":{"VILLAGE":"Thit Nyo Pin","VLG_MMR":"သစ်ညိုပင်","TS":"Monywa","VT":"Se Gyi Taw","sev":"moderate"},"geometry":{"type":"Point","coordinates":[95.2427,22.087]}},{"type":"Feature","properties":{"VILLAGE":"Su Lay Kone","VLG_MMR":"ဆူးလေကုန်း","TS":"Monywa","VT":"Su Lay Kone","sev":"moderate"},"geometry":{"type":"Point","coordinates":[95.1773,22.0548]}},{"type":"Feature","properties":{"VILLAGE":"Kyauk Khwet","VLG_MMR":"ကျောက်ခွက်","TS":"Monywa","VT":"Taung Kyar","sev":"moderate"},"geometry":{"type":"Point","coordinates":[95.2917,22.1292]}},{"type":"Feature","properties":{"VILLAGE":"Nyaung Pin Te","VLG_MMR":"ညောင်ပင်တဲ","TS":"Monywa","VT":"Taung Kyar","sev":"moderate"},"geometry":{"type":"Point","coordinates":[95.3127,22.1359]}},{"type":"Feature","properties":{"VILLAGE":"Taung Kyar","VLG_MMR":"တောင်ကြား","TS":"Monywa","VT":"Taung Kyar","sev":"moderate"},"geometry":{"type":"Point","coordinates":[95.2761,22.1073]}},{"type":"Feature","properties":{"VILLAGE":"Taung Mar Lar Taw Ywar Thit","VLG_MMR":"တောင်မာတောရွာသစ်","TS":"Monywa","VT":"Taung Mar Taw","sev":"moderate"},"geometry":{"type":"Point","coordinates":[95.2517,22.1178]}},{"type":"Feature","properties":{"VILLAGE":"Taung Mar Taw Ywar Ma","VLG_MMR":"တောင်မာတောရွာမ","TS":"Monywa","VT":"Taung Mar Taw","sev":"moderate"},"geometry":{"type":"Point","coordinates":[95.2529,22.1102]}},{"type":"Feature","properties":{"VILLAGE":"Taw Pu (North)","VLG_MMR":"တောပု (မြောက်)","TS":"Monywa","VT":"Taw Pu","sev":"moderate"},"geometry":{"type":"Point","coordinates":[95.2079,22.0253]}},{"type":"Feature","properties":{"VILLAGE":"Taw Pu (South)","VLG_MMR":"တောပု (တောင်)","TS":"Monywa","VT":"Taw Pu","sev":"moderate"},"geometry":{"type":"Point","coordinates":[95.2088,22.0208]}},{"type":"Feature","properties":{"VILLAGE":"Te Ma Aing","VLG_MMR":"တဲမအိုင်","TS":"Monywa","VT":"Taw Pu","sev":"moderate"},"geometry":{"type":"Point","coordinates":[95.2044,22.022]}},{"type":"Feature","properties":{"VILLAGE":"Te Gyi Kone","VLG_MMR":"တဲကြီးကုန်း","TS":"Monywa","VT":"Te Gyi Kone","sev":"moderate"},"geometry":{"type":"Point","coordinates":[95.204,22.2245]}},{"type":"Feature","properties":{"VILLAGE":"Te Gyi Kone (West)","VLG_MMR":"တဲကြီးကုန်း (အနောက်)","TS":"Monywa","VT":"Te Gyi Kone","sev":"moderate"},"geometry":{"type":"Point","coordinates":[95.1969,22.2228]}},{"type":"Feature","properties":{"VILLAGE":"Hpa Yar Gyi","VLG_MMR":"ဘုရားကြီး","TS":"Monywa","VT":"Thar Si","sev":"moderate"},"geometry":{"type":"Point","coordinates":[95.2589,22.2401]}},{"type":"Feature","properties":{"VILLAGE":"Htan Pin Hla","VLG_MMR":"ထန်းပင်လှ","TS":"Monywa","VT":"Thar Si","sev":"moderate"},"geometry":{"type":"Point","coordinates":[95.2247,22.2406]}},{"type":"Feature","properties":{"VILLAGE":"Koe Pin","VLG_MMR":"ကိုးပင်","TS":"Monywa","VT":"Thar Si","sev":"moderate"},"geometry":{"type":"Point","coordinates":[95.2317,22.233]}},{"type":"Feature","properties":{"VILLAGE":"Thar Si","VLG_MMR":"သာစည်","TS":"Monywa","VT":"Thar Si","sev":"moderate"},"geometry":{"type":"Point","coordinates":[95.2563,22.2383]}},{"type":"Feature","properties":{"VILLAGE":"Twin Chaung","VLG_MMR":"တွင်းချောင်း","TS":"Monywa","VT":"Thar Si","sev":"moderate"},"geometry":{"type":"Point","coordinates":[95.2554,22.2574]}},{"type":"Feature","properties":{"VILLAGE":"Ywar Thar","VLG_MMR":"ရွာသာ","TS":"Monywa","VT":"Thar Si","sev":"moderate"},"geometry":{"type":"Point","coordinates":[95.2365,22.2223]}},{"type":"Feature","properties":{"VILLAGE":"Aung Thar Ywar Thit","VLG_MMR":"အောင်သာရွာသစ်","TS":"Monywa","VT":"Thet Kei Kyin","sev":"moderate"},"geometry":{"type":"Point","coordinates":[95.198,22.0905]}},{"type":"Feature","properties":{"VILLAGE":"Thet Kei Kyin","VLG_MMR":"သက္ကယ်ကျင်း","TS":"Monywa","VT":"Thet Kei Kyin","sev":"moderate"},"geometry":{"type":"Point","coordinates":[95.1985,22.0943]}},{"type":"Feature","properties":{"VILLAGE":"Chaung Son","VLG_MMR":"ချောင်းဆုံ","TS":"Monywa","VT":"Thit Seint","sev":"moderate"},"geometry":{"type":"Point","coordinates":[95.186,21.9793]}},{"type":"Feature","properties":{"VILLAGE":"Kyi Kone Ywar Thit","VLG_MMR":"ကြည်ကုန်းရွာသစ်","TS":"Monywa","VT":"Thit Seint","sev":"moderate"},"geometry":{"type":"Point","coordinates":[95.2104,21.9714]}},{"type":"Feature","properties":{"VILLAGE":"Thit Seint","VLG_MMR":"သစ်ဆိမ့်","TS":"Monywa","VT":"Thit Seint","sev":"moderate"},"geometry":{"type":"Point","coordinates":[95.1898,21.9833]}},{"type":"Feature","properties":{"VILLAGE":"Pa Me Taw","VLG_MMR":"ပမဲတော","TS":"Monywa","VT":"Yae Kan Su","sev":"moderate"},"geometry":{"type":"Point","coordinates":[95.2316,22.1772]}},{"type":"Feature","properties":{"VILLAGE":"Yae Kan Su","VLG_MMR":"ရေကန်စု","TS":"Monywa","VT":"Yae Kan Su","sev":"moderate"},"geometry":{"type":"Point","coordinates":[95.2401,22.185]}},{"type":"Feature","properties":{"VILLAGE":"Ah Nauk Pyan Kya","VLG_MMR":"အနောက်ပျံကျ","TS":"Monywa","VT":"Yaung Taw Tone","sev":"moderate"},"geometry":{"type":"Point","coordinates":[95.2304,22.1955]}},{"type":"Feature","properties":{"VILLAGE":"Ah Shey Pyan Kya","VLG_MMR":"အရှေ့ပျံကျ","TS":"Monywa","VT":"Yaung Taw Tone","sev":"moderate"},"geometry":{"type":"Point","coordinates":[95.2428,22.193]}},{"type":"Feature","properties":{"VILLAGE":"Yaung Taw Tone","VLG_MMR":"ရောင်တော်တုံး","TS":"Monywa","VT":"Yaung Taw Tone","sev":"moderate"},"geometry":{"type":"Point","coordinates":[95.2492,22.1989]}},{"type":"Feature","properties":{"VILLAGE":"Auk Sant Taw","VLG_MMR":"အောက်ဆမ့်တော","TS":"Monywa","VT":"Ywar Ton","sev":"moderate"},"geometry":{"type":"Point","coordinates":[95.2298,22.1392]}},{"type":"Feature","properties":{"VILLAGE":"Ywar Ton (North)","VLG_MMR":"ရွာတုံ (မြောက်)","TS":"Monywa","VT":"Ywar Ton","sev":"moderate"},"geometry":{"type":"Point","coordinates":[95.212,22.1564]}},{"type":"Feature","properties":{"VILLAGE":"Ywar Ton (South)","VLG_MMR":"ရွာတုံ (တောင်)","TS":"Monywa","VT":"Ywar Ton","sev":"moderate"},"geometry":{"type":"Point","coordinates":[95.2143,22.1495]}},{"type":"Feature","properties":{"VILLAGE":"Kaing Taw","VLG_MMR":"ကိုင်းတော","TS":"Monywa","VT":"Zee Kyun","sev":"moderate"},"geometry":{"type":"Point","coordinates":[95.2094,22.1188]}},{"type":"Feature","properties":{"VILLAGE":"Pa Lin (North)","VLG_MMR":"ပလ္လင် (မြောက်)","TS":"Monywa","VT":"Zee Kyun","sev":"moderate"},"geometry":{"type":"Point","coordinates":[95.2155,22.1105]}},{"type":"Feature","properties":{"VILLAGE":"Pa Lin (South)","VLG_MMR":"ပလ္လင် (တောင်)","TS":"Monywa","VT":"Zee Kyun","sev":"moderate"},"geometry":{"type":"Point","coordinates":[95.2131,22.1066]}},{"type":"Feature","properties":{"VILLAGE":"Te Thar","VLG_MMR":"တဲသာ","TS":"Monywa","VT":"Zee Kyun","sev":"moderate"},"geometry":{"type":"Point","coordinates":[95.2102,22.1284]}},{"type":"Feature","properties":{"VILLAGE":"Tha Pyay Pin","VLG_MMR":"သပြေပင်","TS":"Monywa","VT":"Zee Kyun","sev":"moderate"},"geometry":{"type":"Point","coordinates":[95.2155,22.1191]}},{"type":"Feature","properties":{"VILLAGE":"Zee Kyun","VLG_MMR":"ဇီးကျွန်း","TS":"Monywa","VT":"Zee Kyun","sev":"moderate"},"geometry":{"type":"Point","coordinates":[95.2156,22.1149]}},{"type":"Feature","properties":{"VILLAGE":"Ahr Lar Kat Pa","VLG_MMR":"အာလကပ္ပ","TS":"Myinmu","VT":"Ahr Lar Kat Pa","sev":"moderate"},"geometry":{"type":"Point","coordinates":[95.4949,21.93]}},{"type":"Feature","properties":{"VILLAGE":"Ahr Lar Kat Pa (North)","VLG_MMR":"အာလကပ္ပ (မြောက်)","TS":"Myinmu","VT":"Ahr Lar Kat Pa","sev":"moderate"},"geometry":{"type":"Point","coordinates":[95.4903,21.9338]}},{"type":"Feature","properties":{"VILLAGE":"Ahr Lar Kat Pa (South)","VLG_MMR":"အာလကပ္ပ (တောင်)","TS":"Myinmu","VT":"Ahr Lar Kat Pa","sev":"moderate"},"geometry":{"type":"Point","coordinates":[95.4921,21.9236]}},{"type":"Feature","properties":{"VILLAGE":"Ahr Lar Kat Pa (West)","VLG_MMR":"အာလကပ္ပ (အနောက်)","TS":"Myinmu","VT":"Ahr Lar Kat Pa","sev":"moderate"},"geometry":{"type":"Point","coordinates":[95.4877,21.9282]}},{"type":"Feature","properties":{"VILLAGE":"Boe Min Gyi Kin","VLG_MMR":"ဘိုးမင်းကြီးကင်း","TS":"Myinmu","VT":"Boe Min Gyi Kin","sev":"moderate"},"geometry":{"type":"Point","coordinates":[95.4575,21.9235]}},{"type":"Feature","properties":{"VILLAGE":"Chay Kyawt Ywar Thit","VLG_MMR":"ခြေကျော့ရွာသစ်","TS":"Myinmu","VT":"Chay Yar Taw","sev":"moderate"},"geometry":{"type":"Point","coordinates":[95.4534,21.8765]}},{"type":"Feature","properties":{"VILLAGE":"Chay Yar Taw","VLG_MMR":"ခြေရာတော်","TS":"Myinmu","VT":"Chay Yar Taw","sev":"moderate"},"geometry":{"type":"Point","coordinates":[95.4466,21.8704]}},{"type":"Feature","properties":{"VILLAGE":"Ga Yu","VLG_MMR":"ဂရု","TS":"Myinmu","VT":"Ga Yu","sev":"moderate"},"geometry":{"type":"Point","coordinates":[95.4497,22.0191]}},{"type":"Feature","properties":{"VILLAGE":"Gon Hnyin Seik","VLG_MMR":"ဂုံညင်းဆိပ်","TS":"Myinmu","VT":"Gon Hnyin Seik","sev":"moderate"},"geometry":{"type":"Point","coordinates":[95.6307,22.0624]}},{"type":"Feature","properties":{"VILLAGE":"Gway Pin Taw","VLG_MMR":"ဂွေးပင်တော","TS":"Myinmu","VT":"Gway Pin Taw","sev":"moderate"},"geometry":{"type":"Point","coordinates":[95.4236,21.9278]}},{"type":"Feature","properties":{"VILLAGE":"Htee Saung","VLG_MMR":"ထီးဆောင်း","TS":"Myinmu","VT":"Htee Saung","sev":"moderate"},"geometry":{"type":"Point","coordinates":[95.5976,21.9635]}},{"type":"Feature","properties":{"VILLAGE":"Htein Kan","VLG_MMR":"ထိန်ကန်","TS":"Myinmu","VT":"Htein Kan","sev":"moderate"},"geometry":{"type":"Point","coordinates":[95.5533,22.1192]}},{"type":"Feature","properties":{"VILLAGE":"Inn Ma","VLG_MMR":"အင်းမ","TS":"Myinmu","VT":"Inn Ma","sev":"moderate"},"geometry":{"type":"Point","coordinates":[95.6406,22.0982]}},{"type":"Feature","properties":{"VILLAGE":"Ma Gyi Taw","VLG_MMR":"မကျီးတော","TS":"Myinmu","VT":"Inn Ma","sev":"moderate"},"geometry":{"type":"Point","coordinates":[95.6587,22.0836]}},{"type":"Feature","properties":{"VILLAGE":"Kan Pyar","VLG_MMR":"ကန်ပြား","TS":"Myinmu","VT":"Kan Pyar","sev":"moderate"},"geometry":{"type":"Point","coordinates":[95.6132,22.0344]}},{"type":"Feature","properties":{"VILLAGE":"Kan Taw","VLG_MMR":"ကန်တော်","TS":"Myinmu","VT":"Kan Taw","sev":"moderate"},"geometry":{"type":"Point","coordinates":[95.5751,22.0156]}},{"type":"Feature","properties":{"VILLAGE":"Khwet Khwin","VLG_MMR":"ခွက်ခွင်း","TS":"Myinmu","VT":"Khwet Khwin","sev":"moderate"},"geometry":{"type":"Point","coordinates":[95.5549,22.0768]}},{"type":"Feature","properties":{"VILLAGE":"Kone","VLG_MMR":"ကုန်း","TS":"Myinmu","VT":"Kone","sev":"moderate"},"geometry":{"type":"Point","coordinates":[95.4166,21.9867]}},{"type":"Feature","properties":{"VILLAGE":"Ku Lar Pyan","VLG_MMR":"ကုလားပျံ","TS":"Myinmu","VT":"Ku Lar Pyan","sev":"moderate"},"geometry":{"type":"Point","coordinates":[95.419,21.8896]}},{"type":"Feature","properties":{"VILLAGE":"Sa Bai Kan","VLG_MMR":"စပါယ်ကန်","TS":"Myinmu","VT":"Ku Lar Pyan","sev":"moderate"},"geometry":{"type":"Point","coordinates":[95.42,21.8823]}},{"type":"Feature","properties":{"VILLAGE":"Tha Yet Kan","VLG_MMR":"သရက်ကန်","TS":"Myinmu","VT":"Ku Lar Pyan","sev":"moderate"},"geometry":{"type":"Point","coordinates":[95.4041,21.8876]}},{"type":"Feature","properties":{"VILLAGE":"U Hnauk Kone","VLG_MMR":"ဦးနှောက်ကုန်း","TS":"Myinmu","VT":"Ku Lar Pyan","sev":"moderate"},"geometry":{"type":"Point","coordinates":[95.4078,21.8993]}},{"type":"Feature","properties":{"VILLAGE":"Kyawt Min","VLG_MMR":"ကျော့မင်း","TS":"Myinmu","VT":"Kyawt Min","sev":"moderate"},"geometry":{"type":"Point","coordinates":[95.4585,21.891]}},{"type":"Feature","properties":{"VILLAGE":"Kywe Yaik","VLG_MMR":"ကျွဲရိုက်","TS":"Myinmu","VT":"Kywe Yaik","sev":"moderate"},"geometry":{"type":"Point","coordinates":[95.5046,21.9034]}},{"type":"Feature","properties":{"VILLAGE":"Let Ka Pin","VLG_MMR":"လက္ကပင်","TS":"Myinmu","VT":"Kywe Yaik","sev":"moderate"},"geometry":{"type":"Point","coordinates":[95.481,21.8795]}},{"type":"Feature","properties":{"VILLAGE":"Ohn Pin","VLG_MMR":"အုံးပင်","TS":"Myinmu","VT":"Kywe Yaik","sev":"moderate"},"geometry":{"type":"Point","coordinates":[95.4859,21.889]}},{"type":"Feature","properties":{"VILLAGE":"Thar Yar Paung","VLG_MMR":"သာယာပေါင်း","TS":"Myinmu","VT":"Kywe Yaik","sev":"moderate"},"geometry":{"type":"Point","coordinates":[95.4872,21.8864]}},{"type":"Feature","properties":{"VILLAGE":"Let Htoke Taw","VLG_MMR":"လက်ထုတ္တော","TS":"Myinmu","VT":"Let Htoke Taw","sev":"moderate"},"geometry":{"type":"Point","coordinates":[95.4103,21.9136]}},{"type":"Feature","properties":{"VILLAGE":"Let Pa Kyin","VLG_MMR":"လက်ပကျင်း","TS":"Myinmu","VT":"Let Pa Kyin","sev":"moderate"},"geometry":{"type":"Point","coordinates":[95.419,22.089]}},{"type":"Feature","properties":{"VILLAGE":"Shar Pauk Taw","VLG_MMR":"ရှားပေါက်တော","TS":"Myinmu","VT":"Let Pa Kyin","sev":"moderate"},"geometry":{"type":"Point","coordinates":[95.3603,22.1197]}},{"type":"Feature","properties":{"VILLAGE":"Thu Htay Kone","VLG_MMR":"သူဌေးကုန်း","TS":"Myinmu","VT":"Let Pa Kyin","sev":"moderate"},"geometry":{"type":"Point","coordinates":[95.4026,22.1033]}},{"type":"Feature","properties":{"VILLAGE":"Wet Kya","VLG_MMR":"ဝက်ကျ","TS":"Myinmu","VT":"Let Pa Kyin","sev":"moderate"},"geometry":{"type":"Point","coordinates":[95.3839,22.1142]}},{"type":"Feature","properties":{"VILLAGE":"Let Pan","VLG_MMR":"လက်ပန်","TS":"Myinmu","VT":"Let Pan","sev":"moderate"},"geometry":{"type":"Point","coordinates":[95.4169,22.0093]}},{"type":"Feature","properties":{"VILLAGE":"Ma Gyi Kan","VLG_MMR":"မကျီးကန်","TS":"Myinmu","VT":"Ma Gyi Kan","sev":"moderate"},"geometry":{"type":"Point","coordinates":[95.6518,22.0185]}},{"type":"Feature","properties":{"VILLAGE":"Kyar Pin Hla","VLG_MMR":"ကြာပင်လှ","TS":"Myinmu","VT":"Ma Gyi Su","sev":"moderate"},"geometry":{"type":"Point","coordinates":[95.365,21.8626]}},{"type":"Feature","properties":{"VILLAGE":"Ma Gyi Su","VLG_MMR":"မကျီးစု","TS":"Myinmu","VT":"Ma Gyi Su","sev":"moderate"},"geometry":{"type":"Point","coordinates":[95.3944,21.8687]}},{"type":"Feature","properties":{"VILLAGE":"Me Naw","VLG_MMR":"မဲနော","TS":"Myinmu","VT":"Me Naw","sev":"moderate"},"geometry":{"type":"Point","coordinates":[95.4692,22.0022]}},{"type":"Feature","properties":{"VILLAGE":"Ma Gyi Koe Pin","VLG_MMR":"မကျီးကိုးပင်","TS":"Myinmu","VT":"Mu Mandalay","sev":"moderate"},"geometry":{"type":"Point","coordinates":[95.6466,22.1562]}},{"type":"Feature","properties":{"VILLAGE":"Man Thar Si","VLG_MMR":"မန်းသာစည်","TS":"Myinmu","VT":"Mu Mandalay","sev":"moderate"},"geometry":{"type":"Point","coordinates":[95.6514,22.1256]}},{"type":"Feature","properties":{"VILLAGE":"Mu Mandalay","VLG_MMR":"မူးမန္တလေး","TS":"Myinmu","VT":"Mu Mandalay","sev":"moderate"},"geometry":{"type":"Point","coordinates":[95.6506,22.1361]}},{"type":"Feature","properties":{"VILLAGE":"Auk Kyin","VLG_MMR":"အောက်ကျင်း","TS":"Myinmu","VT":"Mu Wa Ywar Htaung","sev":"moderate"},"geometry":{"type":"Point","coordinates":[95.6423,21.9613]}},{"type":"Feature","properties":{"VILLAGE":"Mu Wa","VLG_MMR":"မူးဝ","TS":"Myinmu","VT":"Mu Wa Ywar Htaung","sev":"moderate"},"geometry":{"type":"Point","coordinates":[95.6396,21.963]}},{"type":"Feature","properties":{"VILLAGE":"Ywar Htaung","VLG_MMR":"ရွာထောင်","TS":"Myinmu","VT":"Mu Wa Ywar Htaung","sev":"moderate"},"geometry":{"type":"Point","coordinates":[95.6438,21.9649]}},{"type":"Feature","properties":{"VILLAGE":"Na Be Kyu","VLG_MMR":"နဘဲကြူး","TS":"Myinmu","VT":"Na Be Kyu","sev":"moderate"},"geometry":{"type":"Point","coordinates":[95.6474,22.0075]}},{"type":"Feature","properties":{"VILLAGE":"Kan Thone Sint","VLG_MMR":"ကန်သုံးဆင့်","TS":"Myinmu","VT":"Ngar Kin","sev":"moderate"},"geometry":{"type":"Point","coordinates":[95.5062,22.1149]}},{"type":"Feature","properties":{"VILLAGE":"Ngar Kin (North)","VLG_MMR":"ငါးကင်း (မြောက်)","TS":"Myinmu","VT":"Ngar Kin","sev":"moderate"},"geometry":{"type":"Point","coordinates":[95.5258,22.1308]}},{"type":"Feature","properties":{"VILLAGE":"Ngar Kin (South)","VLG_MMR":"ငါးကင်း (တောင်)","TS":"Myinmu","VT":"Ngar Kin","sev":"moderate"},"geometry":{"type":"Point","coordinates":[95.523,22.1189]}},{"type":"Feature","properties":{"VILLAGE":"Ngar Kin Ywar Ma","VLG_MMR":"ငါးကင်းရွာမ","TS":"Myinmu","VT":"Ngar Kin","sev":"moderate"},"geometry":{"type":"Point","coordinates":[95.5237,22.1272]}},{"type":"Feature","properties":{"VILLAGE":"May Gyar","VLG_MMR":"မေဂျာ","TS":"Myinmu","VT":"Nyaung Myit","sev":"moderate"},"geometry":{"type":"Point","coordinates":[95.6612,22.0399]}},{"type":"Feature","properties":{"VILLAGE":"Nyaung Myit","VLG_MMR":"ညောင်မြစ်","TS":"Myinmu","VT":"Nyaung Myit","sev":"moderate"},"geometry":{"type":"Point","coordinates":[95.6454,22.0368]}},{"type":"Feature","properties":{"VILLAGE":"Hlay U Kan","VLG_MMR":"လှေဦးကန်","TS":"Myinmu","VT":"Nyaung Pin Kan","sev":"moderate"},"geometry":{"type":"Point","coordinates":[95.499,22.0402]}},{"type":"Feature","properties":{"VILLAGE":"Nyaung Pin Kan","VLG_MMR":"ညောင်ပင်ကန်","TS":"Myinmu","VT":"Nyaung Pin Kan","sev":"moderate"},"geometry":{"type":"Point","coordinates":[95.5001,22.0449]}},{"type":"Feature","properties":{"VILLAGE":"Saing Myit","VLG_MMR":"စိုင်မြစ်","TS":"Myinmu","VT":"Nyaung Pin Kan","sev":"moderate"},"geometry":{"type":"Point","coordinates":[95.4869,22.049]}},{"type":"Feature","properties":{"VILLAGE":"Nyaung Yin","VLG_MMR":"ညောင်ရင်း","TS":"Myinmu","VT":"Nyaung Yin","sev":"moderate"},"geometry":{"type":"Point","coordinates":[95.6152,21.9399]}},{"type":"Feature","properties":{"VILLAGE":"Ywar Po Lay","VLG_MMR":"ရွာပိုလေး","TS":"Myinmu","VT":"Nyaung Yin","sev":"moderate"},"geometry":{"type":"Point","coordinates":[95.6142,21.9443]}},{"type":"Feature","properties":{"VILLAGE":"Pa Dat Taing","VLG_MMR":"ပဒတ္တိုင်း","TS":"Myinmu","VT":"Pa Dat Taing","sev":"moderate"},"geometry":{"type":"Point","coordinates":[95.4483,22.0748]}},{"type":"Feature","properties":{"VILLAGE":"Pale Tan","VLG_MMR":"ပုလဲတန်","TS":"Myinmu","VT":"Pale Tan","sev":"moderate"},"geometry":{"type":"Point","coordinates":[95.6025,21.9319]}},{"type":"Feature","properties":{"VILLAGE":"Pe Ku","VLG_MMR":"ပဲကူ","TS":"Myinmu","VT":"Pe Ku","sev":"moderate"},"geometry":{"type":"Point","coordinates":[95.5225,21.9736]}},{"type":"Feature","properties":{"VILLAGE":"Kin Lay Taw","VLG_MMR":"ကင်းလေးတော","TS":"Myinmu","VT":"Pe Taung","sev":"moderate"},"geometry":{"type":"Point","coordinates":[95.3699,22.0033]}},{"type":"Feature","properties":{"VILLAGE":"Pe Taung (North)","VLG_MMR":"ပဲတောင်း (မြောက်)","TS":"Myinmu","VT":"Pe Taung","sev":"moderate"},"geometry":{"type":"Point","coordinates":[95.3964,21.996]}},{"type":"Feature","properties":{"VILLAGE":"Pe Taung (South)","VLG_MMR":"ပဲတောင်း(တောင်)","TS":"Myinmu","VT":"Pe Taung","sev":"moderate"},"geometry":{"type":"Point","coordinates":[95.397,21.9914]}},{"type":"Feature","properties":{"VILLAGE":"Pon Nyar","VLG_MMR":"ပုံညာ","TS":"Myinmu","VT":"Pon Nyar","sev":"moderate"},"geometry":{"type":"Point","coordinates":[95.6686,22.026]}},{"type":"Feature","properties":{"VILLAGE":"Pyawt","VLG_MMR":"ပျော့","TS":"Myinmu","VT":"Pyawt","sev":"moderate"},"geometry":{"type":"Point","coordinates":[95.6606,21.9877]}},{"type":"Feature","properties":{"VILLAGE":"Lel Bin","VLG_MMR":"လည်ဘင်း","TS":"Myinmu","VT":"Pyin Sar Kone","sev":"moderate"},"geometry":{"type":"Point","coordinates":[95.4871,22.0081]}},{"type":"Feature","properties":{"VILLAGE":"Pyin Sar Kone","VLG_MMR":"ပဉ္စာကုံး","TS":"Myinmu","VT":"Pyin Sar Kone","sev":"moderate"},"geometry":{"type":"Point","coordinates":[95.4751,22.0174]}},{"type":"Feature","properties":{"VILLAGE":"San Tin Kin (North)","VLG_MMR":"စံတင်ကင်း (မြောက်)","TS":"Myinmu","VT":"San Tin Kin","sev":"moderate"},"geometry":{"type":"Point","coordinates":[95.4598,21.9608]}},{"type":"Feature","properties":{"VILLAGE":"San Tin Kin (South)","VLG_MMR":"စံတင်ကင်း (တောင်)","TS":"Myinmu","VT":"San Tin Kin","sev":"moderate"},"geometry":{"type":"Point","coordinates":[95.462,21.9563]}},{"type":"Feature","properties":{"VILLAGE":"Sat Pan Kone","VLG_MMR":"ဆပ်ပန်းကုန်း","TS":"Myinmu","VT":"Sat Pan Kone","sev":"moderate"},"geometry":{"type":"Point","coordinates":[95.5282,21.9111]}},{"type":"Feature","properties":{"VILLAGE":"Seik Thar","VLG_MMR":"ဆိပ်သာ","TS":"Myinmu","VT":"Sat Pan Kone","sev":"moderate"},"geometry":{"type":"Point","coordinates":[95.5354,21.9149]}},{"type":"Feature","properties":{"VILLAGE":"Sat Pyar Kyin","VLG_MMR":"ဆပ်ပြာကျင်း","TS":"Myinmu","VT":"Sat Pyar Kyin","sev":"moderate"},"geometry":{"type":"Point","coordinates":[95.5519,22.0375]}},{"type":"Feature","properties":{"VILLAGE":"Hmway Hla","VLG_MMR":"မွှေးလှ","TS":"Myinmu","VT":"Shwe Kyaung Kan","sev":"moderate"},"geometry":{"type":"Point","coordinates":[95.6206,22.1367]}},{"type":"Feature","properties":{"VILLAGE":"Shwe Kyaung Kan","VLG_MMR":"ရွှေကျောင်းကန်","TS":"Myinmu","VT":"Shwe Kyaung Kan","sev":"moderate"},"geometry":{"type":"Point","coordinates":[95.6194,22.1282]}},{"type":"Feature","properties":{"VILLAGE":"Thar Yar Aye","VLG_MMR":"သာယာအေး","TS":"Myinmu","VT":"Shwe Kyaung Kan","sev":"moderate"},"geometry":{"type":"Point","coordinates":[95.5805,22.1257]}},{"type":"Feature","properties":{"VILLAGE":"Shwe Yin Mar","VLG_MMR":"ရွှေယင်းမာ","TS":"Myinmu","VT":"Shwe Yin Mar","sev":"moderate"},"geometry":{"type":"Point","coordinates":[95.436,21.9853]}},{"type":"Feature","properties":{"VILLAGE":"Chaung Kwayt","VLG_MMR":"ချောင်းကွေ့","TS":"Myinmu","VT":"Si Pin","sev":"moderate"},"geometry":{"type":"Point","coordinates":[95.4336,21.9492]}},{"type":"Feature","properties":{"VILLAGE":"Kan Thar","VLG_MMR":"ကံသာ","TS":"Myinmu","VT":"Si Pin","sev":"moderate"},"geometry":{"type":"Point","coordinates":[95.4267,21.9525]}},{"type":"Feature","properties":{"VILLAGE":"Si Pin","VLG_MMR":"စည်ပင်","TS":"Myinmu","VT":"Si Pin","sev":"moderate"},"geometry":{"type":"Point","coordinates":[95.4282,21.9495]}},{"type":"Feature","properties":{"VILLAGE":"Taw Chaung U","VLG_MMR":"တောချောင်းဦး","TS":"Myinmu","VT":"Taw Chaung U","sev":"moderate"},"geometry":{"type":"Point","coordinates":[95.4086,22.0382]}},{"type":"Feature","properties":{"VILLAGE":"Thit Lein","VLG_MMR":"သစ်လိန်","TS":"Myinmu","VT":"Taw Chaung U","sev":"moderate"},"geometry":{"type":"Point","coordinates":[95.3982,22.0447]}},{"type":"Feature","properties":{"VILLAGE":"Tha Man Taw","VLG_MMR":"သမန္တော","TS":"Myinmu","VT":"Tha Man Taw","sev":"moderate"},"geometry":{"type":"Point","coordinates":[95.4442,22.0457]}},{"type":"Feature","properties":{"VILLAGE":"Ma Du Ra","VLG_MMR":"မဓုရ","TS":"Myinmu","VT":"Tha Pyay Thar","sev":"moderate"},"geometry":{"type":"Point","coordinates":[95.6706,22.0155]}},{"type":"Feature","properties":{"VILLAGE":"Tha Pyay Thar","VLG_MMR":"သပြေသာ","TS":"Myinmu","VT":"Tha Pyay Thar","sev":"moderate"},"geometry":{"type":"Point","coordinates":[95.6813,21.9942]}},{"type":"Feature","properties":{"VILLAGE":"Twin Gyi","VLG_MMR":"တွင်းကြီး","TS":"Myinmu","VT":"Twin Gyi","sev":"moderate"},"geometry":{"type":"Point","coordinates":[95.4234,21.959]}},{"type":"Feature","properties":{"VILLAGE":"Myit Pauk","VLG_MMR":"မြစ်ပေါက်","TS":"Myinmu","VT":"Wan Pyayt","sev":"moderate"},"geometry":{"type":"Point","coordinates":[95.5568,21.9174]}},{"type":"Feature","properties":{"VILLAGE":"Wan Pyayt","VLG_MMR":"ဝမ်းပြည့်","TS":"Myinmu","VT":"Wan Pyayt","sev":"moderate"},"geometry":{"type":"Point","coordinates":[95.5464,21.9379]}},{"type":"Feature","properties":{"VILLAGE":"Kan Swei","VLG_MMR":"ကန်ဆွယ်","TS":"Myinmu","VT":"Yone Kar","sev":"moderate"},"geometry":{"type":"Point","coordinates":[95.5075,22.041]}},{"type":"Feature","properties":{"VILLAGE":"Yone Kar","VLG_MMR":"ရုံးကား","TS":"Myinmu","VT":"Yone Kar","sev":"moderate"},"geometry":{"type":"Point","coordinates":[95.5091,22.0285]}},{"type":"Feature","properties":{"VILLAGE":"Ahr Laung","VLG_MMR":"အာလောင်","TS":"Sagaing","VT":"Ahr Laung","sev":"moderate"},"geometry":{"type":"Point","coordinates":[96.0045,21.9347]}},{"type":"Feature","properties":{"VILLAGE":"Aung Thar","VLG_MMR":"အောင်သာ","TS":"Sagaing","VT":"Aung Thar","sev":"moderate"},"geometry":{"type":"Point","coordinates":[95.8434,21.9732]}},{"type":"Feature","properties":{"VILLAGE":"Ywar Thit","VLG_MMR":"ရွာသစ်","TS":"Sagaing","VT":"Aung Thar","sev":"moderate"},"geometry":{"type":"Point","coordinates":[95.8479,21.9829]}},{"type":"Feature","properties":{"VILLAGE":"Bauk Thauk","VLG_MMR":"ဘောက်သောက်","TS":"Sagaing","VT":"Bauk Thauk","sev":"moderate"},"geometry":{"type":"Point","coordinates":[95.8317,22.1402]}},{"type":"Feature","properties":{"VILLAGE":"Kone Gyi","VLG_MMR":"ကုန်းကြီး","TS":"Sagaing","VT":"Bauk Thauk","sev":"moderate"},"geometry":{"type":"Point","coordinates":[95.8393,22.1461]}},{"type":"Feature","properties":{"VILLAGE":"Lin Yin","VLG_MMR":"လင်းယဉ်","TS":"Sagaing","VT":"Bauk Thauk","sev":"moderate"},"geometry":{"type":"Point","coordinates":[95.8355,22.1427]}},{"type":"Feature","properties":{"VILLAGE":"Shan Kone","VLG_MMR":"ရှမ်းကုန်း","TS":"Sagaing","VT":"Bauk Thauk","sev":"moderate"},"geometry":{"type":"Point","coordinates":[95.8408,22.1393]}},{"type":"Feature","properties":{"VILLAGE":"Ywar Thit","VLG_MMR":"ရွာသစ်","TS":"Sagaing","VT":"Bauk Thauk","sev":"moderate"},"geometry":{"type":"Point","coordinates":[95.8382,22.1553]}},{"type":"Feature","properties":{"VILLAGE":"Bye Ta Yaw","VLG_MMR":"ဗြဲတရော်","TS":"Sagaing","VT":"Bye Ta Yaw","sev":"moderate"},"geometry":{"type":"Point","coordinates":[95.8768,21.9281]}},{"type":"Feature","properties":{"VILLAGE":"Chaung Pauk","VLG_MMR":"ချောင်းပေါက်","TS":"Sagaing","VT":"Chaung Pauk","sev":"moderate"},"geometry":{"type":"Point","coordinates":[96.0174,21.9644]}},{"type":"Feature","properties":{"VILLAGE":"Kho Taung","VLG_MMR":"ခိုတောင်","TS":"Sagaing","VT":"Chaung Pauk","sev":"moderate"},"geometry":{"type":"Point","coordinates":[96.0179,21.9676]}},{"type":"Feature","properties":{"VILLAGE":"Pauk Taw","VLG_MMR":"ပေါက်တော","TS":"Sagaing","VT":"Chaung Pauk","sev":"moderate"},"geometry":{"type":"Point","coordinates":[96.0144,21.9619]}},{"type":"Feature","properties":{"VILLAGE":"Daung Ma","VLG_MMR":"ဒေါင်းမ","TS":"Sagaing","VT":"Daung Ma","sev":"moderate"},"geometry":{"type":"Point","coordinates":[95.9236,21.8833]}},{"type":"Feature","properties":{"VILLAGE":"Tha Pyu","VLG_MMR":"သပြူး","TS":"Sagaing","VT":"Daung Ma","sev":"moderate"},"geometry":{"type":"Point","coordinates":[95.9313,21.8799]}},{"type":"Feature","properties":{"VILLAGE":"Htan Taw","VLG_MMR":"ထန်းတော","TS":"Sagaing","VT":"Htan Taw","sev":"moderate"},"geometry":{"type":"Point","coordinates":[96.0067,21.9427]}},{"type":"Feature","properties":{"VILLAGE":"Pei Ngar Se","VLG_MMR":"ပယ်ငါးဆယ်","TS":"Sagaing","VT":"Htan Taw","sev":"moderate"},"geometry":{"type":"Point","coordinates":[96.0061,21.9385]}},{"type":"Feature","properties":{"VILLAGE":"Htan Taw Seik","VLG_MMR":"ထန်းတောဆိပ်","TS":"Sagaing","VT":"Htan Taw Seik","sev":"moderate"},"geometry":{"type":"Point","coordinates":[95.6585,22.1878]}},{"type":"Feature","properties":{"VILLAGE":"Shwe See Khon","VLG_MMR":"ရွှေစည်းခုံ","TS":"Sagaing","VT":"Htan Taw Seik","sev":"moderate"},"geometry":{"type":"Point","coordinates":[95.6421,22.2079]}},{"type":"Feature","properties":{"VILLAGE":"Thar Si Lay","VLG_MMR":"သာစည်လေး","TS":"Sagaing","VT":"Htan Taw Seik","sev":"moderate"},"geometry":{"type":"Point","coordinates":[95.6527,22.2106]}},{"type":"Feature","properties":{"VILLAGE":"Thea Nu Pont","VLG_MMR":"သဲနုပုံ့","TS":"Sagaing","VT":"Htan Taw Seik","sev":"moderate"},"geometry":{"type":"Point","coordinates":[95.6835,22.1786]}},{"type":"Feature","properties":{"VILLAGE":"Hteik Su Kone","VLG_MMR":"ထိပ်စုကုန်း","TS":"Sagaing","VT":"Htone Bo","sev":"moderate"},"geometry":{"type":"Point","coordinates":[95.9978,22.0996]}},{"type":"Feature","properties":{"VILLAGE":"Htone Bo","VLG_MMR":"ထုံးဘို","TS":"Sagaing","VT":"Htone Bo","sev":"moderate"},"geometry":{"type":"Point","coordinates":[95.994,22.1091]}},{"type":"Feature","properties":{"VILLAGE":"Ka Thea Tar","VLG_MMR":"ကသဲတာ","TS":"Sagaing","VT":"Htone Bo","sev":"moderate"},"geometry":{"type":"Point","coordinates":[95.9924,22.1144]}},{"type":"Feature","properties":{"VILLAGE":"Myay Taing","VLG_MMR":"မြေတိုင်","TS":"Sagaing","VT":"Htone Bo","sev":"moderate"},"geometry":{"type":"Point","coordinates":[95.9899,22.1342]}},{"type":"Feature","properties":{"VILLAGE":"Ohn Ta Zin","VLG_MMR":"အုံးတဇင်","TS":"Sagaing","VT":"Htone Bo","sev":"moderate"},"geometry":{"type":"Point","coordinates":[96.003,22.0926]}},{"type":"Feature","properties":{"VILLAGE":"Inn Sa","VLG_MMR":"အင်းစ","TS":"Sagaing","VT":"Inn Sa","sev":"moderate"},"geometry":{"type":"Point","coordinates":[95.695,22.1182]}},{"type":"Feature","properties":{"VILLAGE":"Kaing Pyin","VLG_MMR":"ကိုင်းပြင်","TS":"Sagaing","VT":"Kaing Pyin","sev":"moderate"},"geometry":{"type":"Point","coordinates":[95.7049,21.9308]}},{"type":"Feature","properties":{"VILLAGE":"Kin Taw","VLG_MMR":"ကင်းတော်","TS":"Sagaing","VT":"Kaing Pyin","sev":"moderate"},"geometry":{"type":"Point","coordinates":[95.7091,21.9328]}},{"type":"Feature","properties":{"VILLAGE":"Let Pan Taw","VLG_MMR":"လက်ပန်တော","TS":"Sagaing","VT":"Kaing Pyin","sev":"moderate"},"geometry":{"type":"Point","coordinates":[95.7013,21.9316]}},{"type":"Feature","properties":{"VILLAGE":"Kan Gyi Kone","VLG_MMR":"ကန်ကြီးကုန်း","TS":"Sagaing","VT":"Kan Gyi Kone","sev":"moderate"},"geometry":{"type":"Point","coordinates":[95.9344,22.0456]}},{"type":"Feature","properties":{"VILLAGE":"Khet Kha (East)","VLG_MMR":"ခက်ခ (အရှေ့)","TS":"Sagaing","VT":"Khet Kha","sev":"moderate"},"geometry":{"type":"Point","coordinates":[95.914,22.1562]}},{"type":"Feature","properties":{"VILLAGE":"Khet Kha (West)","VLG_MMR":"ခက်ခ (အနောက်)","TS":"Sagaing","VT":"Khet Kha","sev":"moderate"},"geometry":{"type":"Point","coordinates":[95.9043,22.1558]}},{"type":"Feature","properties":{"VILLAGE":"Chaung Ma Gyi","VLG_MMR":"ချောင်းမကြီး","TS":"Sagaing","VT":"Kin","sev":"moderate"},"geometry":{"type":"Point","coordinates":[96.0103,22.0781]}},{"type":"Feature","properties":{"VILLAGE":"Kin","VLG_MMR":"ကင်း","TS":"Sagaing","VT":"Kin","sev":"moderate"},"geometry":{"type":"Point","coordinates":[96.0145,22.0666]}},{"type":"Feature","properties":{"VILLAGE":"Shar Yaung","VLG_MMR":"ရှားရောင်း","TS":"Sagaing","VT":"Kin","sev":"moderate"},"geometry":{"type":"Point","coordinates":[96.0179,22.0581]}},{"type":"Feature","properties":{"VILLAGE":"Aung Myay","VLG_MMR":"အောင်မြေ","TS":"Sagaing","VT":"Kya Khat","sev":"moderate"},"geometry":{"type":"Point","coordinates":[95.8678,22.1318]}},{"type":"Feature","properties":{"VILLAGE":"Kya Khat","VLG_MMR":"ကြခတ်","TS":"Sagaing","VT":"Kya Khat","sev":"moderate"},"geometry":{"type":"Point","coordinates":[95.8607,22.1449]}},{"type":"Feature","properties":{"VILLAGE":"Mon Nyo","VLG_MMR":"မုံညို","TS":"Sagaing","VT":"Kya Khat","sev":"moderate"},"geometry":{"type":"Point","coordinates":[95.8797,22.1243]}},{"type":"Feature","properties":{"VILLAGE":"Kyar Min Gyi","VLG_MMR":"ကျားမင်းကြီး","TS":"Sagaing","VT":"Kyar Min Gyi","sev":"moderate"},"geometry":{"type":"Point","coordinates":[95.7726,22.1017]}},{"type":"Feature","properties":{"VILLAGE":"Kyauk Pa Nan","VLG_MMR":"ကျောက်ပနံ","TS":"Sagaing","VT":"Kyauk Pa Nan","sev":"moderate"},"geometry":{"type":"Point","coordinates":[95.9314,22.0336]}},{"type":"Feature","properties":{"VILLAGE":"Se Thay Taw","VLG_MMR":"ဆည်သေးတော","TS":"Sagaing","VT":"Kyauk Pa Nan","sev":"moderate"},"geometry":{"type":"Point","coordinates":[95.9643,22.0416]}},{"type":"Feature","properties":{"VILLAGE":"Ywar Thit","VLG_MMR":"ရွာသစ်","TS":"Sagaing","VT":"Kyauk Pa Nan","sev":"moderate"},"geometry":{"type":"Point","coordinates":[95.9316,22.0255]}},{"type":"Feature","properties":{"VILLAGE":"Kone","VLG_MMR":"ကုန်း","TS":"Sagaing","VT":"Kyauk Se","sev":"moderate"},"geometry":{"type":"Point","coordinates":[95.8563,21.9631]}},{"type":"Feature","properties":{"VILLAGE":"Kyauk Se","VLG_MMR":"ကျောက်ဆည်","TS":"Sagaing","VT":"Kyauk Se","sev":"moderate"},"geometry":{"type":"Point","coordinates":[95.8592,21.9698]}},{"type":"Feature","properties":{"VILLAGE":"Kyauk Tar (North)","VLG_MMR":"ကျောက်တာ (မြောက်)","TS":"Sagaing","VT":"Kyauk Tar","sev":"moderate"},"geometry":{"type":"Point","coordinates":[95.9829,21.9636]}},{"type":"Feature","properties":{"VILLAGE":"Kyauk Tar (South)","VLG_MMR":"ကျောက်တာ (တောင်)","TS":"Sagaing","VT":"Kyauk Tar","sev":"moderate"},"geometry":{"type":"Point","coordinates":[95.9821,21.9578]}},{"type":"Feature","properties":{"VILLAGE":"Taung Nyo (East)","VLG_MMR":"တောင်ညို (အရှေ့)","TS":"Sagaing","VT":"Kyauk Tar","sev":"moderate"},"geometry":{"type":"Point","coordinates":[95.9852,21.9611]}},{"type":"Feature","properties":{"VILLAGE":"Kyaung Hpyu","VLG_MMR":"ကျောင်းဖြူ","TS":"Sagaing","VT":"Kyaung Hpyu","sev":"moderate"},"geometry":{"type":"Point","coordinates":[95.9365,22.1935]}},{"type":"Feature","properties":{"VILLAGE":"Kywei Lu","VLG_MMR":"ကြွယ်လူး","TS":"Sagaing","VT":"Kywei Lu","sev":"moderate"},"geometry":{"type":"Point","coordinates":[95.9388,21.8795]}},{"type":"Feature","properties":{"VILLAGE":"Tha Lun Hpyu","VLG_MMR":"သလွန်ဖြူ","TS":"Sagaing","VT":"Kywei Lu","sev":"moderate"},"geometry":{"type":"Point","coordinates":[95.9446,21.8795]}},{"type":"Feature","properties":{"VILLAGE":"Kywei Pon","VLG_MMR":"ကြွယ်ပုံ","TS":"Sagaing","VT":"Kywei Pon","sev":"moderate"},"geometry":{"type":"Point","coordinates":[95.6821,22.0656]}},{"type":"Feature","properties":{"VILLAGE":"Ywar Htaung","VLG_MMR":"ရွာထောင်","TS":"Sagaing","VT":"Kywei Pon","sev":"moderate"},"geometry":{"type":"Point","coordinates":[95.6463,22.0655]}},{"type":"Feature","properties":{"VILLAGE":"Ywar Thit","VLG_MMR":"ရွာသစ်","TS":"Sagaing","VT":"Kywei Pon","sev":"moderate"},"geometry":{"type":"Point","coordinates":[95.657,22.0688]}},{"type":"Feature","properties":{"VILLAGE":"Lel Gyi","VLG_MMR":"လယ်ကြီး","TS":"Sagaing","VT":"Lel Gyi","sev":"moderate"},"geometry":{"type":"Point","coordinates":[95.7198,21.9701]}},{"type":"Feature","properties":{"VILLAGE":"Nyaung Pin Hla","VLG_MMR":"ညောင်ပင်လှ","TS":"Sagaing","VT":"Lel Gyi","sev":"moderate"},"geometry":{"type":"Point","coordinates":[95.6971,21.9778]}},{"type":"Feature","properties":{"VILLAGE":"Let Pan","VLG_MMR":"လက်ပံ","TS":"Sagaing","VT":"Let Pan","sev":"moderate"},"geometry":{"type":"Point","coordinates":[96.0117,21.9979]}},{"type":"Feature","properties":{"VILLAGE":"Htan Bu Taw","VLG_MMR":"ထန်းဘူးတော","TS":"Sagaing","VT":"Lin Ta Lu","sev":"moderate"},"geometry":{"type":"Point","coordinates":[95.7592,22.1033]}},{"type":"Feature","properties":{"VILLAGE":"Lin Ta Lu","VLG_MMR":"လင်းတလူး","TS":"Sagaing","VT":"Lin Ta Lu","sev":"moderate"},"geometry":{"type":"Point","coordinates":[95.7538,22.088]}},{"type":"Feature","properties":{"VILLAGE":"Ywar Thit","VLG_MMR":"ရွာသစ်","TS":"Sagaing","VT":"Lin Ta Lu","sev":"moderate"},"geometry":{"type":"Point","coordinates":[95.7495,22.1094]}},{"type":"Feature","properties":{"VILLAGE":"Kone Tan","VLG_MMR":"ကုန်းတန်း","TS":"Sagaing","VT":"Ma Au Pin","sev":"moderate"},"geometry":{"type":"Point","coordinates":[95.9168,21.9054]}},{"type":"Feature","properties":{"VILLAGE":"Ma Au Pin (East)","VLG_MMR":"မအူပင် (အရှေ့)","TS":"Sagaing","VT":"Ma Au Pin","sev":"moderate"},"geometry":{"type":"Point","coordinates":[95.9193,21.9]}},{"type":"Feature","properties":{"VILLAGE":"Ma Au Pin (West)","VLG_MMR":"မအူပင် (အနောက်)","TS":"Sagaing","VT":"Ma Au Pin","sev":"moderate"},"geometry":{"type":"Point","coordinates":[95.9141,21.8985]}},{"type":"Feature","properties":{"VILLAGE":"Thar Dun","VLG_MMR":"သာဒွန်း","TS":"Sagaing","VT":"Ma Au Pin","sev":"moderate"},"geometry":{"type":"Point","coordinates":[95.9221,21.8972]}},{"type":"Feature","properties":{"VILLAGE":"Chaing Gyi","VLG_MMR":"ချိုင်းကြီး","TS":"Sagaing","VT":"Mar Le Taw","sev":"moderate"},"geometry":{"type":"Point","coordinates":[95.7731,22.0849]}},{"type":"Feature","properties":{"VILLAGE":"Kyaw Zay Yar","VLG_MMR":"ကျော်ဇေယျာ","TS":"Sagaing","VT":"Mar Le Taw","sev":"moderate"},"geometry":{"type":"Point","coordinates":[95.7769,22.0635]}},{"type":"Feature","properties":{"VILLAGE":"Mar Le Taw","VLG_MMR":"မာလဲတော","TS":"Sagaing","VT":"Mar Le Taw","sev":"moderate"},"geometry":{"type":"Point","coordinates":[95.8045,22.0665]}},{"type":"Feature","properties":{"VILLAGE":"Oke Hne Pin","VLG_MMR":"အုတ်နှဲပင်","TS":"Sagaing","VT":"Mar Le Taw","sev":"moderate"},"geometry":{"type":"Point","coordinates":[95.7893,22.0658]}},{"type":"Feature","properties":{"VILLAGE":"Maung Htaung","VLG_MMR":"မောင်းထောင်","TS":"Sagaing","VT":"Maung Htaung","sev":"moderate"},"geometry":{"type":"Point","coordinates":[95.6853,21.9622]}},{"type":"Feature","properties":{"VILLAGE":"Myaing Lel","VLG_MMR":"မြိုင်လယ်","TS":"Sagaing","VT":"Maung Htaung","sev":"moderate"},"geometry":{"type":"Point","coordinates":[95.6887,21.966]}},{"type":"Feature","properties":{"VILLAGE":"Ywar Thit","VLG_MMR":"ရွာသစ်","TS":"Sagaing","VT":"Maung Htaung","sev":"moderate"},"geometry":{"type":"Point","coordinates":[95.6843,21.9671]}},{"type":"Feature","properties":{"VILLAGE":"Chaung U","VLG_MMR":"ချောင်းဦး","TS":"Sagaing","VT":"Me Za Li Chaung","sev":"moderate"},"geometry":{"type":"Point","coordinates":[95.994,22.1545]}},{"type":"Feature","properties":{"VILLAGE":"Me Za Li Chaung","VLG_MMR":"မဲဇလီချောင်း","TS":"Sagaing","VT":"Me Za Li Chaung","sev":"moderate"},"geometry":{"type":"Point","coordinates":[95.989,22.1399]}},{"type":"Feature","properties":{"VILLAGE":"Min","VLG_MMR":"မင်း","TS":"Sagaing","VT":"Min","sev":"moderate"},"geometry":{"type":"Point","coordinates":[95.6727,22.208]}},{"type":"Feature","properties":{"VILLAGE":"Htan Myint","VLG_MMR":"ထန်းမြင့်","TS":"Sagaing","VT":"Min Kun","sev":"moderate"},"geometry":{"type":"Point","coordinates":[96.0144,22.0222]}},{"type":"Feature","properties":{"VILLAGE":"Min Kun","VLG_MMR":"မင်းကွန်း","TS":"Sagaing","VT":"Min Kun","sev":"moderate"},"geometry":{"type":"Point","coordinates":[96.0162,22.0511]}},{"type":"Feature","properties":{"VILLAGE":"Ta Laing Sin","VLG_MMR":"တလိုင်းဆင်","TS":"Sagaing","VT":"Min Kun","sev":"moderate"},"geometry":{"type":"Point","coordinates":[96.0129,22.014]}},{"type":"Feature","properties":{"VILLAGE":"Ma Gyi Kone","VLG_MMR":"မကျီးကုန်း","TS":"Sagaing","VT":"Mu Thar","sev":"moderate"},"geometry":{"type":"Point","coordinates":[95.6656,22.1083]}},{"type":"Feature","properties":{"VILLAGE":"Mu Thar","VLG_MMR":"မူးသာ","TS":"Sagaing","VT":"Mu Thar","sev":"moderate"},"geometry":{"type":"Point","coordinates":[95.6589,22.1068]}},{"type":"Feature","properties":{"VILLAGE":"Kyet Htauk","VLG_MMR":"ကြက်ထောင့်","TS":"Sagaing","VT":"Myay Taing","sev":"moderate"},"geometry":{"type":"Point","coordinates":[96.0091,21.9513]}},{"type":"Feature","properties":{"VILLAGE":"Myay Taing","VLG_MMR":"မြေတိုင်","TS":"Sagaing","VT":"Myay Taing","sev":"moderate"},"geometry":{"type":"Point","coordinates":[96.0116,21.9581]}},{"type":"Feature","properties":{"VILLAGE":"Myin Se","VLG_MMR":"မြင်းဆည်","TS":"Sagaing","VT":"Myin Se","sev":"moderate"},"geometry":{"type":"Point","coordinates":[95.6895,21.9286]}},{"type":"Feature","properties":{"VILLAGE":"Myit Thar","VLG_MMR":"မြစ်သာ","TS":"Sagaing","VT":"Myin Se","sev":"moderate"},"geometry":{"type":"Point","coordinates":[95.6812,21.9241]}},{"type":"Feature","properties":{"VILLAGE":"U Yin","VLG_MMR":"ဥယျာဉ်","TS":"Sagaing","VT":"Myin Se","sev":"moderate"},"geometry":{"type":"Point","coordinates":[95.6872,21.9259]}},{"type":"Feature","properties":{"VILLAGE":"Kan Kone","VLG_MMR":"ကန်ကုန်း","TS":"Sagaing","VT":"Nat Kha Yaing","sev":"moderate"},"geometry":{"type":"Point","coordinates":[95.7862,21.9914]}},{"type":"Feature","properties":{"VILLAGE":"Nat Kha Yaing","VLG_MMR":"နတ်ခရိုင်","TS":"Sagaing","VT":"Nat Kha Yaing","sev":"moderate"},"geometry":{"type":"Point","coordinates":[95.7857,21.9751]}},{"type":"Feature","properties":{"VILLAGE":"Bu Tar","VLG_MMR":"ဘူတာ","TS":"Sagaing","VT":"Nga Ta Yaw","sev":"moderate"},"geometry":{"type":"Point","coordinates":[95.832,21.9488]}},{"type":"Feature","properties":{"VILLAGE":"Nga Ta Yaw","VLG_MMR":"ငတရော်","TS":"Sagaing","VT":"Nga Ta Yaw","sev":"moderate"},"geometry":{"type":"Point","coordinates":[95.8102,21.9367]}},{"type":"Feature","properties":{"VILLAGE":"None Twin","VLG_MMR":"နုံးတွင်း","TS":"Sagaing","VT":"None Twin","sev":"moderate"},"geometry":{"type":"Point","coordinates":[95.7101,21.9843]}},{"type":"Feature","properties":{"VILLAGE":"Nyaung Pin Shey","VLG_MMR":"ညောင်ပင်ရှည်","TS":"Sagaing","VT":"Nyaung Pin Shey","sev":"moderate"},"geometry":{"type":"Point","coordinates":[95.6621,22.1415]}},{"type":"Feature","properties":{"VILLAGE":"Kin","VLG_MMR":"ကင်း","TS":"Sagaing","VT":"Nyaung Pin Thar","sev":"moderate"},"geometry":{"type":"Point","coordinates":[95.6856,21.9995]}},{"type":"Feature","properties":{"VILLAGE":"Nyaung Pin Thar","VLG_MMR":"ညောင်ပင်သာ","TS":"Sagaing","VT":"Nyaung Pin Thar","sev":"moderate"},"geometry":{"type":"Point","coordinates":[95.6864,21.9961]}},{"type":"Feature","properties":{"VILLAGE":"Pauk Kar","VLG_MMR":"ပေါက်ကား","TS":"Sagaing","VT":"Nyaung Pin Thar","sev":"moderate"},"geometry":{"type":"Point","coordinates":[95.6784,22.0087]}},{"type":"Feature","properties":{"VILLAGE":"Nyaung Pin Wun","VLG_MMR":"ညောင်ပင်ဝန်း","TS":"Sagaing","VT":"Nyaung Pin Wun","sev":"moderate"},"geometry":{"type":"Point","coordinates":[95.684,21.9865]}},{"type":"Feature","properties":{"VILLAGE":"Ta Dar U","VLG_MMR":"တံတားဦး","TS":"Sagaing","VT":"Nyaung Pin Wun","sev":"moderate"},"geometry":{"type":"Point","coordinates":[95.6798,21.9804]}},{"type":"Feature","properties":{"VILLAGE":"Myin Mway","VLG_MMR":"မြင်းမွေး","TS":"Sagaing","VT":"Nyaung Pin Zin","sev":"moderate"},"geometry":{"type":"Point","coordinates":[95.8942,21.9294]}},{"type":"Feature","properties":{"VILLAGE":"Nyaung Pin Zin","VLG_MMR":"ညောင်ပင်ဇင်","TS":"Sagaing","VT":"Nyaung Pin Zin","sev":"moderate"},"geometry":{"type":"Point","coordinates":[95.9016,21.9308]}},{"type":"Feature","properties":{"VILLAGE":"Chaung U","VLG_MMR":"ချောင်းဦး","TS":"Sagaing","VT":"Ohn Taw","sev":"moderate"},"geometry":{"type":"Point","coordinates":[95.8301,21.9988]}},{"type":"Feature","properties":{"VILLAGE":"Ohn Taw (North)","VLG_MMR":"အုန်းတော (မြောက်)","TS":"Sagaing","VT":"Ohn Taw","sev":"moderate"},"geometry":{"type":"Point","coordinates":[95.8324,22.0076]}},{"type":"Feature","properties":{"VILLAGE":"Ohn Taw (South)","VLG_MMR":"အုန်းတော (တောင်)","TS":"Sagaing","VT":"Ohn Taw","sev":"moderate"},"geometry":{"type":"Point","coordinates":[95.8253,22.0025]}},{"type":"Feature","properties":{"VILLAGE":"Pa Du","VLG_MMR":"ပဒူ","TS":"Sagaing","VT":"Pa Du","sev":"moderate"},"geometry":{"type":"Point","coordinates":[95.9265,22.1003]}},{"type":"Feature","properties":{"VILLAGE":"Htan Taw","VLG_MMR":"ထန်းတော","TS":"Sagaing","VT":"Pan Chi","sev":"moderate"},"geometry":{"type":"Point","coordinates":[95.8404,22.0477]}},{"type":"Feature","properties":{"VILLAGE":"Mon Hnyin Chaung","VLG_MMR":"မုံညင်းချောင်း","TS":"Sagaing","VT":"Pan Chi","sev":"moderate"},"geometry":{"type":"Point","coordinates":[95.8379,22.0562]}},{"type":"Feature","properties":{"VILLAGE":"Pan Chi","VLG_MMR":"ပန်းချီ","TS":"Sagaing","VT":"Pan Chi","sev":"moderate"},"geometry":{"type":"Point","coordinates":[95.8409,22.0298]}},{"type":"Feature","properties":{"VILLAGE":"Aung Myay Thar Si","VLG_MMR":"အောင်မြေသာစည်","TS":"Sagaing","VT":"Pauk Ma","sev":"moderate"},"geometry":{"type":"Point","coordinates":[95.7017,22.2055]}},{"type":"Feature","properties":{"VILLAGE":"Myaing Kone","VLG_MMR":"မြိုင်ကုန်း","TS":"Sagaing","VT":"Pauk Ma","sev":"moderate"},"geometry":{"type":"Point","coordinates":[95.7013,22.2144]}},{"type":"Feature","properties":{"VILLAGE":"Pauk Ma (North)","VLG_MMR":"ပေါက်မ (မြောက်)","TS":"Sagaing","VT":"Pauk Ma","sev":"moderate"},"geometry":{"type":"Point","coordinates":[95.7199,22.2069]}},{"type":"Feature","properties":{"VILLAGE":"Pauk Ma (South)","VLG_MMR":"ပေါက်မ (တောင်)","TS":"Sagaing","VT":"Pauk Ma","sev":"moderate"},"geometry":{"type":"Point","coordinates":[95.7093,22.2007]}},{"type":"Feature","properties":{"VILLAGE":"Sa Kyin","VLG_MMR":"စကျင်","TS":"Sagaing","VT":"Sa Kyin","sev":"moderate"},"geometry":{"type":"Point","coordinates":[95.9643,21.9848]}},{"type":"Feature","properties":{"VILLAGE":"Kyun U Taw","VLG_MMR":"ကျွန်းဦးတော","TS":"Sagaing","VT":"Sa Mun","sev":"moderate"},"geometry":{"type":"Point","coordinates":[95.8766,22.1802]}},{"type":"Feature","properties":{"VILLAGE":"Sa Mun","VLG_MMR":"စမွန်း","TS":"Sagaing","VT":"Sa Mun","sev":"moderate"},"geometry":{"type":"Point","coordinates":[95.8737,22.1539]}},{"type":"Feature","properties":{"VILLAGE":"Yone Pin Kan","VLG_MMR":"ရုံးပင်ကန်","TS":"Sagaing","VT":"Sa Mun","sev":"moderate"},"geometry":{"type":"Point","coordinates":[95.8581,22.1562]}},{"type":"Feature","properties":{"VILLAGE":"Sar Yay (East)","VLG_MMR":"စာရေး (အရှေ့)","TS":"Sagaing","VT":"Sar Yay","sev":"moderate"},"geometry":{"type":"Point","coordinates":[95.9389,21.9987]}},{"type":"Feature","properties":{"VILLAGE":"Sar Yay (West)","VLG_MMR":"စာရေး (အနောက်)","TS":"Sagaing","VT":"Sar Yay","sev":"moderate"},"geometry":{"type":"Point","coordinates":[95.9306,22.0043]}},{"type":"Feature","properties":{"VILLAGE":"Ywar Thar Yar","VLG_MMR":"ရွာသာယာ","TS":"Sagaing","VT":"Sar Yay","sev":"moderate"},"geometry":{"type":"Point","coordinates":[95.9771,22.0193]}},{"type":"Feature","properties":{"VILLAGE":"Kone","VLG_MMR":"ကုန်း","TS":"Sagaing","VT":"Shan Tat","sev":"moderate"},"geometry":{"type":"Point","coordinates":[95.7819,22.0227]}},{"type":"Feature","properties":{"VILLAGE":"Shan Tat","VLG_MMR":"ရှမ်းတပ်","TS":"Sagaing","VT":"Shan Tat","sev":"moderate"},"geometry":{"type":"Point","coordinates":[95.7868,22.0146]}},{"type":"Feature","properties":{"VILLAGE":"Dawei Te","VLG_MMR":"ဒါးဝယ်တဲ","TS":"Sagaing","VT":"Shwe Hlay","sev":"moderate"},"geometry":{"type":"Point","coordinates":[95.6547,21.9323]}},{"type":"Feature","properties":{"VILLAGE":"Shwe Hlay","VLG_MMR":"ရွှေလှေ","TS":"Sagaing","VT":"Shwe Hlay","sev":"moderate"},"geometry":{"type":"Point","coordinates":[95.6394,21.9426]}},{"type":"Feature","properties":{"VILLAGE":"Tar Taing","VLG_MMR":"တာတိုင်","TS":"Sagaing","VT":"Shwe Hlay","sev":"moderate"},"geometry":{"type":"Point","coordinates":[95.6449,21.9332]}},{"type":"Feature","properties":{"VILLAGE":"U Aik Kyun","VLG_MMR":"ဦးအိုင်ကျွန်း","TS":"Sagaing","VT":"Shwe Hlay","sev":"moderate"},"geometry":{"type":"Point","coordinates":[95.6356,21.9478]}},{"type":"Feature","properties":{"VILLAGE":"Moe Gyoe","VLG_MMR":"မိုးကြိုး","TS":"Sagaing","VT":"Sin Myay","sev":"moderate"},"geometry":{"type":"Point","coordinates":[95.9094,21.8963]}},{"type":"Feature","properties":{"VILLAGE":"Sin Myay","VLG_MMR":"ဆင်မြေ","TS":"Sagaing","VT":"Sin Myay","sev":"moderate"},"geometry":{"type":"Point","coordinates":[95.9117,21.8878]}},{"type":"Feature","properties":{"VILLAGE":"Sin Tat","VLG_MMR":"ဆင်တပ်","TS":"Sagaing","VT":"Sin Tat","sev":"moderate"},"geometry":{"type":"Point","coordinates":[95.8582,21.9216]}},{"type":"Feature","properties":{"VILLAGE":"Oke Hpo","VLG_MMR":"အုတ်ဖို","TS":"Sagaing","VT":"Sint Kaing","sev":"moderate"},"geometry":{"type":"Point","coordinates":[95.9931,22.1646]}},{"type":"Feature","properties":{"VILLAGE":"Sint Kaing","VLG_MMR":"စဉ့်ကိုင်","TS":"Sagaing","VT":"Sint Kaing","sev":"moderate"},"geometry":{"type":"Point","coordinates":[95.9897,22.1889]}},{"type":"Feature","properties":{"VILLAGE":"Ta Ein Te","VLG_MMR":"တအိမ်တည်း","TS":"Sagaing","VT":"Ta Ein Te","sev":"moderate"},"geometry":{"type":"Point","coordinates":[95.9088,21.9811]}},{"type":"Feature","properties":{"VILLAGE":"Ta Laing","VLG_MMR":"တလိုင်း","TS":"Sagaing","VT":"Ta Laing","sev":"moderate"},"geometry":{"type":"Point","coordinates":[95.9624,22.1905]}},{"type":"Feature","properties":{"VILLAGE":"Ta Laing Kyun","VLG_MMR":"တလိုင်းကျွန်း","TS":"Sagaing","VT":"Ta Laing Kyun","sev":"moderate"},"geometry":{"type":"Point","coordinates":[95.6645,22.124]}},{"type":"Feature","properties":{"VILLAGE":"Ta Pa Yin Kwe","VLG_MMR":"တပုရင်းကွဲ","TS":"Sagaing","VT":"Ta Pa Yin Kwe","sev":"moderate"},"geometry":{"type":"Point","coordinates":[95.6699,22.0492]}},{"type":"Feature","properties":{"VILLAGE":"Taung Kyar","VLG_MMR":"တောင်ကြား","TS":"Sagaing","VT":"Taung Kyar","sev":"moderate"},"geometry":{"type":"Point","coordinates":[95.7053,22.0991]}},{"type":"Feature","properties":{"VILLAGE":"Taung Myo","VLG_MMR":"တောင်မြို့","TS":"Sagaing","VT":"Taung Myo","sev":"moderate"},"geometry":{"type":"Point","coordinates":[95.6671,22.0807]}},{"type":"Feature","properties":{"VILLAGE":"Taung Yin (North)","VLG_MMR":"တောင်ရင်း (မြောက်)","TS":"Sagaing","VT":"Taung Yin","sev":"moderate"},"geometry":{"type":"Point","coordinates":[95.9592,22.1349]}},{"type":"Feature","properties":{"VILLAGE":"Taung Yin (South)","VLG_MMR":"တောင်ရင်း (တောင်)","TS":"Sagaing","VT":"Taung Yin","sev":"moderate"},"geometry":{"type":"Point","coordinates":[95.9625,22.1273]}},{"type":"Feature","properties":{"VILLAGE":"Ywar Thit","VLG_MMR":"ရွာသစ်","TS":"Sagaing","VT":"Taung Yin","sev":"moderate"},"geometry":{"type":"Point","coordinates":[95.9576,22.1247]}},{"type":"Feature","properties":{"VILLAGE":"Gon Hnyin Taung","VLG_MMR":"ဂုံညင်းတောင်","TS":"Sagaing","VT":"Te Gyi Ah Shey Tar","sev":"moderate"},"geometry":{"type":"Point","coordinates":[95.9507,21.8755]}},{"type":"Feature","properties":{"VILLAGE":"Kan Nar Taw","VLG_MMR":"ကန္နားတော်","TS":"Sagaing","VT":"Te Gyi Ah Shey Tar","sev":"moderate"},"geometry":{"type":"Point","coordinates":[95.9584,21.8736]}},{"type":"Feature","properties":{"VILLAGE":"Kyaung Taw Gyi","VLG_MMR":"ကျောင်းတော်ကြီး","TS":"Sagaing","VT":"Te Gyi Ah Shey Tar","sev":"moderate"},"geometry":{"type":"Point","coordinates":[95.9568,21.8851]}},{"type":"Feature","properties":{"VILLAGE":"Nay Pu Kone","VLG_MMR":"နေပူကုန်း","TS":"Sagaing","VT":"Te Gyi Ah Shey Tar","sev":"moderate"},"geometry":{"type":"Point","coordinates":[95.9472,21.8931]}},{"type":"Feature","properties":{"VILLAGE":"Nyaung Kone","VLG_MMR":"ညောင်ကုန်း","TS":"Sagaing","VT":"Te Gyi Ah Shey Tar","sev":"moderate"},"geometry":{"type":"Point","coordinates":[95.9489,21.8842]}},{"type":"Feature","properties":{"VILLAGE":"Te Gyi","VLG_MMR":"တဲကြီး","TS":"Sagaing","VT":"Te Gyi Ah Shey Tar","sev":"moderate"},"geometry":{"type":"Point","coordinates":[95.9424,21.893]}},{"type":"Feature","properties":{"VILLAGE":"Tha Pyay Pin","VLG_MMR":"သပြေပင်","TS":"Sagaing","VT":"Te Gyi Ah Shey Tar","sev":"moderate"},"geometry":{"type":"Point","coordinates":[95.9511,21.8894]}},{"type":"Feature","properties":{"VILLAGE":"Let Pan Thar","VLG_MMR":"လက်ပံသာ","TS":"Sagaing","VT":"Te Gyi Let Pan Thar","sev":"moderate"},"geometry":{"type":"Point","coordinates":[95.6713,21.9628]}},{"type":"Feature","properties":{"VILLAGE":"Ma Au Pin","VLG_MMR":"မအူပင်","TS":"Sagaing","VT":"Tha Hpan Thar","sev":"moderate"},"geometry":{"type":"Point","coordinates":[95.655,21.9681]}},{"type":"Feature","properties":{"VILLAGE":"Tha Hpan Thar","VLG_MMR":"သဖန်းသာ","TS":"Sagaing","VT":"Tha Hpan Thar","sev":"moderate"},"geometry":{"type":"Point","coordinates":[95.6417,21.9494]}},{"type":"Feature","properties":{"VILLAGE":"Tha Hpan Thar (Ywar Thit)","VLG_MMR":"သဖန်းသာ (ရွာသစ်)","TS":"Sagaing","VT":"Tha Hpan Thar","sev":"moderate"},"geometry":{"type":"Point","coordinates":[95.6519,21.9562]}},{"type":"Feature","properties":{"VILLAGE":"Di Lone Po","VLG_MMR":"ဒီလုံးပို","TS":"Sagaing","VT":"Thar Pyauk Kone","sev":"moderate"},"geometry":{"type":"Point","coordinates":[95.6882,22.232]}},{"type":"Feature","properties":{"VILLAGE":"Kan Taw Yoe","VLG_MMR":"ကန်တော်ရိုး","TS":"Sagaing","VT":"Thar Pyauk Kone","sev":"moderate"},"geometry":{"type":"Point","coordinates":[95.7185,22.226]}},{"type":"Feature","properties":{"VILLAGE":"Oke Shit Gyi","VLG_MMR":"ဥရှစ်ကြီး","TS":"Sagaing","VT":"Thar Pyauk Kone","sev":"moderate"},"geometry":{"type":"Point","coordinates":[95.7086,22.2347]}},{"type":"Feature","properties":{"VILLAGE":"Thar Pyauk Kone","VLG_MMR":"သားပျောက်ကုန်း","TS":"Sagaing","VT":"Thar Pyauk Kone","sev":"moderate"},"geometry":{"type":"Point","coordinates":[95.6911,22.2379]}},{"type":"Feature","properties":{"VILLAGE":"Aing Dan Ma","VLG_MMR":"အိုင်းဓမ္မ","TS":"Sagaing","VT":"Thar Zin","sev":"moderate"},"geometry":{"type":"Point","coordinates":[95.7074,22.143]}},{"type":"Feature","properties":{"VILLAGE":"Bu Sin Pin","VLG_MMR":"ဘူးစင်ပင်","TS":"Sagaing","VT":"Thar Zin","sev":"moderate"},"geometry":{"type":"Point","coordinates":[95.6948,22.1413]}},{"type":"Feature","properties":{"VILLAGE":"Thar Zin","VLG_MMR":"သာဇင်","TS":"Sagaing","VT":"Thar Zin","sev":"moderate"},"geometry":{"type":"Point","coordinates":[95.724,22.155]}},{"type":"Feature","properties":{"VILLAGE":"Shin Hpyu Shin Hla","VLG_MMR":"ရှင်ဖြူရှင်လှ","TS":"Sagaing","VT":"War Chet","sev":"moderate"},"geometry":{"type":"Point","coordinates":[96.0008,21.9124]}},{"type":"Feature","properties":{"VILLAGE":"War Chet","VLG_MMR":"ဝါးချက်","TS":"Sagaing","VT":"War Chet","sev":"moderate"},"geometry":{"type":"Point","coordinates":[96.0028,21.9228]}},{"type":"Feature","properties":{"VILLAGE":"Yae Khar","VLG_MMR":"ရေခါး","TS":"Sagaing","VT":"Yae Khar","sev":"moderate"},"geometry":{"type":"Point","coordinates":[95.9798,21.9809]}},{"type":"Feature","properties":{"VILLAGE":"Yae Myet","VLG_MMR":"ရေမျက်","TS":"Sagaing","VT":"Yae Myet","sev":"moderate"},"geometry":{"type":"Point","coordinates":[95.8811,22.0156]}},{"type":"Feature","properties":{"VILLAGE":"Yae Twin Gaung","VLG_MMR":"ရေတွင်းဂေါင်း","TS":"Sagaing","VT":"Yae Twin Gaung","sev":"moderate"},"geometry":{"type":"Point","coordinates":[95.8559,22.0901]}},{"type":"Feature","properties":{"VILLAGE":"Bagan Tu","VLG_MMR":"ပုဂံတူ","TS":"Sagaing","VT":"Yin Ma Kyin","sev":"moderate"},"geometry":{"type":"Point","coordinates":[95.7775,22.0543]}},{"type":"Feature","properties":{"VILLAGE":"Yin Ma Kyin","VLG_MMR":"ရင်းမကျင်း","TS":"Sagaing","VT":"Yin Ma Kyin","sev":"moderate"},"geometry":{"type":"Point","coordinates":[95.7694,22.0663]}},{"type":"Feature","properties":{"VILLAGE":"Thit Cho Kone","VLG_MMR":"သစ်ချိုကုန်း","TS":"Sagaing","VT":"Yone Pin Kan","sev":"moderate"},"geometry":{"type":"Point","coordinates":[95.7951,22.0478]}},{"type":"Feature","properties":{"VILLAGE":"Wet Thar Poke","VLG_MMR":"ဝက်သားပုတ်","TS":"Sagaing","VT":"Yone Pin Kan","sev":"moderate"},"geometry":{"type":"Point","coordinates":[95.8077,22.041]}},{"type":"Feature","properties":{"VILLAGE":"Yone Pin Kan","VLG_MMR":"ရုန်းပင်ကန်","TS":"Sagaing","VT":"Yone Pin Kan","sev":"moderate"},"geometry":{"type":"Point","coordinates":[95.8041,22.0343]}},{"type":"Feature","properties":{"VILLAGE":"Thone Lint","VLG_MMR":"သုံးလင့်","TS":"Sagaing","VT":"Ywar Ma","sev":"moderate"},"geometry":{"type":"Point","coordinates":[95.7333,21.9316]}},{"type":"Feature","properties":{"VILLAGE":"Ywar Ma","VLG_MMR":"ရွာမ","TS":"Sagaing","VT":"Ywar Ma","sev":"moderate"},"geometry":{"type":"Point","coordinates":[95.74,21.9519]}},{"type":"Feature","properties":{"VILLAGE":"Chi Hmyin Set","VLG_MMR":"ချည်မျှင်စက်","TS":"Sagaing","VT":"Ywar Thit Gyi","sev":"moderate"},"geometry":{"type":"Point","coordinates":[95.786,21.9618]}},{"type":"Feature","properties":{"VILLAGE":"Ywar Thit Gyi","VLG_MMR":"ရွာသစ်ကြီး","TS":"Sagaing","VT":"Ywar Thit Gyi","sev":"moderate"},"geometry":{"type":"Point","coordinates":[95.7771,21.9263]}},{"type":"Feature","properties":{"VILLAGE":"U Yin","VLG_MMR":"ဥယျာဉ်","TS":"Sagaing","VT":"Zee Chaung","sev":"moderate"},"geometry":{"type":"Point","coordinates":[95.9485,21.8971]}},{"type":"Feature","properties":{"VILLAGE":"Zee Chaung","VLG_MMR":"ဇီးချောင်း","TS":"Sagaing","VT":"Zee Chaung","sev":"moderate"},"geometry":{"type":"Point","coordinates":[95.9474,21.9041]}},{"type":"Feature","properties":{"VILLAGE":"Aung Chan Thar","VLG_MMR":"အောင်ချမ်းသာ","TS":"Shwebo","VT":"Aung Chan Thar","sev":"severe"},"geometry":{"type":"Point","coordinates":[95.6603,22.5082]}},{"type":"Feature","properties":{"VILLAGE":"Boe Daw Taw","VLG_MMR":"ဘိုးတော်တော","TS":"Shwebo","VT":"Boe Daw Taw","sev":"severe"},"geometry":{"type":"Point","coordinates":[95.8097,22.6562]}},{"type":"Feature","properties":{"VILLAGE":"Myo Thit","VLG_MMR":"မြို့သစ်","TS":"Shwebo","VT":"Boe Daw Taw","sev":"severe"},"geometry":{"type":"Point","coordinates":[95.8183,22.6445]}},{"type":"Feature","properties":{"VILLAGE":"Pauk Kan","VLG_MMR":"ပေါက်ကန်","TS":"Shwebo","VT":"Boe Daw Taw","sev":"severe"},"geometry":{"type":"Point","coordinates":[95.7943,22.6589]}},{"type":"Feature","properties":{"VILLAGE":"Bone Bweit","VLG_MMR":"ဘုံးဘွက်","TS":"Shwebo","VT":"Bone Bwet","sev":"severe"},"geometry":{"type":"Point","coordinates":[95.6732,22.4869]}},{"type":"Feature","properties":{"VILLAGE":"Hnaw Pin","VLG_MMR":"နှောပင်","TS":"Shwebo","VT":"Bone Bwet","sev":"severe"},"geometry":{"type":"Point","coordinates":[95.6618,22.4929]}},{"type":"Feature","properties":{"VILLAGE":"Chaung Son","VLG_MMR":"ချောင်းဆုံ","TS":"Shwebo","VT":"Chaung Son","sev":"severe"},"geometry":{"type":"Point","coordinates":[95.7455,22.509]}},{"type":"Feature","properties":{"VILLAGE":"Chi Par (North)","VLG_MMR":"ချီပါ (မြောက်)","TS":"Shwebo","VT":"Chi Par","sev":"severe"},"geometry":{"type":"Point","coordinates":[95.6566,22.5497]}},{"type":"Feature","properties":{"VILLAGE":"Chi Par (South)","VLG_MMR":"ချီပါ (တောင်)","TS":"Shwebo","VT":"Chi Par","sev":"severe"},"geometry":{"type":"Point","coordinates":[95.6536,22.5397]}},{"type":"Feature","properties":{"VILLAGE":"Ngar Su Kone","VLG_MMR":"ငါးဆူကုန်း","TS":"Shwebo","VT":"Chi Par","sev":"severe"},"geometry":{"type":"Point","coordinates":[95.6508,22.5451]}},{"type":"Feature","properties":{"VILLAGE":"Gway Pin Kone","VLG_MMR":"ဂွေးပင်ကုန်း","TS":"Shwebo","VT":"Gway Pin Kone","sev":"severe"},"geometry":{"type":"Point","coordinates":[95.8521,22.519]}},{"type":"Feature","properties":{"VILLAGE":"Shwe Kyin","VLG_MMR":"ရွှေကျင်","TS":"Shwebo","VT":"Gway Pin Kone","sev":"severe"},"geometry":{"type":"Point","coordinates":[95.8865,22.5282]}},{"type":"Feature","properties":{"VILLAGE":"Thea Kyun","VLG_MMR":"သဲကျွန်း","TS":"Shwebo","VT":"Gway Pin Kone","sev":"severe"},"geometry":{"type":"Point","coordinates":[95.8395,22.5041]}},{"type":"Feature","properties":{"VILLAGE":"Gyoe Gyar","VLG_MMR":"ကြိုးကြာ","TS":"Shwebo","VT":"Gyoe Gyar","sev":"severe"},"geometry":{"type":"Point","coordinates":[95.7947,22.5436]}},{"type":"Feature","properties":{"VILLAGE":"Se Gyi","VLG_MMR":"ဆည်ကြီး","TS":"Shwebo","VT":"Gyoe Gyar","sev":"severe"},"geometry":{"type":"Point","coordinates":[95.8197,22.55]}},{"type":"Feature","properties":{"VILLAGE":"Hna Ma Sar Yit","VLG_MMR":"နှမစားရစ်","TS":"Shwebo","VT":"Hna Ma Sar Yit","sev":"severe"},"geometry":{"type":"Point","coordinates":[95.5601,22.6137]}},{"type":"Feature","properties":{"VILLAGE":"Hpoke Kone","VLG_MMR":"ဖုတ်ကုန်း","TS":"Shwebo","VT":"Hpoke Kone","sev":"severe"},"geometry":{"type":"Point","coordinates":[95.6888,22.6718]}},{"type":"Feature","properties":{"VILLAGE":"Ywar Meik Thar","VLG_MMR":"ရွာမိဿာ","TS":"Shwebo","VT":"Hpoke Kone","sev":"severe"},"geometry":{"type":"Point","coordinates":[95.6949,22.6541]}},{"type":"Feature","properties":{"VILLAGE":"Hta Naung Wun","VLG_MMR":"ထနောင်းဝန်း","TS":"Shwebo","VT":"Hta Naung Wun","sev":"severe"},"geometry":{"type":"Point","coordinates":[95.6695,22.5949]}},{"type":"Feature","properties":{"VILLAGE":"Nwar Koke","VLG_MMR":"နွားကုတ်","TS":"Shwebo","VT":"Hta Naung Wun","sev":"severe"},"geometry":{"type":"Point","coordinates":[95.6784,22.5951]}},{"type":"Feature","properties":{"VILLAGE":"Htan Sin","VLG_MMR":"ထန်းစင်","TS":"Shwebo","VT":"Htan Sin","sev":"severe"},"geometry":{"type":"Point","coordinates":[95.5837,22.5399]}},{"type":"Feature","properties":{"VILLAGE":"Thit Gyi Taw","VLG_MMR":"သစ်ကြီးတော","TS":"Shwebo","VT":"Htan Sin","sev":"severe"},"geometry":{"type":"Point","coordinates":[95.6239,22.5342]}},{"type":"Feature","properties":{"VILLAGE":"Kan Gyi Taw","VLG_MMR":"ကံကြီးတော","TS":"Shwebo","VT":"Kan Gyi Taw","sev":"severe"},"geometry":{"type":"Point","coordinates":[95.8265,22.4961]}},{"type":"Feature","properties":{"VILLAGE":"Ngar Pi Oe","VLG_MMR":"ငါးပိအိုး","TS":"Shwebo","VT":"Kan Gyi Taw","sev":"severe"},"geometry":{"type":"Point","coordinates":[95.8313,22.4812]}},{"type":"Feature","properties":{"VILLAGE":"Ywar Thit Kone","VLG_MMR":"ရွာသစ်ကုန်း","TS":"Shwebo","VT":"Kan Gyi Taw","sev":"severe"},"geometry":{"type":"Point","coordinates":[95.8553,22.49]}},{"type":"Feature","properties":{"VILLAGE":"Hta Naung Kone","VLG_MMR":"ထနောင်းကုန်း","TS":"Shwebo","VT":"Kan Hpyu","sev":"severe"},"geometry":{"type":"Point","coordinates":[95.7339,22.5676]}},{"type":"Feature","properties":{"VILLAGE":"Kan Hpyu","VLG_MMR":"ကံဖြူ","TS":"Shwebo","VT":"Kan Hpyu","sev":"severe"},"geometry":{"type":"Point","coordinates":[95.7369,22.5556]}},{"type":"Feature","properties":{"VILLAGE":"Min Ywar","VLG_MMR":"မင်းရွာ","TS":"Shwebo","VT":"Kan Hpyu","sev":"severe"},"geometry":{"type":"Point","coordinates":[95.7174,22.5649]}},{"type":"Feature","properties":{"VILLAGE":"Kawt","VLG_MMR":"ကော့","TS":"Shwebo","VT":"Kawt","sev":"severe"},"geometry":{"type":"Point","coordinates":[95.789,22.6022]}},{"type":"Feature","properties":{"VILLAGE":"Ta Yaw Taw","VLG_MMR":"တရော်တော","TS":"Shwebo","VT":"Kawt","sev":"severe"},"geometry":{"type":"Point","coordinates":[95.7972,22.6113]}},{"type":"Feature","properties":{"VILLAGE":"Khun Taung Gyi","VLG_MMR":"ခွန်တောင်းကြီး","TS":"Shwebo","VT":"Khun Taung Gyi","sev":"severe"},"geometry":{"type":"Point","coordinates":[95.6198,22.6489]}},{"type":"Feature","properties":{"VILLAGE":"Khun Taung Nge","VLG_MMR":"ခွန်တောင်းငယ်","TS":"Shwebo","VT":"Khun Taung Nge","sev":"severe"},"geometry":{"type":"Point","coordinates":[95.6693,22.6357]}},{"type":"Feature","properties":{"VILLAGE":"Mi Chaung Pin","VLG_MMR":"မိချောင်းပင်","TS":"Shwebo","VT":"Khun Taung Nge","sev":"severe"},"geometry":{"type":"Point","coordinates":[95.6792,22.6277]}},{"type":"Feature","properties":{"VILLAGE":"Hin Thar Gyi","VLG_MMR":"ဟင်္သာကြီး","TS":"Shwebo","VT":"Ku Lar Ma","sev":"severe"},"geometry":{"type":"Point","coordinates":[95.9655,22.5165]}},{"type":"Feature","properties":{"VILLAGE":"Ku Lar Ma","VLG_MMR":"ကုလားမ","TS":"Shwebo","VT":"Ku Lar Ma","sev":"severe"},"geometry":{"type":"Point","coordinates":[95.9653,22.5133]}},{"type":"Feature","properties":{"VILLAGE":"Let Kauk Kya","VLG_MMR":"လက်ကောက်ကျ","TS":"Shwebo","VT":"Ku Lar Ma","sev":"severe"},"geometry":{"type":"Point","coordinates":[95.9656,22.5083]}},{"type":"Feature","properties":{"VILLAGE":"Ma Gyi Thone Pin","VLG_MMR":"မကျီးသုံးပင်","TS":"Shwebo","VT":"Ku Lar Ma","sev":"severe"},"geometry":{"type":"Point","coordinates":[95.9301,22.5201]}},{"type":"Feature","properties":{"VILLAGE":"Hta Naung Kaing","VLG_MMR":"ထနောင်းကိုင်း","TS":"Shwebo","VT":"Ku Toet Seik","sev":"severe"},"geometry":{"type":"Point","coordinates":[95.5148,22.6064]}},{"type":"Feature","properties":{"VILLAGE":"Ku Toet Seik","VLG_MMR":"ကူးတို့ဆိပ်","TS":"Shwebo","VT":"Ku Toet Seik","sev":"severe"},"geometry":{"type":"Point","coordinates":[95.4792,22.6213]}},{"type":"Feature","properties":{"VILLAGE":"Thaung Htut Kaing","VLG_MMR":"သောင်းထွဋ်ကိုင်း","TS":"Shwebo","VT":"Ku Toet Seik","sev":"severe"},"geometry":{"type":"Point","coordinates":[95.4808,22.6172]}},{"type":"Feature","properties":{"VILLAGE":"Kun Seik (South)","VLG_MMR":"ကွန်ဆိပ် (တောင်)","TS":"Shwebo","VT":"Kun Seik","sev":"severe"},"geometry":{"type":"Point","coordinates":[95.5862,22.465]}},{"type":"Feature","properties":{"VILLAGE":"Kun Seik (Ywar Ma)","VLG_MMR":"ကွန်ဆိပ် (ရွာမ)","TS":"Shwebo","VT":"Kun Seik","sev":"severe"},"geometry":{"type":"Point","coordinates":[95.5878,22.4691]}},{"type":"Feature","properties":{"VILLAGE":"Kyee Kan","VLG_MMR":"ကျီးကန်","TS":"Shwebo","VT":"Kun Seik","sev":"severe"},"geometry":{"type":"Point","coordinates":[95.5947,22.4683]}},{"type":"Feature","properties":{"VILLAGE":"Kyar (Middle)","VLG_MMR":"ကျား (အလယ်)","TS":"Shwebo","VT":"Kyar","sev":"severe"},"geometry":{"type":"Point","coordinates":[95.5945,22.6813]}},{"type":"Feature","properties":{"VILLAGE":"Kyar (North)","VLG_MMR":"ကျား (မြောက်)","TS":"Shwebo","VT":"Kyar","sev":"severe"},"geometry":{"type":"Point","coordinates":[95.5923,22.6841]}},{"type":"Feature","properties":{"VILLAGE":"Kyar (South)","VLG_MMR":"ကျား (တောင်)","TS":"Shwebo","VT":"Kyar","sev":"severe"},"geometry":{"type":"Point","coordinates":[95.5963,22.6729]}},{"type":"Feature","properties":{"VILLAGE":"Let Yet Kone (Leik Ya Kone)","VLG_MMR":"လက်ယက်ကုန်း (လိပ်ရကုန်း)","TS":"Shwebo","VT":"Kyar","sev":"severe"},"geometry":{"type":"Point","coordinates":[95.5806,22.7138]}},{"type":"Feature","properties":{"VILLAGE":"Kyet Tet","VLG_MMR":"ကြက်တက်","TS":"Shwebo","VT":"Kyet Tet","sev":"severe"},"geometry":{"type":"Point","coordinates":[95.6537,22.6647]}},{"type":"Feature","properties":{"VILLAGE":"Myin Ka Thar","VLG_MMR":"မြင်းကသာ","TS":"Shwebo","VT":"Kyet Tet","sev":"severe"},"geometry":{"type":"Point","coordinates":[95.6509,22.677]}},{"type":"Feature","properties":{"VILLAGE":"Leik Chin","VLG_MMR":"လိပ်ချင်း","TS":"Shwebo","VT":"Leik Chin","sev":"severe"},"geometry":{"type":"Point","coordinates":[95.591,22.6345]}},{"type":"Feature","properties":{"VILLAGE":"Bo Te","VLG_MMR":"ဘိုတဲ","TS":"Shwebo","VT":"Lone Taw","sev":"severe"},"geometry":{"type":"Point","coordinates":[95.6476,22.4939]}},{"type":"Feature","properties":{"VILLAGE":"Lone Taw","VLG_MMR":"လုံးတော်","TS":"Shwebo","VT":"Lone Taw","sev":"severe"},"geometry":{"type":"Point","coordinates":[95.6364,22.494]}},{"type":"Feature","properties":{"VILLAGE":"Lone Taw (South)","VLG_MMR":"လုံးတော် (တောင်)","TS":"Shwebo","VT":"Lone Taw","sev":"severe"},"geometry":{"type":"Point","coordinates":[95.6374,22.4891]}},{"type":"Feature","properties":{"VILLAGE":"Sin Myay","VLG_MMR":"ဆင်မြေ","TS":"Shwebo","VT":"Lone Taw","sev":"severe"},"geometry":{"type":"Point","coordinates":[95.6465,22.483]}},{"type":"Feature","properties":{"VILLAGE":"Ma Au","VLG_MMR":"မအူ","TS":"Shwebo","VT":"Ma Au","sev":"severe"},"geometry":{"type":"Point","coordinates":[95.9024,22.6773]}},{"type":"Feature","properties":{"VILLAGE":"Seik Thar","VLG_MMR":"ဆိတ်သာ","TS":"Shwebo","VT":"Ma Au","sev":"severe"},"geometry":{"type":"Point","coordinates":[95.9178,22.6482]}},{"type":"Feature","properties":{"VILLAGE":"Ma Khauk","VLG_MMR":"မခေါက်","TS":"Shwebo","VT":"Ma Khauk","sev":"severe"},"geometry":{"type":"Point","coordinates":[95.9706,22.5474]}},{"type":"Feature","properties":{"VILLAGE":"Ma Lar","VLG_MMR":"မလား","TS":"Shwebo","VT":"Ma Lar","sev":"severe"},"geometry":{"type":"Point","coordinates":[95.9666,22.5695]}},{"type":"Feature","properties":{"VILLAGE":"Shwe Taik","VLG_MMR":"ရွှေတိုက်","TS":"Shwebo","VT":"Ma Lar","sev":"severe"},"geometry":{"type":"Point","coordinates":[95.9642,22.5734]}},{"type":"Feature","properties":{"VILLAGE":"Kin Pyar","VLG_MMR":"ကင်းပြား","TS":"Shwebo","VT":"Min Kone","sev":"severe"},"geometry":{"type":"Point","coordinates":[95.659,22.5631]}},{"type":"Feature","properties":{"VILLAGE":"Min Kone","VLG_MMR":"မင်းကုန်း","TS":"Shwebo","VT":"Min Kone","sev":"severe"},"geometry":{"type":"Point","coordinates":[95.6722,22.56]}},{"type":"Feature","properties":{"VILLAGE":"Oe Bo","VLG_MMR":"အိုးဘို","TS":"Shwebo","VT":"Min Kone","sev":"severe"},"geometry":{"type":"Point","coordinates":[95.6645,22.5569]}},{"type":"Feature","properties":{"VILLAGE":"Min Kyaung","VLG_MMR":"မင်းကျောင်း","TS":"Shwebo","VT":"Min Kyaung","sev":"severe"},"geometry":{"type":"Point","coordinates":[95.7461,22.5776]}},{"type":"Feature","properties":{"VILLAGE":"Myaung Gyi","VLG_MMR":"မြောင်းကြီး","TS":"Shwebo","VT":"Min Kyaung","sev":"severe"},"geometry":{"type":"Point","coordinates":[95.7329,22.594]}},{"type":"Feature","properties":{"VILLAGE":"Pa Goe Kone","VLG_MMR":"ပဂိုးကုန်း","TS":"Shwebo","VT":"Min Kyaung","sev":"severe"},"geometry":{"type":"Point","coordinates":[95.7317,22.5762]}},{"type":"Feature","properties":{"VILLAGE":"Myin Chin","VLG_MMR":"မြင်းချင်း","TS":"Shwebo","VT":"Myin Chin","sev":"severe"},"geometry":{"type":"Point","coordinates":[95.6319,22.5763]}},{"type":"Feature","properties":{"VILLAGE":"Zee Kone","VLG_MMR":"ဇီးကုန်း","TS":"Shwebo","VT":"Myin Chin","sev":"severe"},"geometry":{"type":"Point","coordinates":[95.637,22.5861]}},{"type":"Feature","properties":{"VILLAGE":"Myin See","VLG_MMR":"မြင်းစီး","TS":"Shwebo","VT":"Myin See","sev":"severe"},"geometry":{"type":"Point","coordinates":[95.5142,22.6379]}},{"type":"Feature","properties":{"VILLAGE":"Na Maw","VLG_MMR":"နမော","TS":"Shwebo","VT":"Na Maw","sev":"severe"},"geometry":{"type":"Point","coordinates":[95.7595,22.6583]}},{"type":"Feature","properties":{"VILLAGE":"Peik Taw","VLG_MMR":"ပိတ်တော","TS":"Shwebo","VT":"Na Maw","sev":"severe"},"geometry":{"type":"Point","coordinates":[95.7463,22.633]}},{"type":"Feature","properties":{"VILLAGE":"Te Gyi","VLG_MMR":"တဲကြီး","TS":"Shwebo","VT":"Na Maw","sev":"severe"},"geometry":{"type":"Point","coordinates":[95.7406,22.6553]}},{"type":"Feature","properties":{"VILLAGE":"Min Bay","VLG_MMR":"မင်းဘေး","TS":"Shwebo","VT":"Nyaung Kaing","sev":"severe"},"geometry":{"type":"Point","coordinates":[95.5094,22.5912]}},{"type":"Feature","properties":{"VILLAGE":"Nyaung Kaing","VLG_MMR":"ညောင်ကိုင်း","TS":"Shwebo","VT":"Nyaung Kaing","sev":"severe"},"geometry":{"type":"Point","coordinates":[95.4849,22.5834]}},{"type":"Feature","properties":{"VILLAGE":"Nyaung Pin Hla","VLG_MMR":"ညောင်ပင်လှ","TS":"Shwebo","VT":"Nyaung Kaing","sev":"severe"},"geometry":{"type":"Point","coordinates":[95.4888,22.5907]}},{"type":"Feature","properties":{"VILLAGE":"Tei Thee Taw","VLG_MMR":"တည်သီးတော","TS":"Shwebo","VT":"Nyaung Kaing","sev":"severe"},"geometry":{"type":"Point","coordinates":[95.5062,22.577]}},{"type":"Feature","properties":{"VILLAGE":"Nyaung Kan (North)","VLG_MMR":"ညောင်ကန် (မြောက်)","TS":"Shwebo","VT":"Nyaung Kan","sev":"severe"},"geometry":{"type":"Point","coordinates":[95.6379,22.6438]}},{"type":"Feature","properties":{"VILLAGE":"Nyaung Kan (South)","VLG_MMR":"ညောင်ကန် (တောင်)","TS":"Shwebo","VT":"Nyaung Kan","sev":"severe"},"geometry":{"type":"Point","coordinates":[95.6358,22.6393]}},{"type":"Feature","properties":{"VILLAGE":"Bo Te Kone","VLG_MMR":"ဘိုတဲကုန်း","TS":"Shwebo","VT":"Nyaung Pin Thar","sev":"severe"},"geometry":{"type":"Point","coordinates":[95.5486,22.664]}},{"type":"Feature","properties":{"VILLAGE":"In Pin Hla","VLG_MMR":"အင်ပင်လှ","TS":"Shwebo","VT":"Nyaung Pin Thar","sev":"severe"},"geometry":{"type":"Point","coordinates":[95.5359,22.6791]}},{"type":"Feature","properties":{"VILLAGE":"Kan Thar Kone","VLG_MMR":"ကန်သာကုန်း","TS":"Shwebo","VT":"Nyaung Pin Thar","sev":"severe"},"geometry":{"type":"Point","coordinates":[95.5442,22.6519]}},{"type":"Feature","properties":{"VILLAGE":"Kyee Kan","VLG_MMR":"ကျီးကန်","TS":"Shwebo","VT":"Nyaung Pin Thar","sev":"severe"},"geometry":{"type":"Point","coordinates":[95.551,22.6551]}},{"type":"Feature","properties":{"VILLAGE":"Nyaung Pin Thar (East)","VLG_MMR":"ညောင်ပင်သာ (အရှေ့)","TS":"Shwebo","VT":"Nyaung Pin Thar","sev":"severe"},"geometry":{"type":"Point","coordinates":[95.5476,22.6672]}},{"type":"Feature","properties":{"VILLAGE":"Nyaung Pin Thar (West)","VLG_MMR":"ညောင်ပင်သာ (အနောက်)","TS":"Shwebo","VT":"Nyaung Pin Thar","sev":"severe"},"geometry":{"type":"Point","coordinates":[95.5515,22.6615]}},{"type":"Feature","properties":{"VILLAGE":"Koe Pin","VLG_MMR":"ကိုးပင်","TS":"Shwebo","VT":"Ohn Pauk","sev":"severe"},"geometry":{"type":"Point","coordinates":[95.8401,22.6117]}},{"type":"Feature","properties":{"VILLAGE":"Maung Tet","VLG_MMR":"မောင်းတပ်","TS":"Shwebo","VT":"Ohn Pauk","sev":"severe"},"geometry":{"type":"Point","coordinates":[95.8476,22.5662]}},{"type":"Feature","properties":{"VILLAGE":"Ohn Pauk","VLG_MMR":"အုန်းပေါက်","TS":"Shwebo","VT":"Ohn Pauk","sev":"severe"},"geometry":{"type":"Point","coordinates":[95.8346,22.5784]}},{"type":"Feature","properties":{"VILLAGE":"Tei Pin","VLG_MMR":"တည်ပင်","TS":"Shwebo","VT":"Ohn Pauk","sev":"severe"},"geometry":{"type":"Point","coordinates":[95.8683,22.5975]}},{"type":"Feature","properties":{"VILLAGE":"Myaik","VLG_MMR":"မြိုက်","TS":"Shwebo","VT":"Oke Shit Kan","sev":"severe"},"geometry":{"type":"Point","coordinates":[95.6534,22.5803]}},{"type":"Feature","properties":{"VILLAGE":"Oke Shit Kan","VLG_MMR":"အုတ်ရှစ်ကန်","TS":"Shwebo","VT":"Oke Shit Kan","sev":"severe"},"geometry":{"type":"Point","coordinates":[95.6593,22.5797]}},{"type":"Feature","properties":{"VILLAGE":"Tha Pyay Thar","VLG_MMR":"သပြေသာ","TS":"Shwebo","VT":"Oke Shit Kan","sev":"severe"},"geometry":{"type":"Point","coordinates":[95.6555,22.5842]}},{"type":"Feature","properties":{"VILLAGE":"Pa Daung","VLG_MMR":"ပဒေါင်း","TS":"Shwebo","VT":"Pa Daung","sev":"severe"},"geometry":{"type":"Point","coordinates":[95.7263,22.5057]}},{"type":"Feature","properties":{"VILLAGE":"Gon Tan","VLG_MMR":"ဂုဏ်တန်","TS":"Shwebo","VT":"Pa Laing","sev":"severe"},"geometry":{"type":"Point","coordinates":[95.5919,22.4982]}},{"type":"Feature","properties":{"VILLAGE":"Me Taw","VLG_MMR":"မဲတော","TS":"Shwebo","VT":"Pa Laing","sev":"severe"},"geometry":{"type":"Point","coordinates":[95.6375,22.5156]}},{"type":"Feature","properties":{"VILLAGE":"Moke Si","VLG_MMR":"မုတ်ဆီ","TS":"Shwebo","VT":"Pa Laing","sev":"severe"},"geometry":{"type":"Point","coordinates":[95.6152,22.4883]}},{"type":"Feature","properties":{"VILLAGE":"Pa Laing","VLG_MMR":"ပလိုင်း","TS":"Shwebo","VT":"Pa Laing","sev":"severe"},"geometry":{"type":"Point","coordinates":[95.5953,22.4916]}},{"type":"Feature","properties":{"VILLAGE":"Ta Kan Thar","VLG_MMR":"တကန်သာ","TS":"Shwebo","VT":"Pa Laing","sev":"severe"},"geometry":{"type":"Point","coordinates":[95.5907,22.5007]}},{"type":"Feature","properties":{"VILLAGE":"Ywar Thar","VLG_MMR":"ရွာသာ","TS":"Shwebo","VT":"Pa Laing","sev":"severe"},"geometry":{"type":"Point","coordinates":[95.612,22.4896]}},{"type":"Feature","properties":{"VILLAGE":"Min Ga Lar","VLG_MMR":"မင်္ဂလာ","TS":"Shwebo","VT":"Pan Yan","sev":"severe"},"geometry":{"type":"Point","coordinates":[95.6167,22.6075]}},{"type":"Feature","properties":{"VILLAGE":"Pan Yan","VLG_MMR":"ပန်းရံ","TS":"Shwebo","VT":"Pan Yan","sev":"severe"},"geometry":{"type":"Point","coordinates":[95.609,22.6152]}},{"type":"Feature","properties":{"VILLAGE":"Pauk Ton","VLG_MMR":"ပေါက်တုံ","TS":"Shwebo","VT":"Pauk Ton","sev":"severe"},"geometry":{"type":"Point","coordinates":[95.732,22.5346]}},{"type":"Feature","properties":{"VILLAGE":"May Khun","VLG_MMR":"မေခွန်","TS":"Shwebo","VT":"Pi Tauk Khaung","sev":"severe"},"geometry":{"type":"Point","coordinates":[95.7035,22.6016]}},{"type":"Feature","properties":{"VILLAGE":"Mya Nanda","VLG_MMR":"မြနန္ဒာ","TS":"Shwebo","VT":"Pi Tauk Khaung","sev":"severe"},"geometry":{"type":"Point","coordinates":[95.6835,22.6179]}},{"type":"Feature","properties":{"VILLAGE":"Pi Tauk Khaung","VLG_MMR":"ပိတောက်ခေါင်း","TS":"Shwebo","VT":"Pi Tauk Khaung","sev":"severe"},"geometry":{"type":"Point","coordinates":[95.686,22.6125]}},{"type":"Feature","properties":{"VILLAGE":"Si Son Kone","VLG_MMR":"ဆီဆုံကုန်း","TS":"Shwebo","VT":"Pi Tauk Khaung","sev":"severe"},"geometry":{"type":"Point","coordinates":[95.711,22.6138]}},{"type":"Feature","properties":{"VILLAGE":"U Yin Taw (North)","VLG_MMR":"ဥယျာဉ်တော် (မြောက်)","TS":"Shwebo","VT":"Pi Tauk Khaung","sev":"severe"},"geometry":{"type":"Point","coordinates":[95.6903,22.5989]}},{"type":"Feature","properties":{"VILLAGE":"U Yin Taw (South)","VLG_MMR":"ဥယျာဉ်တော် (တောင်)","TS":"Shwebo","VT":"Pi Tauk Khaung","sev":"severe"},"geometry":{"type":"Point","coordinates":[95.6914,22.5962]}},{"type":"Feature","properties":{"VILLAGE":"Saung Tan","VLG_MMR":"စောင်တန်း","TS":"Shwebo","VT":"Saung Tan","sev":"severe"},"geometry":{"type":"Point","coordinates":[95.5611,22.5386]}},{"type":"Feature","properties":{"VILLAGE":"Se Pin Kyun","VLG_MMR":"ဆယ်ပင်ကျွန်း","TS":"Shwebo","VT":"Se Pin Kyun","sev":"severe"},"geometry":{"type":"Point","coordinates":[95.9843,22.5254]}},{"type":"Feature","properties":{"VILLAGE":"Bo Te Kone","VLG_MMR":"ဘိုတဲကုန်း","TS":"Shwebo","VT":"Seik Khun","sev":"severe"},"geometry":{"type":"Point","coordinates":[95.5945,22.5442]}},{"type":"Feature","properties":{"VILLAGE":"Nant Thar Kone","VLG_MMR":"နံ့သာကုန်း","TS":"Shwebo","VT":"Seik Khun","sev":"severe"},"geometry":{"type":"Point","coordinates":[95.5908,22.5582]}},{"type":"Feature","properties":{"VILLAGE":"Seik Khun","VLG_MMR":"ဆိပ်ခွန်","TS":"Shwebo","VT":"Seik Khun","sev":"severe"},"geometry":{"type":"Point","coordinates":[95.5917,22.5514]}},{"type":"Feature","properties":{"VILLAGE":"Seik Thar","VLG_MMR":"ဆိပ်သာ","TS":"Shwebo","VT":"Seik Khun","sev":"severe"},"geometry":{"type":"Point","coordinates":[95.5817,22.5597]}},{"type":"Feature","properties":{"VILLAGE":"Shar Taw","VLG_MMR":"ရှားတော","TS":"Shwebo","VT":"Shar Taw","sev":"severe"},"geometry":{"type":"Point","coordinates":[95.6956,22.5352]}},{"type":"Feature","properties":{"VILLAGE":"Shwe Gun","VLG_MMR":"ရွှေဂွန်","TS":"Shwebo","VT":"Shwe Gun","sev":"severe"},"geometry":{"type":"Point","coordinates":[95.9615,22.5759]}},{"type":"Feature","properties":{"VILLAGE":"Si Thar","VLG_MMR":"စီသာ","TS":"Shwebo","VT":"Si Thar","sev":"severe"},"geometry":{"type":"Point","coordinates":[95.6704,22.6432]}},{"type":"Feature","properties":{"VILLAGE":"Ma Au Pin","VLG_MMR":"မအူပင်","TS":"Shwebo","VT":"Sin Inn","sev":"severe"},"geometry":{"type":"Point","coordinates":[95.474,22.6345]}},{"type":"Feature","properties":{"VILLAGE":"Ma Au Pin (West)","VLG_MMR":"မအူပင် (အနောက်)","TS":"Shwebo","VT":"Sin Inn","sev":"severe"},"geometry":{"type":"Point","coordinates":[95.4663,22.6331]}},{"type":"Feature","properties":{"VILLAGE":"Sin Inn","VLG_MMR":"ဆင်အင်း","TS":"Shwebo","VT":"Sin Inn","sev":"severe"},"geometry":{"type":"Point","coordinates":[95.4847,22.6263]}},{"type":"Feature","properties":{"VILLAGE":"Min Bay","VLG_MMR":"မင်းဘေး","TS":"Shwebo","VT":"Sin Kut","sev":"severe"},"geometry":{"type":"Point","coordinates":[95.769,22.5657]}},{"type":"Feature","properties":{"VILLAGE":"Sin Kut (East)","VLG_MMR":"ဆင်းကွတ် (အရှေ့)","TS":"Shwebo","VT":"Sin Kut","sev":"severe"},"geometry":{"type":"Point","coordinates":[95.7729,22.5927]}},{"type":"Feature","properties":{"VILLAGE":"Sin Kut (West)","VLG_MMR":"ဆင်းကွတ် (အနောက်)","TS":"Shwebo","VT":"Sin Kut","sev":"severe"},"geometry":{"type":"Point","coordinates":[95.7599,22.5921]}},{"type":"Feature","properties":{"VILLAGE":"Sint Ton","VLG_MMR":"စဉ့်တုံ","TS":"Shwebo","VT":"Sint Ton","sev":"severe"},"geometry":{"type":"Point","coordinates":[95.6343,22.6719]}},{"type":"Feature","properties":{"VILLAGE":"Ta Ga Nan","VLG_MMR":"တဂဏန်း","TS":"Shwebo","VT":"Ta Ga Nan","sev":"severe"},"geometry":{"type":"Point","coordinates":[95.6853,22.5346]}},{"type":"Feature","properties":{"VILLAGE":"Nyaung Kan","VLG_MMR":"ညောင်ကန်","TS":"Shwebo","VT":"Ta Kan Thar","sev":"severe"},"geometry":{"type":"Point","coordinates":[95.7782,22.5222]}},{"type":"Feature","properties":{"VILLAGE":"Ta Kan Thar","VLG_MMR":"တကန်သာ","TS":"Shwebo","VT":"Ta Kan Thar","sev":"severe"},"geometry":{"type":"Point","coordinates":[95.7944,22.5251]}},{"type":"Feature","properties":{"VILLAGE":"Let Pan Kone","VLG_MMR":"လက်ပန်ကုန်း","TS":"Shwebo","VT":"Ta Khun Taing","sev":"severe"},"geometry":{"type":"Point","coordinates":[95.7096,22.5489]}},{"type":"Feature","properties":{"VILLAGE":"Nyaung Yin Kone","VLG_MMR":"ညောင်ရင်းကုန်း","TS":"Shwebo","VT":"Ta Khun Taing","sev":"severe"},"geometry":{"type":"Point","coordinates":[95.743,22.5362]}},{"type":"Feature","properties":{"VILLAGE":"Shwe Ku","VLG_MMR":"ရွှေကူ","TS":"Shwebo","VT":"Ta Khun Taing","sev":"severe"},"geometry":{"type":"Point","coordinates":[95.7505,22.5511]}},{"type":"Feature","properties":{"VILLAGE":"Ta Khun Taing","VLG_MMR":"တံခွန်တိုင်","TS":"Shwebo","VT":"Ta Khun Taing","sev":"severe"},"geometry":{"type":"Point","coordinates":[95.7391,22.5443]}},{"type":"Feature","properties":{"VILLAGE":"Ta Ohn","VLG_MMR":"တအုံ","TS":"Shwebo","VT":"Ta Ohn","sev":"severe"},"geometry":{"type":"Point","coordinates":[95.7982,22.5765]}},{"type":"Feature","properties":{"VILLAGE":"Taung Tin","VLG_MMR":"တောင်တင်း","TS":"Shwebo","VT":"Taung Tin","sev":"severe"},"geometry":{"type":"Point","coordinates":[95.715,22.5176]}},{"type":"Feature","properties":{"VILLAGE":"Htu Gyi (North)","VLG_MMR":"ထူးကြီး (မြောက်)","TS":"Shwebo","VT":"Tei Pin","sev":"severe"},"geometry":{"type":"Point","coordinates":[95.5366,22.5294]}},{"type":"Feature","properties":{"VILLAGE":"Htu Gyi (South)","VLG_MMR":"ထူးကြီး (တောင်)","TS":"Shwebo","VT":"Tei Pin","sev":"severe"},"geometry":{"type":"Point","coordinates":[95.5346,22.5234]}},{"type":"Feature","properties":{"VILLAGE":"Si Pin Thar","VLG_MMR":"စီပင်သာ","TS":"Shwebo","VT":"Tei Pin","sev":"severe"},"geometry":{"type":"Point","coordinates":[95.5371,22.5179]}},{"type":"Feature","properties":{"VILLAGE":"Tei Pin","VLG_MMR":"တည်ပင်","TS":"Shwebo","VT":"Tei Pin","sev":"severe"},"geometry":{"type":"Point","coordinates":[95.8689,22.5943]}},{"type":"Feature","properties":{"VILLAGE":"Tei Pin","VLG_MMR":"တယ်ပင်","TS":"Shwebo","VT":"Tei Pin","sev":"severe"},"geometry":{"type":"Point","coordinates":[95.5292,22.527]}},{"type":"Feature","properties":{"VILLAGE":"Tha Pyay Kan","VLG_MMR":"သပြေကန်","TS":"Shwebo","VT":"Tei Pin","sev":"severe"},"geometry":{"type":"Point","coordinates":[95.523,22.5446]}},{"type":"Feature","properties":{"VILLAGE":"Than Pu Yar Chan","VLG_MMR":"သံပုရာခြံ","TS":"Shwebo","VT":"Tei Pin","sev":"severe"},"geometry":{"type":"Point","coordinates":[95.5365,22.5005]}},{"type":"Feature","properties":{"VILLAGE":"Yae Kyi Wa","VLG_MMR":"ရေကြည်ဝ","TS":"Shwebo","VT":"Tei Pin","sev":"severe"},"geometry":{"type":"Point","coordinates":[95.5062,22.522]}},{"type":"Feature","properties":{"VILLAGE":"Tet Tu","VLG_MMR":"တက်တူ","TS":"Shwebo","VT":"Tet Tu","sev":"severe"},"geometry":{"type":"Point","coordinates":[95.5791,22.5121]}},{"type":"Feature","properties":{"VILLAGE":"In Gyin Pin","VLG_MMR":"အင်ကြင်းပင်","TS":"Shwebo","VT":"Tha But Taw","sev":"severe"},"geometry":{"type":"Point","coordinates":[95.4814,22.6623]}},{"type":"Feature","properties":{"VILLAGE":"Ta Nyin Kone","VLG_MMR":"တညင်ကုန်း","TS":"Shwebo","VT":"Tha But Taw","sev":"severe"},"geometry":{"type":"Point","coordinates":[95.4527,22.6593]}},{"type":"Feature","properties":{"VILLAGE":"Tha But Taw (East)","VLG_MMR":"သဘွတ်တော (အရှေ့)","TS":"Shwebo","VT":"Tha But Taw","sev":"severe"},"geometry":{"type":"Point","coordinates":[95.4658,22.6639]}},{"type":"Feature","properties":{"VILLAGE":"Tha But Taw (West)","VLG_MMR":"သဘွတ်တော (အနောက်)","TS":"Shwebo","VT":"Tha But Taw","sev":"severe"},"geometry":{"type":"Point","coordinates":[95.4589,22.6669]}},{"type":"Feature","properties":{"VILLAGE":"Tha Lone","VLG_MMR":"သလုံး","TS":"Shwebo","VT":"Tha Lone","sev":"severe"},"geometry":{"type":"Point","coordinates":[95.5941,22.6029]}},{"type":"Feature","properties":{"VILLAGE":"Kone Gyi","VLG_MMR":"ကုန်းကြီး","TS":"Shwebo","VT":"Tha Pyay Thit Cho","sev":"severe"},"geometry":{"type":"Point","coordinates":[95.76,22.538]}},{"type":"Feature","properties":{"VILLAGE":"Tha Pyay Thit Cho","VLG_MMR":"သပြေသစ်ချို","TS":"Shwebo","VT":"Tha Pyay Thit Cho","sev":"severe"},"geometry":{"type":"Point","coordinates":[95.7605,22.5445]}},{"type":"Feature","properties":{"VILLAGE":"Saing Doe","VLG_MMR":"စိုင်ဒိုး","TS":"Shwebo","VT":"Tha Yet Pin Wun","sev":"severe"},"geometry":{"type":"Point","coordinates":[95.5004,22.6636]}},{"type":"Feature","properties":{"VILLAGE":"Tha Yet Pin Wun","VLG_MMR":"သရက်ပင်ဝန်း","TS":"Shwebo","VT":"Tha Yet Pin Wun","sev":"severe"},"geometry":{"type":"Point","coordinates":[95.4946,22.677]}},{"type":"Feature","properties":{"VILLAGE":"Kyaung Man Kan","VLG_MMR":"ကြောင်မန်းကန်","TS":"Shwebo","VT":"Thit Cho Pin","sev":"severe"},"geometry":{"type":"Point","coordinates":[95.7788,22.5122]}},{"type":"Feature","properties":{"VILLAGE":"Taik Ka Taw","VLG_MMR":"တိုက်ကတော","TS":"Shwebo","VT":"Thit Cho Pin","sev":"severe"},"geometry":{"type":"Point","coordinates":[95.7727,22.5234]}},{"type":"Feature","properties":{"VILLAGE":"Thit Cho Pin","VLG_MMR":"သစ်ချိုပင်","TS":"Shwebo","VT":"Thit Cho Pin","sev":"severe"},"geometry":{"type":"Point","coordinates":[95.7578,22.5213]}},{"type":"Feature","properties":{"VILLAGE":"Kyauk Myint","VLG_MMR":"ကျောက်မြင့်","TS":"Shwebo","VT":"Tint Tei","sev":"severe"},"geometry":{"type":"Point","coordinates":[95.608,22.5814]}},{"type":"Feature","properties":{"VILLAGE":"Tint Tei","VLG_MMR":"တင့်တယ်","TS":"Shwebo","VT":"Tint Tei","sev":"severe"},"geometry":{"type":"Point","coordinates":[95.6069,22.5725]}},{"type":"Feature","properties":{"VILLAGE":"War Yon Kan","VLG_MMR":"ဝါးရုံကန်","TS":"Shwebo","VT":"War Yon Kan","sev":"severe"},"geometry":{"type":"Point","coordinates":[95.556,22.5103]}},{"type":"Feature","properties":{"VILLAGE":"Wun Si","VLG_MMR":"ဝန်းစီ","TS":"Shwebo","VT":"Wun Si","sev":"severe"},"geometry":{"type":"Point","coordinates":[95.5591,22.4623]}},{"type":"Feature","properties":{"VILLAGE":"Yae Taw Mu","VLG_MMR":"ရေတော်မူ","TS":"Shwebo","VT":"Wun Si","sev":"severe"},"geometry":{"type":"Point","coordinates":[95.5552,22.487]}},{"type":"Feature","properties":{"VILLAGE":"Yin Bar","VLG_MMR":"ရင်းဘာ","TS":"Shwebo","VT":"Yin Bar","sev":"severe"},"geometry":{"type":"Point","coordinates":[95.697,22.4973]}},{"type":"Feature","properties":{"VILLAGE":"Kyaung Shar Taw","VLG_MMR":"ကြောင်ရှာတော","TS":"Shwebo","VT":"Yone Taw","sev":"severe"},"geometry":{"type":"Point","coordinates":[95.4872,22.5378]}},{"type":"Feature","properties":{"VILLAGE":"Yone Taw","VLG_MMR":"ရုံးတော","TS":"Shwebo","VT":"Yone Taw","sev":"severe"},"geometry":{"type":"Point","coordinates":[95.4774,22.5528]}},{"type":"Feature","properties":{"VILLAGE":"Pauk Chaing","VLG_MMR":"ပေါက်ချိုင်","TS":"Shwebo","VT":"Ywar Soe","sev":"severe"},"geometry":{"type":"Point","coordinates":[95.5284,22.5632]}},{"type":"Feature","properties":{"VILLAGE":"Ywar Soe","VLG_MMR":"ရွာဆိုး","TS":"Shwebo","VT":"Ywar Soe","sev":"severe"},"geometry":{"type":"Point","coordinates":[95.5475,22.5701]}},{"type":"Feature","properties":{"VILLAGE":"Aung Chan Thar","VLG_MMR":"အောင်ချမ်းသာ","TS":"Shwebo","VT":"Ywar Taw","sev":"severe"},"geometry":{"type":"Point","coordinates":[95.6392,22.6217]}},{"type":"Feature","properties":{"VILLAGE":"Kone Thar","VLG_MMR":"ကုန်းသာ","TS":"Shwebo","VT":"Ywar Taw","sev":"severe"},"geometry":{"type":"Point","coordinates":[95.6378,22.6138]}},{"type":"Feature","properties":{"VILLAGE":"Ywar Taw","VLG_MMR":"ရွာတော်","TS":"Shwebo","VT":"Ywar Taw","sev":"severe"},"geometry":{"type":"Point","coordinates":[95.633,22.6076]}},{"type":"Feature","properties":{"VILLAGE":"Myo Thar","VLG_MMR":"မြို့သာ","TS":"Shwebo","VT":"Zee Hpyu Kone","sev":"severe"},"geometry":{"type":"Point","coordinates":[95.5355,22.6063]}},{"type":"Feature","properties":{"VILLAGE":"Zee Hpyu Kone","VLG_MMR":"ဇီးဖြူကုန်း","TS":"Shwebo","VT":"Zee Hpyu Kone","sev":"severe"},"geometry":{"type":"Point","coordinates":[95.5578,22.5896]}},{"type":"Feature","properties":{"VILLAGE":"Zee Taw (North)","VLG_MMR":"ဇီးတော (မြောက်)","TS":"Shwebo","VT":"Zee Taw","sev":"severe"},"geometry":{"type":"Point","coordinates":[95.6723,22.5236]}},{"type":"Feature","properties":{"VILLAGE":"Zee Taw (South)","VLG_MMR":"ဇီးတော (တောင်)","TS":"Shwebo","VT":"Zee Taw","sev":"severe"},"geometry":{"type":"Point","coordinates":[95.6744,22.5186]}},{"type":"Feature","properties":{"VILLAGE":"Aye Thar Yar","VLG_MMR":"အေးသာယာ","TS":"Tabayin","VT":"Aye Thar Yar","sev":"critical"},"geometry":{"type":"Point","coordinates":[95.2668,22.6164]}},{"type":"Feature","properties":{"VILLAGE":"Na Be Hla","VLG_MMR":"နဘဲလှ","TS":"Tabayin","VT":"Aye Thar Yar","sev":"critical"},"geometry":{"type":"Point","coordinates":[95.2877,22.6152]}},{"type":"Feature","properties":{"VILLAGE":"Bagan","VLG_MMR":"ပုဂံ","TS":"Tabayin","VT":"Bagan","sev":"critical"},"geometry":{"type":"Point","coordinates":[95.3224,22.63]}},{"type":"Feature","properties":{"VILLAGE":"Hnaw Pin","VLG_MMR":"နှောပင်","TS":"Tabayin","VT":"Bagan","sev":"critical"},"geometry":{"type":"Point","coordinates":[95.3207,22.6401]}},{"type":"Feature","properties":{"VILLAGE":"Boke Htan","VLG_MMR":"ဘုတ်ထမ်း","TS":"Tabayin","VT":"Chon Ywar","sev":"critical"},"geometry":{"type":"Point","coordinates":[95.2015,22.6391]}},{"type":"Feature","properties":{"VILLAGE":"Chon Ywar","VLG_MMR":"ခြုံရွာ","TS":"Tabayin","VT":"Chon Ywar","sev":"critical"},"geometry":{"type":"Point","coordinates":[95.2074,22.636]}},{"type":"Feature","properties":{"VILLAGE":"Oe Htein Kwin (North)","VLG_MMR":"အိုးထိမ်းကွင်း (မြောက်)","TS":"Tabayin","VT":"Chon Ywar","sev":"critical"},"geometry":{"type":"Point","coordinates":[95.2094,22.6518]}},{"type":"Feature","properties":{"VILLAGE":"Oe Htein Kwin (South)","VLG_MMR":"အိုးထိမ်းကွင်း (တောင်)","TS":"Tabayin","VT":"Chon Ywar","sev":"critical"},"geometry":{"type":"Point","coordinates":[95.2077,22.6488]}},{"type":"Feature","properties":{"VILLAGE":"Daing Nat","VLG_MMR":"ဒိုင်နတ်","TS":"Tabayin","VT":"Daing Nat","sev":"critical"},"geometry":{"type":"Point","coordinates":[95.3961,22.5924]}},{"type":"Feature","properties":{"VILLAGE":"Kyi Ywar Kone","VLG_MMR":"ကြည်ရွာကုန်း","TS":"Tabayin","VT":"Daing Nat","sev":"critical"},"geometry":{"type":"Point","coordinates":[95.3735,22.5728]}},{"type":"Feature","properties":{"VILLAGE":"Myin Tan Kyay","VLG_MMR":"မြင်းတံကျေး","TS":"Tabayin","VT":"Daing Nat","sev":"critical"},"geometry":{"type":"Point","coordinates":[95.3925,22.576]}},{"type":"Feature","properties":{"VILLAGE":"Ein Yar","VLG_MMR":"အိမ်ယာ","TS":"Tabayin","VT":"Ein Yar","sev":"critical"},"geometry":{"type":"Point","coordinates":[95.2616,22.549]}},{"type":"Feature","properties":{"VILLAGE":"Yin Ye","VLG_MMR":"ယင်းရဲ","TS":"Tabayin","VT":"Ein Yar","sev":"critical"},"geometry":{"type":"Point","coordinates":[95.2793,22.5416]}},{"type":"Feature","properties":{"VILLAGE":"Ywar Shey","VLG_MMR":"ရွာရှည်","TS":"Tabayin","VT":"Ein Yar","sev":"critical"},"geometry":{"type":"Point","coordinates":[95.2704,22.5667]}},{"type":"Feature","properties":{"VILLAGE":"Htan Ta Pin","VLG_MMR":"ထန်းတပင်","TS":"Tabayin","VT":"Htan Ta Pin","sev":"critical"},"geometry":{"type":"Point","coordinates":[95.3907,22.4965]}},{"type":"Feature","properties":{"VILLAGE":"Dan Pin","VLG_MMR":"ဒန်းပင်","TS":"Tabayin","VT":"Htone Bo","sev":"critical"},"geometry":{"type":"Point","coordinates":[95.3055,22.5533]}},{"type":"Feature","properties":{"VILLAGE":"Htone Bo","VLG_MMR":"ထုံးဘို","TS":"Tabayin","VT":"Htone Bo","sev":"critical"},"geometry":{"type":"Point","coordinates":[95.2977,22.5444]}},{"type":"Feature","properties":{"VILLAGE":"Ku Lar Kone","VLG_MMR":"ကုလားကုန်း","TS":"Tabayin","VT":"Htone Bo","sev":"critical"},"geometry":{"type":"Point","coordinates":[95.3119,22.555]}},{"type":"Feature","properties":{"VILLAGE":"Kyun Yin","VLG_MMR":"ကျွန်းရင်း","TS":"Tabayin","VT":"Htone Bo","sev":"critical"},"geometry":{"type":"Point","coordinates":[95.3035,22.5499]}},{"type":"Feature","properties":{"VILLAGE":"Chaung Yoe","VLG_MMR":"ချောင်းရိုး","TS":"Tabayin","VT":"In Boke","sev":"critical"},"geometry":{"type":"Point","coordinates":[95.242,22.687]}},{"type":"Feature","properties":{"VILLAGE":"In Boke","VLG_MMR":"အင်ဘုတ်","TS":"Tabayin","VT":"In Boke","sev":"critical"},"geometry":{"type":"Point","coordinates":[95.2326,22.6731]}},{"type":"Feature","properties":{"VILLAGE":"Kone Yoe","VLG_MMR":"ကုန်းရိုး","TS":"Tabayin","VT":"In Boke","sev":"critical"},"geometry":{"type":"Point","coordinates":[95.2221,22.6862]}},{"type":"Feature","properties":{"VILLAGE":"Ohn Chan","VLG_MMR":"အုန်းခြံ","TS":"Tabayin","VT":"In Boke","sev":"critical"},"geometry":{"type":"Point","coordinates":[95.2411,22.6821]}},{"type":"Feature","properties":{"VILLAGE":"Sin Nar Daung","VLG_MMR":"ဆင်နားဋောင်း","TS":"Tabayin","VT":"In Boke","sev":"critical"},"geometry":{"type":"Point","coordinates":[95.2568,22.6732]}},{"type":"Feature","properties":{"VILLAGE":"Thar Yar Aye","VLG_MMR":"သာယာအေး","TS":"Tabayin","VT":"In Boke","sev":"critical"},"geometry":{"type":"Point","coordinates":[95.2437,22.6761]}},{"type":"Feature","properties":{"VILLAGE":"Win Yan","VLG_MMR":"ဝင်းရံ","TS":"Tabayin","VT":"In Boke","sev":"critical"},"geometry":{"type":"Point","coordinates":[95.2294,22.6853]}},{"type":"Feature","properties":{"VILLAGE":"In Gyin Pin","VLG_MMR":"အင်ကြင်းပင်","TS":"Tabayin","VT":"In Gyin Pin","sev":"critical"},"geometry":{"type":"Point","coordinates":[95.0843,22.7107]}},{"type":"Feature","properties":{"VILLAGE":"Se Lel","VLG_MMR":"ဆယ်လယ်","TS":"Tabayin","VT":"In Gyin Pin","sev":"critical"},"geometry":{"type":"Point","coordinates":[95.0603,22.6784]}},{"type":"Feature","properties":{"VILLAGE":"In Gyin Tha Poe","VLG_MMR":"အင်ကြင်းသပိုး","TS":"Tabayin","VT":"In Gyin Tha Poe","sev":"critical"},"geometry":{"type":"Point","coordinates":[95.049,22.629]}},{"type":"Feature","properties":{"VILLAGE":"Sat Thwar","VLG_MMR":"ဆပ်သွား","TS":"Tabayin","VT":"In Gyin Tha Poe","sev":"critical"},"geometry":{"type":"Point","coordinates":[95.0086,22.641]}},{"type":"Feature","properties":{"VILLAGE":"In Pin","VLG_MMR":"အင်ပင်","TS":"Tabayin","VT":"In Pin","sev":"critical"},"geometry":{"type":"Point","coordinates":[95.3542,22.5354]}},{"type":"Feature","properties":{"VILLAGE":"Ywar Din Kyay","VLG_MMR":"ရွာဒင်ကျေး","TS":"Tabayin","VT":"In Pin","sev":"critical"},"geometry":{"type":"Point","coordinates":[95.3607,22.535]}},{"type":"Feature","properties":{"VILLAGE":"Gaung Sa Ma","VLG_MMR":"ဂေါင်းစမ","TS":"Tabayin","VT":"In Taing Gyi","sev":"critical"},"geometry":{"type":"Point","coordinates":[95.1823,22.7391]}},{"type":"Feature","properties":{"VILLAGE":"Hlaik Twin","VLG_MMR":"လှိုက်တွင်း","TS":"Tabayin","VT":"In Taing Gyi","sev":"critical"},"geometry":{"type":"Point","coordinates":[95.2296,22.7469]}},{"type":"Feature","properties":{"VILLAGE":"In Kyin Kone","VLG_MMR":"အင်ကျင်းကုန်း","TS":"Tabayin","VT":"In Taing Gyi","sev":"critical"},"geometry":{"type":"Point","coordinates":[95.2147,22.752]}},{"type":"Feature","properties":{"VILLAGE":"In Taing Gyi","VLG_MMR":"အင်တိုင်းကြီး","TS":"Tabayin","VT":"In Taing Gyi","sev":"critical"},"geometry":{"type":"Point","coordinates":[95.2189,22.7462]}},{"type":"Feature","properties":{"VILLAGE":"Kyar Thay","VLG_MMR":"ကျားသေ","TS":"Tabayin","VT":"In Taing Gyi","sev":"critical"},"geometry":{"type":"Point","coordinates":[95.2123,22.7411]}},{"type":"Feature","properties":{"VILLAGE":"Lel Thit Taw","VLG_MMR":"လယ်သစ်တော","TS":"Tabayin","VT":"In Taing Gyi","sev":"critical"},"geometry":{"type":"Point","coordinates":[95.2225,22.7403]}},{"type":"Feature","properties":{"VILLAGE":"Mauk Lone Tin","VLG_MMR":"မောက်လုံးတင်","TS":"Tabayin","VT":"In Taing Gyi","sev":"critical"},"geometry":{"type":"Point","coordinates":[95.22,22.7491]}},{"type":"Feature","properties":{"VILLAGE":"Aing Pauk Taw","VLG_MMR":"အိုင်ပေါက်တော","TS":"Tabayin","VT":"In Taing Lay","sev":"critical"},"geometry":{"type":"Point","coordinates":[95.258,22.6882]}},{"type":"Feature","properties":{"VILLAGE":"Chaung Nar","VLG_MMR":"ချောင်းနား","TS":"Tabayin","VT":"In Taing Lay","sev":"critical"},"geometry":{"type":"Point","coordinates":[95.2743,22.6978]}},{"type":"Feature","properties":{"VILLAGE":"In Pin","VLG_MMR":"အင်ပင်","TS":"Tabayin","VT":"In Taing Lay","sev":"critical"},"geometry":{"type":"Point","coordinates":[95.2851,22.7043]}},{"type":"Feature","properties":{"VILLAGE":"In Taing Lay","VLG_MMR":"အင်တိုင်းလေး","TS":"Tabayin","VT":"In Taing Lay","sev":"critical"},"geometry":{"type":"Point","coordinates":[95.2645,22.6993]}},{"type":"Feature","properties":{"VILLAGE":"Mi Nyo Kone","VLG_MMR":"မိညိုကုန်း","TS":"Tabayin","VT":"In Taing Lay","sev":"critical"},"geometry":{"type":"Point","coordinates":[95.2579,22.7096]}},{"type":"Feature","properties":{"VILLAGE":"Nga Wea Taw","VLG_MMR":"ငဝဲတော","TS":"Tabayin","VT":"In Taing Lay","sev":"critical"},"geometry":{"type":"Point","coordinates":[95.2742,22.6857]}},{"type":"Feature","properties":{"VILLAGE":"Kaing Kan","VLG_MMR":"ကိုင်းကံ","TS":"Tabayin","VT":"Kaing Kan","sev":"critical"},"geometry":{"type":"Point","coordinates":[95.3772,22.5191]}},{"type":"Feature","properties":{"VILLAGE":"Khun Taung","VLG_MMR":"ခွန်တောင်း","TS":"Tabayin","VT":"Khun Taung","sev":"critical"},"geometry":{"type":"Point","coordinates":[95.3427,22.6376]}},{"type":"Feature","properties":{"VILLAGE":"Pin Si","VLG_MMR":"ပင်စီ","TS":"Tabayin","VT":"Khun Taung","sev":"critical"},"geometry":{"type":"Point","coordinates":[95.3518,22.6646]}},{"type":"Feature","properties":{"VILLAGE":"Kya Khat","VLG_MMR":"ကျခတ်","TS":"Tabayin","VT":"Kya Khat","sev":"critical"},"geometry":{"type":"Point","coordinates":[95.2695,22.5963]}},{"type":"Feature","properties":{"VILLAGE":"Gway Pin Kone","VLG_MMR":"ဂွေးပင်ကုန်း","TS":"Tabayin","VT":"Kyauk Hpyar","sev":"critical"},"geometry":{"type":"Point","coordinates":[95.2364,22.5899]}},{"type":"Feature","properties":{"VILLAGE":"Kyauk Hpyar","VLG_MMR":"ကျောက်ဖျာ","TS":"Tabayin","VT":"Kyauk Hpyar","sev":"critical"},"geometry":{"type":"Point","coordinates":[95.2634,22.5798]}},{"type":"Feature","properties":{"VILLAGE":"Saing Pyin (Kwet Thit)","VLG_MMR":"စိုင်ပြင်ကွက်သစ်","TS":"Tabayin","VT":"Kyauk Hpyar","sev":"critical"},"geometry":{"type":"Point","coordinates":[95.2355,22.5673]}},{"type":"Feature","properties":{"VILLAGE":"Saing Pyin Zay Thit","VLG_MMR":"စိုင်းပြင်စျေးသစ်","TS":"Tabayin","VT":"Kyauk Hpyar","sev":"critical"},"geometry":{"type":"Point","coordinates":[95.2413,22.5657]}},{"type":"Feature","properties":{"VILLAGE":"Shwe Dar Kan","VLG_MMR":"ရွှေဒါးကန်","TS":"Tabayin","VT":"Kyauk Hpyar","sev":"critical"},"geometry":{"type":"Point","coordinates":[95.2573,22.5864]}},{"type":"Feature","properties":{"VILLAGE":"Taw Lel","VLG_MMR":"တောလည်","TS":"Tabayin","VT":"Kyauk Hpyar","sev":"critical"},"geometry":{"type":"Point","coordinates":[95.2059,22.5583]}},{"type":"Feature","properties":{"VILLAGE":"Tha Yet Khaung","VLG_MMR":"သရက်ခေါင်း","TS":"Tabayin","VT":"Kyauk Hpyar","sev":"critical"},"geometry":{"type":"Point","coordinates":[95.2525,22.568]}},{"type":"Feature","properties":{"VILLAGE":"Kyi","VLG_MMR":"ကြည်","TS":"Tabayin","VT":"Kyi","sev":"critical"},"geometry":{"type":"Point","coordinates":[95.266,22.6494]}},{"type":"Feature","properties":{"VILLAGE":"Thar Si","VLG_MMR":"သာစည်","TS":"Tabayin","VT":"Kyi","sev":"critical"},"geometry":{"type":"Point","coordinates":[95.2718,22.6469]}},{"type":"Feature","properties":{"VILLAGE":"Kan Thar","VLG_MMR":"ကံသာ","TS":"Tabayin","VT":"Let Hloke","sev":"critical"},"geometry":{"type":"Point","coordinates":[95.548,22.4826]}},{"type":"Feature","properties":{"VILLAGE":"Let Hloke","VLG_MMR":"လက်လှုပ်","TS":"Tabayin","VT":"Let Hloke","sev":"critical"},"geometry":{"type":"Point","coordinates":[95.5226,22.481]}},{"type":"Feature","properties":{"VILLAGE":"Let Hloke (North)","VLG_MMR":"လက်လှုပ် ( မြောက် )","TS":"Tabayin","VT":"Let Hloke","sev":"critical"},"geometry":{"type":"Point","coordinates":[95.5229,22.4968]}},{"type":"Feature","properties":{"VILLAGE":"Nyaung Pin Thar","VLG_MMR":"ညောင်ပင်သာ","TS":"Tabayin","VT":"Let Hloke","sev":"critical"},"geometry":{"type":"Point","coordinates":[95.5226,22.4911]}},{"type":"Feature","properties":{"VILLAGE":"Sin Chun","VLG_MMR":"ဆင်ချွန်","TS":"Tabayin","VT":"Let Hloke","sev":"critical"},"geometry":{"type":"Point","coordinates":[95.549,22.4655]}},{"type":"Feature","properties":{"VILLAGE":"Thit Seint","VLG_MMR":"သစ်ဆိမ့်","TS":"Tabayin","VT":"Let Hloke","sev":"critical"},"geometry":{"type":"Point","coordinates":[95.5503,22.4784]}},{"type":"Feature","properties":{"VILLAGE":"Let Tee","VLG_MMR":"လက်တီး","TS":"Tabayin","VT":"Let Tee","sev":"critical"},"geometry":{"type":"Point","coordinates":[95.311,22.6499]}},{"type":"Feature","properties":{"VILLAGE":"Let Yet Kone","VLG_MMR":"လက်ယက်ကုန်း","TS":"Tabayin","VT":"Let Yet Kone","sev":"critical"},"geometry":{"type":"Point","coordinates":[95.4024,22.6768]}},{"type":"Feature","properties":{"VILLAGE":"Mu Ka Twin","VLG_MMR":"မူးကတွင်း","TS":"Tabayin","VT":"Let Yet Kone","sev":"critical"},"geometry":{"type":"Point","coordinates":[95.4051,22.667]}},{"type":"Feature","properties":{"VILLAGE":"Nyaung Gyi Kone","VLG_MMR":"ညောင်ကြီးကုန်း","TS":"Tabayin","VT":"Let Yet Kone","sev":"critical"},"geometry":{"type":"Point","coordinates":[95.3951,22.6709]}},{"type":"Feature","properties":{"VILLAGE":"Ah Ba Ya","VLG_MMR":"အဘယ","TS":"Tabayin","VT":"Ma Gyi Oke","sev":"critical"},"geometry":{"type":"Point","coordinates":[95.3723,22.4932]}},{"type":"Feature","properties":{"VILLAGE":"Ma Gyi Oke","VLG_MMR":"မကြီးအုပ်","TS":"Tabayin","VT":"Ma Gyi Oke","sev":"critical"},"geometry":{"type":"Point","coordinates":[95.3852,22.5029]}},{"type":"Feature","properties":{"VILLAGE":"Zee Hpyu Kone","VLG_MMR":"ဇီးဖြူကုန်း","TS":"Tabayin","VT":"Ma Gyi Oke","sev":"critical"},"geometry":{"type":"Point","coordinates":[95.3724,22.4956]}},{"type":"Feature","properties":{"VILLAGE":"Ma Gyi Zauk","VLG_MMR":"မကြီးဇောက်","TS":"Tabayin","VT":"Ma Gyi Zauk","sev":"critical"},"geometry":{"type":"Point","coordinates":[95.2466,22.6153]}},{"type":"Feature","properties":{"VILLAGE":"In Pin","VLG_MMR":"အင်ပင်","TS":"Tabayin","VT":"Ma Ya Kan","sev":"critical"},"geometry":{"type":"Point","coordinates":[95.4148,22.6001]}},{"type":"Feature","properties":{"VILLAGE":"Kone Te","VLG_MMR":"ကုန်းတဲ","TS":"Tabayin","VT":"Ma Ya Kan","sev":"critical"},"geometry":{"type":"Point","coordinates":[95.4097,22.6077]}},{"type":"Feature","properties":{"VILLAGE":"Ma Ya Kan","VLG_MMR":"မရကန်","TS":"Tabayin","VT":"Ma Ya Kan","sev":"critical"},"geometry":{"type":"Point","coordinates":[95.3967,22.6247]}},{"type":"Feature","properties":{"VILLAGE":"Ohn Khar","VLG_MMR":"အုံးခါး","TS":"Tabayin","VT":"Ma Ya Kan","sev":"critical"},"geometry":{"type":"Point","coordinates":[95.4061,22.6212]}},{"type":"Feature","properties":{"VILLAGE":"Thit Ton","VLG_MMR":"သစ်တုံ","TS":"Tabayin","VT":"Ma Ya Kan","sev":"critical"},"geometry":{"type":"Point","coordinates":[95.405,22.6433]}},{"type":"Feature","properties":{"VILLAGE":"Me Oe","VLG_MMR":"မဲအိုး","TS":"Tabayin","VT":"Me Oe","sev":"critical"},"geometry":{"type":"Point","coordinates":[95.3889,22.6768]}},{"type":"Feature","properties":{"VILLAGE":"Hpoke Tan Taw","VLG_MMR":"ဖုတ္တန်းတော","TS":"Tabayin","VT":"Mi Chaung Aing","sev":"critical"},"geometry":{"type":"Point","coordinates":[95.4591,22.5005]}},{"type":"Feature","properties":{"VILLAGE":"Mi Chaung Aing","VLG_MMR":"မိချောင်းအိုင်","TS":"Tabayin","VT":"Mi Chaung Aing","sev":"critical"},"geometry":{"type":"Point","coordinates":[95.4744,22.5009]}},{"type":"Feature","properties":{"VILLAGE":"Min Swe Hnit","VLG_MMR":"မင်းဆွေနှစ်","TS":"Tabayin","VT":"Min Swe Hnit","sev":"critical"},"geometry":{"type":"Point","coordinates":[95.2798,22.5713]}},{"type":"Feature","properties":{"VILLAGE":"Ta Nei Gyi Kone","VLG_MMR":"တနယ်ကြီးကုန်း","TS":"Tabayin","VT":"Min Swe Hnit","sev":"critical"},"geometry":{"type":"Point","coordinates":[95.3208,22.5869]}},{"type":"Feature","properties":{"VILLAGE":"Ka Lant","VLG_MMR":"ကလန့်","TS":"Tabayin","VT":"Min Te Kone","sev":"critical"},"geometry":{"type":"Point","coordinates":[95.2035,22.5877]}},{"type":"Feature","properties":{"VILLAGE":"Min Te Kone","VLG_MMR":"မင်းတဲကုန်း","TS":"Tabayin","VT":"Min Te Kone","sev":"critical"},"geometry":{"type":"Point","coordinates":[95.2185,22.5955]}},{"type":"Feature","properties":{"VILLAGE":"Shan Taw","VLG_MMR":"ရှမ်းတော","TS":"Tabayin","VT":"Min Te Kone","sev":"critical"},"geometry":{"type":"Point","coordinates":[95.1977,22.6046]}},{"type":"Feature","properties":{"VILLAGE":"Mu Kan","VLG_MMR":"မူးကမ်း","TS":"Tabayin","VT":"Mu Kan","sev":"critical"},"geometry":{"type":"Point","coordinates":[95.4966,22.511]}},{"type":"Feature","properties":{"VILLAGE":"Mu Thit","VLG_MMR":"မူးသစ်","TS":"Tabayin","VT":"Mu Kan","sev":"critical"},"geometry":{"type":"Point","coordinates":[95.5091,22.5066]}},{"type":"Feature","properties":{"VILLAGE":"Se Gyi Taw","VLG_MMR":"ဆည်ကြီးတော","TS":"Tabayin","VT":"Na Gar Bo","sev":"critical"},"geometry":{"type":"Point","coordinates":[95.3262,22.527]}},{"type":"Feature","properties":{"VILLAGE":"Tha Pyay","VLG_MMR":"သပြေ","TS":"Tabayin","VT":"Na Gar Bo","sev":"critical"},"geometry":{"type":"Point","coordinates":[95.3189,22.5061]}},{"type":"Feature","properties":{"VILLAGE":"Aung Thar Yar","VLG_MMR":"အောင်သာယာ","TS":"Tabayin","VT":"Na Gar Twin","sev":"critical"},"geometry":{"type":"Point","coordinates":[95.2235,22.7194]}},{"type":"Feature","properties":{"VILLAGE":"Baw Kone","VLG_MMR":"ဘော်ကုန်း","TS":"Tabayin","VT":"Na Gar Twin","sev":"critical"},"geometry":{"type":"Point","coordinates":[95.2269,22.7354]}},{"type":"Feature","properties":{"VILLAGE":"Kywe Tat","VLG_MMR":"ကျွဲတပ်","TS":"Tabayin","VT":"Na Gar Twin","sev":"critical"},"geometry":{"type":"Point","coordinates":[95.2425,22.7405]}},{"type":"Feature","properties":{"VILLAGE":"Mya Kan Thar","VLG_MMR":"မြကန်သာ","TS":"Tabayin","VT":"Na Gar Twin","sev":"critical"},"geometry":{"type":"Point","coordinates":[95.2287,22.7316]}},{"type":"Feature","properties":{"VILLAGE":"Na Gar Twin","VLG_MMR":"နဂါးတွင်း","TS":"Tabayin","VT":"Na Gar Twin","sev":"critical"},"geometry":{"type":"Point","coordinates":[95.239,22.722]}},{"type":"Feature","properties":{"VILLAGE":"Sin Yauk Gyi","VLG_MMR":"ဆင်ရောက်ကြီး","TS":"Tabayin","VT":"Na Gar Twin","sev":"critical"},"geometry":{"type":"Point","coordinates":[95.2417,22.7463]}},{"type":"Feature","properties":{"VILLAGE":"Sin Yauk Nge","VLG_MMR":"ဆင်ရောက်ငယ်","TS":"Tabayin","VT":"Na Gar Twin","sev":"critical"},"geometry":{"type":"Point","coordinates":[95.2398,22.7369]}},{"type":"Feature","properties":{"VILLAGE":"Te Gyi","VLG_MMR":"တဲကြီး","TS":"Tabayin","VT":"Na Gar Twin","sev":"critical"},"geometry":{"type":"Point","coordinates":[95.2499,22.7242]}},{"type":"Feature","properties":{"VILLAGE":"Bant Bway","VLG_MMR":"ဘန့်ဘွေး","TS":"Tabayin","VT":"Na Myar","sev":"critical"},"geometry":{"type":"Point","coordinates":[95.4257,22.6271]}},{"type":"Feature","properties":{"VILLAGE":"Ma Soe Yein","VLG_MMR":"မစိုးရိမ်","TS":"Tabayin","VT":"Na Myar","sev":"critical"},"geometry":{"type":"Point","coordinates":[95.4666,22.6115]}},{"type":"Feature","properties":{"VILLAGE":"Ma Yoe Kone","VLG_MMR":"မရိုးကုန်း","TS":"Tabayin","VT":"Na Myar","sev":"critical"},"geometry":{"type":"Point","coordinates":[95.464,22.621]}},{"type":"Feature","properties":{"VILLAGE":"Myo Gyi","VLG_MMR":"မြို့ကြီး","TS":"Tabayin","VT":"Na Myar","sev":"critical"},"geometry":{"type":"Point","coordinates":[95.4562,22.6106]}},{"type":"Feature","properties":{"VILLAGE":"Na Myar","VLG_MMR":"နများ","TS":"Tabayin","VT":"Na Myar","sev":"critical"},"geometry":{"type":"Point","coordinates":[95.4469,22.6374]}},{"type":"Feature","properties":{"VILLAGE":"Pauk Yin","VLG_MMR":"ပေါက်ရင်း","TS":"Tabayin","VT":"Na Myar","sev":"critical"},"geometry":{"type":"Point","coordinates":[95.4647,22.6152]}},{"type":"Feature","properties":{"VILLAGE":"Yin Kyin","VLG_MMR":"ယဉ်ကျင်း","TS":"Tabayin","VT":"Na Myar","sev":"critical"},"geometry":{"type":"Point","coordinates":[95.4474,22.6242]}},{"type":"Feature","properties":{"VILLAGE":"Aung Chan Thar","VLG_MMR":"အောင်ချမ်းသာ","TS":"Tabayin","VT":"Nyaung Hla","sev":"critical"},"geometry":{"type":"Point","coordinates":[95.42,22.6642]}},{"type":"Feature","properties":{"VILLAGE":"Kone Gyi","VLG_MMR":"ကုန်းကြီး","TS":"Tabayin","VT":"Nyaung Hla","sev":"critical"},"geometry":{"type":"Point","coordinates":[95.4228,22.6441]}},{"type":"Feature","properties":{"VILLAGE":"Let Se","VLG_MMR":"လက်ဆည်","TS":"Tabayin","VT":"Nyaung Hla","sev":"critical"},"geometry":{"type":"Point","coordinates":[95.4259,22.6486]}},{"type":"Feature","properties":{"VILLAGE":"Na Be Hla","VLG_MMR":"နဘဲလှ","TS":"Tabayin","VT":"Nyaung Hla","sev":"critical"},"geometry":{"type":"Point","coordinates":[95.4179,22.6584]}},{"type":"Feature","properties":{"VILLAGE":"Nyaung Hla","VLG_MMR":"ညောင်လှ","TS":"Tabayin","VT":"Nyaung Hla","sev":"critical"},"geometry":{"type":"Point","coordinates":[95.4181,22.6528]}},{"type":"Feature","properties":{"VILLAGE":"Wea Gyi","VLG_MMR":"ဝဲကြီး","TS":"Tabayin","VT":"Nyaung Hla","sev":"critical"},"geometry":{"type":"Point","coordinates":[95.4253,22.6534]}},{"type":"Feature","properties":{"VILLAGE":"In Ga Myin","VLG_MMR":"အင်္ဂမြင်","TS":"Tabayin","VT":"Ohn Ta Pin","sev":"critical"},"geometry":{"type":"Point","coordinates":[95.3323,22.5915]}},{"type":"Feature","properties":{"VILLAGE":"Ohn Ta Pin","VLG_MMR":"အုံးတပင်","TS":"Tabayin","VT":"Ohn Ta Pin","sev":"critical"},"geometry":{"type":"Point","coordinates":[95.3435,22.6014]}},{"type":"Feature","properties":{"VILLAGE":"Pauk Taw","VLG_MMR":"ပေါက်တော","TS":"Tabayin","VT":"Pauk Taw","sev":"critical"},"geometry":{"type":"Point","coordinates":[95.3504,22.6236]}},{"type":"Feature","properties":{"VILLAGE":"Aung Si Myay","VLG_MMR":"အောင်စီမြေ","TS":"Tabayin","VT":"Paung Taw Ku","sev":"critical"},"geometry":{"type":"Point","coordinates":[95.1877,22.7289]}},{"type":"Feature","properties":{"VILLAGE":"Lel Pyin Kwet","VLG_MMR":"လယ်ပြင်ကွက်","TS":"Tabayin","VT":"Paung Taw Ku","sev":"critical"},"geometry":{"type":"Point","coordinates":[95.226,22.7092]}},{"type":"Feature","properties":{"VILLAGE":"Paung Taw Ku","VLG_MMR":"ပေါင်းတော်ကူ","TS":"Tabayin","VT":"Paung Taw Ku","sev":"critical"},"geometry":{"type":"Point","coordinates":[95.25,22.7031]}},{"type":"Feature","properties":{"VILLAGE":"Tat Ti (East)","VLG_MMR":"တတ္တည် (အရှေ့)","TS":"Tabayin","VT":"Paung Taw Ku","sev":"critical"},"geometry":{"type":"Point","coordinates":[95.2334,22.6999]}},{"type":"Feature","properties":{"VILLAGE":"Tat Ti (West)","VLG_MMR":"တတ္တည် (အနောက်)","TS":"Tabayin","VT":"Paung Taw Ku","sev":"critical"},"geometry":{"type":"Point","coordinates":[95.2258,22.7024]}},{"type":"Feature","properties":{"VILLAGE":"Koe Pin Sin","VLG_MMR":"ကိုးပင်စင်","TS":"Tabayin","VT":"Sat Lu","sev":"critical"},"geometry":{"type":"Point","coordinates":[94.8528,22.666]}},{"type":"Feature","properties":{"VILLAGE":"Leik Thea","VLG_MMR":"လိပ်သဲ","TS":"Tabayin","VT":"Sat Lu","sev":"critical"},"geometry":{"type":"Point","coordinates":[94.8781,22.6897]}},{"type":"Feature","properties":{"VILLAGE":"Peik Chin Taw","VLG_MMR":"ပိတ်ချင်းတော","TS":"Tabayin","VT":"Sat Lu","sev":"critical"},"geometry":{"type":"Point","coordinates":[94.9417,22.6709]}},{"type":"Feature","properties":{"VILLAGE":"Sat Lu","VLG_MMR":"ဆပ်လူး","TS":"Tabayin","VT":"Sat Lu","sev":"critical"},"geometry":{"type":"Point","coordinates":[94.9321,22.6669]}},{"type":"Feature","properties":{"VILLAGE":"Boke","VLG_MMR":"ဘုတ်","TS":"Tabayin","VT":"Sat Pyar Kyin","sev":"critical"},"geometry":{"type":"Point","coordinates":[95.2297,22.6604]}},{"type":"Feature","properties":{"VILLAGE":"Chaung U","VLG_MMR":"ချောင်းဦး","TS":"Tabayin","VT":"Sat Pyar Kyin","sev":"critical"},"geometry":{"type":"Point","coordinates":[95.2155,22.6534]}},{"type":"Feature","properties":{"VILLAGE":"Htaung Tan","VLG_MMR":"ထောင်တန်း","TS":"Tabayin","VT":"Sat Pyar Kyin","sev":"critical"},"geometry":{"type":"Point","coordinates":[95.246,22.6639]}},{"type":"Feature","properties":{"VILLAGE":"In Pin Gyi","VLG_MMR":"အင်ပင်ကြီး","TS":"Tabayin","VT":"Sat Pyar Kyin","sev":"critical"},"geometry":{"type":"Point","coordinates":[95.2256,22.6499]}},{"type":"Feature","properties":{"VILLAGE":"Kyun Taw (North)","VLG_MMR":"ကျွန်းတော (မြောက်)","TS":"Tabayin","VT":"Sat Pyar Kyin","sev":"critical"},"geometry":{"type":"Point","coordinates":[95.2292,22.6468]}},{"type":"Feature","properties":{"VILLAGE":"Kyun Taw (South)","VLG_MMR":"ကျွန်းတော (တောင်)","TS":"Tabayin","VT":"Sat Pyar Kyin","sev":"critical"},"geometry":{"type":"Point","coordinates":[95.2245,22.6382]}},{"type":"Feature","properties":{"VILLAGE":"Ohn Tin","VLG_MMR":"အုံးတင်","TS":"Tabayin","VT":"Sat Pyar Kyin","sev":"critical"},"geometry":{"type":"Point","coordinates":[95.2428,22.6485]}},{"type":"Feature","properties":{"VILLAGE":"Sat Pyar Kyin","VLG_MMR":"ဆပ်ပျာကျင်း","TS":"Tabayin","VT":"Sat Pyar Kyin","sev":"critical"},"geometry":{"type":"Point","coordinates":[95.2302,22.6569]}},{"type":"Feature","properties":{"VILLAGE":"Tha Yet Pin","VLG_MMR":"သရက်ပင်","TS":"Tabayin","VT":"Sat Pyar Kyin","sev":"critical"},"geometry":{"type":"Point","coordinates":[95.239,22.6613]}},{"type":"Feature","properties":{"VILLAGE":"Aing Shey","VLG_MMR":"အိုင်ရှည်","TS":"Tabayin","VT":"Se Taw","sev":"critical"},"geometry":{"type":"Point","coordinates":[94.9683,22.696]}},{"type":"Feature","properties":{"VILLAGE":"Pa Let Khat","VLG_MMR":"ပလက်ခတ်","TS":"Tabayin","VT":"Se Taw","sev":"critical"},"geometry":{"type":"Point","coordinates":[95.0202,22.7881]}},{"type":"Feature","properties":{"VILLAGE":"Se Taw","VLG_MMR":"ဆယ်တော","TS":"Tabayin","VT":"Se Taw","sev":"critical"},"geometry":{"type":"Point","coordinates":[94.9852,22.7405]}},{"type":"Feature","properties":{"VILLAGE":"Son Kone","VLG_MMR":"ဆုံကုန်း","TS":"Tabayin","VT":"Se Taw","sev":"critical"},"geometry":{"type":"Point","coordinates":[94.9713,22.7196]}},{"type":"Feature","properties":{"VILLAGE":"Su Tat","VLG_MMR":"ဆူးတပ်","TS":"Tabayin","VT":"Su Tat","sev":"critical"},"geometry":{"type":"Point","coordinates":[95.4805,22.5153]}},{"type":"Feature","properties":{"VILLAGE":"Sin Yauk Kone","VLG_MMR":"ဆင်ရောက်ကုန်း","TS":"Tabayin","VT":"Ta Nei","sev":"critical"},"geometry":{"type":"Point","coordinates":[95.3623,22.626]}},{"type":"Feature","properties":{"VILLAGE":"Ta Nei","VLG_MMR":"တနယ်","TS":"Tabayin","VT":"Ta Nei","sev":"critical"},"geometry":{"type":"Point","coordinates":[95.3651,22.6247]}},{"type":"Feature","properties":{"VILLAGE":"Taik","VLG_MMR":"တိုက်","TS":"Tabayin","VT":"Taik","sev":"critical"},"geometry":{"type":"Point","coordinates":[95.434,22.4973]}},{"type":"Feature","properties":{"VILLAGE":"Tauk Ka Shat","VLG_MMR":"တောက္ကရှပ်","TS":"Tabayin","VT":"Tauk Ka Shat","sev":"critical"},"geometry":{"type":"Point","coordinates":[95.322,22.5985]}},{"type":"Feature","properties":{"VILLAGE":"Taw Sin Ke","VLG_MMR":"တောဆင်ကဲ","TS":"Tabayin","VT":"Tauk Ka Shat","sev":"critical"},"geometry":{"type":"Point","coordinates":[95.3251,22.5957]}},{"type":"Feature","properties":{"VILLAGE":"Hman Thar Gyi","VLG_MMR":"မှန်သာကြီး","TS":"Tabayin","VT":"Taw Kyaung","sev":"critical"},"geometry":{"type":"Point","coordinates":[95.2883,22.6892]}},{"type":"Feature","properties":{"VILLAGE":"In Tan","VLG_MMR":"အင်တန်း","TS":"Tabayin","VT":"Taw Kyaung","sev":"critical"},"geometry":{"type":"Point","coordinates":[95.3077,22.6856]}},{"type":"Feature","properties":{"VILLAGE":"Taw Kyaung","VLG_MMR":"တောကျောင်း","TS":"Tabayin","VT":"Taw Kyaung","sev":"critical"},"geometry":{"type":"Point","coordinates":[95.3043,22.6928]}},{"type":"Feature","properties":{"VILLAGE":"Hlyaw Hpyu","VLG_MMR":"လျှော်ဖြူ","TS":"Tabayin","VT":"Taw Tan","sev":"critical"},"geometry":{"type":"Point","coordinates":[95.3519,22.5192]}},{"type":"Feature","properties":{"VILLAGE":"Taw Tan","VLG_MMR":"တောတန်း","TS":"Tabayin","VT":"Taw Tan","sev":"critical"},"geometry":{"type":"Point","coordinates":[95.3591,22.4951]}},{"type":"Feature","properties":{"VILLAGE":"Chaung Mee To","VLG_MMR":"ချောင်းမီးတို","TS":"Tabayin","VT":"Tei Taw","sev":"critical"},"geometry":{"type":"Point","coordinates":[95.4643,22.5857]}},{"type":"Feature","properties":{"VILLAGE":"Kyon Taw","VLG_MMR":"ကြုံတော","TS":"Tabayin","VT":"Tei Taw","sev":"critical"},"geometry":{"type":"Point","coordinates":[95.4676,22.6004]}},{"type":"Feature","properties":{"VILLAGE":"Kywe Toe Chon","VLG_MMR":"ကျွဲတိုးခြုံ","TS":"Tabayin","VT":"Tei Taw","sev":"critical"},"geometry":{"type":"Point","coordinates":[95.4708,22.594]}},{"type":"Feature","properties":{"VILLAGE":"Oke Se","VLG_MMR":"အုပ်ဆည်","TS":"Tabayin","VT":"Tei Taw","sev":"critical"},"geometry":{"type":"Point","coordinates":[95.4658,22.5653]}},{"type":"Feature","properties":{"VILLAGE":"Sin Wut Kone","VLG_MMR":"ဆင်ဝပ်ကုန်း","TS":"Tabayin","VT":"Tei Taw","sev":"critical"},"geometry":{"type":"Point","coordinates":[95.4464,22.5854]}},{"type":"Feature","properties":{"VILLAGE":"Tei Taw","VLG_MMR":"တယ်တော","TS":"Tabayin","VT":"Tei Taw","sev":"critical"},"geometry":{"type":"Point","coordinates":[95.439,22.5665]}},{"type":"Feature","properties":{"VILLAGE":"Tha Pyay Kone","VLG_MMR":"သပြေကုန်း","TS":"Tabayin","VT":"Tei Taw","sev":"critical"},"geometry":{"type":"Point","coordinates":[95.433,22.577]}},{"type":"Feature","properties":{"VILLAGE":"Sat Thwar","VLG_MMR":"ဆပ်သွား","TS":"Tabayin","VT":"Tet Khaung","sev":"critical"},"geometry":{"type":"Point","coordinates":[95.3441,22.5837]}},{"type":"Feature","properties":{"VILLAGE":"Tet Khaung","VLG_MMR":"တက်ခေါင်း","TS":"Tabayin","VT":"Tet Khaung","sev":"critical"},"geometry":{"type":"Point","coordinates":[95.3571,22.5865]}},{"type":"Feature","properties":{"VILLAGE":"Kyauk Me Taw","VLG_MMR":"ကျောက်မဲတော","TS":"Tabayin","VT":"Tha Peik Le","sev":"critical"},"geometry":{"type":"Point","coordinates":[95.2637,22.4971]}},{"type":"Feature","properties":{"VILLAGE":"Tha Peik Le","VLG_MMR":"သပိတ်လဲ","TS":"Tabayin","VT":"Tha Peik Le","sev":"critical"},"geometry":{"type":"Point","coordinates":[95.2856,22.5376]}},{"type":"Feature","properties":{"VILLAGE":"Thet Kei Chan","VLG_MMR":"သက်ကယ်ခြံ","TS":"Tabayin","VT":"Tha Peik Le","sev":"critical"},"geometry":{"type":"Point","coordinates":[95.2707,22.4917]}},{"type":"Feature","properties":{"VILLAGE":"Ma Ohn","VLG_MMR":"မအုံး","TS":"Tabayin","VT":"Tha Yet Kan","sev":"critical"},"geometry":{"type":"Point","coordinates":[95.4391,22.5243]}},{"type":"Feature","properties":{"VILLAGE":"Nyaung Pu Htoe","VLG_MMR":"ညောင်ပုထိုး","TS":"Tabayin","VT":"Tha Yet Kan","sev":"critical"},"geometry":{"type":"Point","coordinates":[95.4451,22.5449]}},{"type":"Feature","properties":{"VILLAGE":"Tha Yet Kan (East)","VLG_MMR":"သရက်ကန် (အရှေ့)","TS":"Tabayin","VT":"Tha Yet Kan","sev":"critical"},"geometry":{"type":"Point","coordinates":[95.4296,22.5395]}},{"type":"Feature","properties":{"VILLAGE":"Tha Yet Kan (West)","VLG_MMR":"သရက်ကန် (အနောက်)","TS":"Tabayin","VT":"Tha Yet Kan","sev":"critical"},"geometry":{"type":"Point","coordinates":[95.4196,22.5379]}},{"type":"Feature","properties":{"VILLAGE":"Tha Yet Kyin","VLG_MMR":"သရက်ကျင်း","TS":"Tabayin","VT":"Tha Yet Kyin","sev":"critical"},"geometry":{"type":"Point","coordinates":[95.1984,22.7673]}},{"type":"Feature","properties":{"VILLAGE":"Chaung Pauk","VLG_MMR":"ချောင်းပေါက်","TS":"Tabayin","VT":"Tha Yet Taw","sev":"critical"},"geometry":{"type":"Point","coordinates":[95.4237,22.6703]}},{"type":"Feature","properties":{"VILLAGE":"Kan Kone","VLG_MMR":"ကံကုန်း","TS":"Tabayin","VT":"Tha Yet Taw","sev":"critical"},"geometry":{"type":"Point","coordinates":[95.4251,22.6553]}},{"type":"Feature","properties":{"VILLAGE":"Tha Pyay Thar","VLG_MMR":"သပြေသာ","TS":"Tabayin","VT":"Tha Yet Taw","sev":"critical"},"geometry":{"type":"Point","coordinates":[95.4341,22.649]}},{"type":"Feature","properties":{"VILLAGE":"Tha Yet Taw","VLG_MMR":"သရက်တော","TS":"Tabayin","VT":"Tha Yet Taw","sev":"critical"},"geometry":{"type":"Point","coordinates":[95.4253,22.6607]}},{"type":"Feature","properties":{"VILLAGE":"Yone Thar","VLG_MMR":"ရုံးသာ","TS":"Tabayin","VT":"Tha Yet Taw","sev":"critical"},"geometry":{"type":"Point","coordinates":[95.4498,22.6523]}},{"type":"Feature","properties":{"VILLAGE":"Htauk Shar","VLG_MMR":"ထောက်ရှာ","TS":"Tabayin","VT":"Thein Bar","sev":"critical"},"geometry":{"type":"Point","coordinates":[95.2182,22.6131]}},{"type":"Feature","properties":{"VILLAGE":"Inn Kone","VLG_MMR":"အင်းကုန်း","TS":"Tabayin","VT":"Thein Bar","sev":"critical"},"geometry":{"type":"Point","coordinates":[95.2245,22.6041]}},{"type":"Feature","properties":{"VILLAGE":"Kan Pyar","VLG_MMR":"ကံပြား","TS":"Tabayin","VT":"Thein Bar","sev":"critical"},"geometry":{"type":"Point","coordinates":[95.2206,22.6049]}},{"type":"Feature","properties":{"VILLAGE":"Pan Pu","VLG_MMR":"ပန်းပု","TS":"Tabayin","VT":"Thein Bar","sev":"critical"},"geometry":{"type":"Point","coordinates":[95.2258,22.6179]}},{"type":"Feature","properties":{"VILLAGE":"Thein Bar","VLG_MMR":"သိမ်ဘာ","TS":"Tabayin","VT":"Thein Bar","sev":"critical"},"geometry":{"type":"Point","coordinates":[95.2236,22.6251]}},{"type":"Feature","properties":{"VILLAGE":"Thit Ya Aik","VLG_MMR":"သစ်ရအိုက်","TS":"Tabayin","VT":"Thit Ya Aik","sev":"critical"},"geometry":{"type":"Point","coordinates":[95.063,22.7477]}},{"type":"Feature","properties":{"VILLAGE":"Ywet Lel","VLG_MMR":"ရွက်လယ်","TS":"Tabayin","VT":"Thit Ya Aik","sev":"critical"},"geometry":{"type":"Point","coordinates":[95.0384,22.7294]}},{"type":"Feature","properties":{"VILLAGE":"Me Thei","VLG_MMR":"မဲသယ်","TS":"Tabayin","VT":"Wa Bar","sev":"critical"},"geometry":{"type":"Point","coordinates":[95.3036,22.6742]}},{"type":"Feature","properties":{"VILLAGE":"Thar Si","VLG_MMR":"သာစည်","TS":"Tabayin","VT":"Wa Bar","sev":"critical"},"geometry":{"type":"Point","coordinates":[95.2739,22.6837]}},{"type":"Feature","properties":{"VILLAGE":"Wa Bar","VLG_MMR":"ဝဘာ","TS":"Tabayin","VT":"Wa Bar","sev":"critical"},"geometry":{"type":"Point","coordinates":[95.2959,22.6819]}},{"type":"Feature","properties":{"VILLAGE":"Nyein Chan","VLG_MMR":"ငြိမ်းချမ်း","TS":"Tabayin","VT":"Yin Dway","sev":"critical"},"geometry":{"type":"Point","coordinates":[95.2997,22.6635]}},{"type":"Feature","properties":{"VILLAGE":"Yin Dway","VLG_MMR":"ယင်းဒွေး","TS":"Tabayin","VT":"Yin Dway","sev":"critical"},"geometry":{"type":"Point","coordinates":[95.3082,22.6606]}},{"type":"Feature","properties":{"VILLAGE":"Aung Chan Thar","VLG_MMR":"အောင်ချမ်းသာ","TS":"Tabayin","VT":"Ywar Shey","sev":"critical"},"geometry":{"type":"Point","coordinates":[95.3506,22.6765]}},{"type":"Feature","properties":{"VILLAGE":"Kan Pyar","VLG_MMR":"ကံပျား","TS":"Tabayin","VT":"Ywar Shey","sev":"critical"},"geometry":{"type":"Point","coordinates":[95.3295,22.692]}},{"type":"Feature","properties":{"VILLAGE":"Pyawbwe","VLG_MMR":"ပျော်ဘွယ်","TS":"Tabayin","VT":"Ywar Shey","sev":"critical"},"geometry":{"type":"Point","coordinates":[95.3496,22.6997]}},{"type":"Feature","properties":{"VILLAGE":"Ywar Shey","VLG_MMR":"ရွာရှည်","TS":"Tabayin","VT":"Ywar Shey","sev":"critical"},"geometry":{"type":"Point","coordinates":[95.3567,22.6864]}},{"type":"Feature","properties":{"VILLAGE":"Aung Swar","VLG_MMR":"အောင်စွာ","TS":"Taze","VT":"Aung Swar","sev":"critical"},"geometry":{"type":"Point","coordinates":[95.3339,23.1582]}},{"type":"Feature","properties":{"VILLAGE":"Htan Pin Kone","VLG_MMR":"ထန်းပင်ကုန်း","TS":"Taze","VT":"Aung Swar","sev":"critical"},"geometry":{"type":"Point","coordinates":[95.3672,23.1672]}},{"type":"Feature","properties":{"VILLAGE":"Kan Hpyu","VLG_MMR":"ကမ်းဖြူ","TS":"Taze","VT":"Aung Swar","sev":"critical"},"geometry":{"type":"Point","coordinates":[95.3589,23.2143]}},{"type":"Feature","properties":{"VILLAGE":"Mu Kyin Su","VLG_MMR":"မူးကျင်းစု","TS":"Taze","VT":"Aung Swar","sev":"critical"},"geometry":{"type":"Point","coordinates":[95.3582,23.1712]}},{"type":"Feature","properties":{"VILLAGE":"Pay Chaung","VLG_MMR":"ပေချောင်","TS":"Taze","VT":"Aung Swar","sev":"critical"},"geometry":{"type":"Point","coordinates":[95.3168,23.2005]}},{"type":"Feature","properties":{"VILLAGE":"Thar Gaung Gyi","VLG_MMR":"သာဂေါင်ကြီး","TS":"Taze","VT":"Aung Swar","sev":"critical"},"geometry":{"type":"Point","coordinates":[95.3585,23.218]}},{"type":"Feature","properties":{"VILLAGE":"Bay Yin","VLG_MMR":"​ဘေရင်း","TS":"Taze","VT":"Bay Yin","sev":"critical"},"geometry":{"type":"Point","coordinates":[95.4152,23.0887]}},{"type":"Feature","properties":{"VILLAGE":"Bay Yin Ywar Thit","VLG_MMR":"ဘေရင်းရွာသစ်","TS":"Taze","VT":"Bay Yin","sev":"critical"},"geometry":{"type":"Point","coordinates":[95.3875,23.0914]}},{"type":"Feature","properties":{"VILLAGE":"Ka Be","VLG_MMR":"ကဘဲ","TS":"Taze","VT":"Bay Yin","sev":"critical"},"geometry":{"type":"Point","coordinates":[95.4178,23.0839]}},{"type":"Feature","properties":{"VILLAGE":"Mu Kyin","VLG_MMR":"မူးကျင်း","TS":"Taze","VT":"Bay Yin","sev":"critical"},"geometry":{"type":"Point","coordinates":[95.4115,23.0916]}},{"type":"Feature","properties":{"VILLAGE":"Chaung Son (North)","VLG_MMR":"ချောင်းဆုံ (မြောက်)","TS":"Taze","VT":"Chaung Son (North)","sev":"critical"},"geometry":{"type":"Point","coordinates":[95.1531,23.1346]}},{"type":"Feature","properties":{"VILLAGE":"Inn Shey","VLG_MMR":"အင်းရှေ","TS":"Taze","VT":"Chaung Son (North)","sev":"critical"},"geometry":{"type":"Point","coordinates":[95.1998,23.127]}},{"type":"Feature","properties":{"VILLAGE":"Taung U","VLG_MMR":"တောင်ဦး","TS":"Taze","VT":"Chaung Son (North)","sev":"critical"},"geometry":{"type":"Point","coordinates":[95.1344,23.1279]}},{"type":"Feature","properties":{"VILLAGE":"Chaung Son (South)","VLG_MMR":"ချောင်းဆုံ (တောင်)","TS":"Taze","VT":"Chaung Son (South)","sev":"critical"},"geometry":{"type":"Point","coordinates":[95.3815,22.994]}},{"type":"Feature","properties":{"VILLAGE":"Chaung U","VLG_MMR":"ချောင်းဦး","TS":"Taze","VT":"Chaung U","sev":"critical"},"geometry":{"type":"Point","coordinates":[95.3152,22.9761]}},{"type":"Feature","properties":{"VILLAGE":"Chaung Yoe","VLG_MMR":"ချောင်းရိုး","TS":"Taze","VT":"Chaung Yoe","sev":"critical"},"geometry":{"type":"Point","coordinates":[95.4025,22.8825]}},{"type":"Feature","properties":{"VILLAGE":"Hpan Khar Zin","VLG_MMR":"ဖန်းခါးဇင်","TS":"Taze","VT":"Chaung Yoe","sev":"critical"},"geometry":{"type":"Point","coordinates":[95.396,22.876]}},{"type":"Feature","properties":{"VILLAGE":"Daung Gyi","VLG_MMR":"ဒေါင်ကြီး","TS":"Taze","VT":"Daung Gyi","sev":"critical"},"geometry":{"type":"Point","coordinates":[95.3252,22.9965]}},{"type":"Feature","properties":{"VILLAGE":"Nyaung Kone","VLG_MMR":"ညောင်ကုန်း","TS":"Taze","VT":"Daung Gyi","sev":"critical"},"geometry":{"type":"Point","coordinates":[95.3252,23.0028]}},{"type":"Feature","properties":{"VILLAGE":"Ta Me Taw","VLG_MMR":"တမဲတာ","TS":"Taze","VT":"Daung Gyi","sev":"critical"},"geometry":{"type":"Point","coordinates":[95.3121,22.9875]}},{"type":"Feature","properties":{"VILLAGE":"Zee Hpyu Kone","VLG_MMR":"ဇီးဖြူကုန်း","TS":"Taze","VT":"Daung Gyi","sev":"critical"},"geometry":{"type":"Point","coordinates":[95.3245,23.0076]}},{"type":"Feature","properties":{"VILLAGE":"Dei Yauk","VLG_MMR":"ဒယ်ရောက်","TS":"Taze","VT":"Dei Yauk","sev":"critical"},"geometry":{"type":"Point","coordinates":[95.4168,22.891]}},{"type":"Feature","properties":{"VILLAGE":"Et Taw","VLG_MMR":"အက်တော","TS":"Taze","VT":"Et Taw","sev":"critical"},"geometry":{"type":"Point","coordinates":[95.478,22.9237]}},{"type":"Feature","properties":{"VILLAGE":"Mu Wa","VLG_MMR":"မူးဝ","TS":"Taze","VT":"Et Taw","sev":"critical"},"geometry":{"type":"Point","coordinates":[95.4878,22.9137]}},{"type":"Feature","properties":{"VILLAGE":"Thea Kone","VLG_MMR":"သဲကုန်း","TS":"Taze","VT":"Et Taw","sev":"critical"},"geometry":{"type":"Point","coordinates":[95.4824,22.9169]}},{"type":"Feature","properties":{"VILLAGE":"Hpa Lan Chaing","VLG_MMR":"ဖလံချိုင်","TS":"Taze","VT":"Hpa Lan Chaing","sev":"critical"},"geometry":{"type":"Point","coordinates":[95.3966,22.9855]}},{"type":"Feature","properties":{"VILLAGE":"Ywar Thit","VLG_MMR":"ရွာသစ်","TS":"Taze","VT":"Hpa Lan Chaing","sev":"critical"},"geometry":{"type":"Point","coordinates":[95.4198,22.9881]}},{"type":"Feature","properties":{"VILLAGE":"Aung Chan Thar","VLG_MMR":"အောင်ချမ်းသာ","TS":"Taze","VT":"In Koke Kar","sev":"critical"},"geometry":{"type":"Point","coordinates":[95.3689,23.0087]}},{"type":"Feature","properties":{"VILLAGE":"In Koke Kar","VLG_MMR":"အင်ကုက္ကား","TS":"Taze","VT":"In Koke Kar","sev":"critical"},"geometry":{"type":"Point","coordinates":[95.3625,22.9891]}},{"type":"Feature","properties":{"VILLAGE":"Ah Nauk Kone","VLG_MMR":"အနောက်ကုန်း","TS":"Taze","VT":"In Taing","sev":"critical"},"geometry":{"type":"Point","coordinates":[95.3461,22.9142]}},{"type":"Feature","properties":{"VILLAGE":"Hman Chaing","VLG_MMR":"မှန်ချိုင်","TS":"Taze","VT":"In Taing","sev":"critical"},"geometry":{"type":"Point","coordinates":[95.3529,22.9271]}},{"type":"Feature","properties":{"VILLAGE":"Hman Yin","VLG_MMR":"မှန်ရင်း","TS":"Taze","VT":"In Taing","sev":"critical"},"geometry":{"type":"Point","coordinates":[95.3469,22.933]}},{"type":"Feature","properties":{"VILLAGE":"In Taing","VLG_MMR":"အင်တိုင်း","TS":"Taze","VT":"In Taing","sev":"critical"},"geometry":{"type":"Point","coordinates":[95.3548,22.9148]}},{"type":"Feature","properties":{"VILLAGE":"Pein Hne Kone","VLG_MMR":"ပိန္နဲကုန်း","TS":"Taze","VT":"In Taing","sev":"critical"},"geometry":{"type":"Point","coordinates":[95.3516,22.9299]}},{"type":"Feature","properties":{"VILLAGE":"See Gyi","VLG_MMR":"စီးကြီး","TS":"Taze","VT":"In Taing","sev":"critical"},"geometry":{"type":"Point","coordinates":[95.3505,22.9139]}},{"type":"Feature","properties":{"VILLAGE":"Taung Sun","VLG_MMR":"တောင်စွန်း","TS":"Taze","VT":"In Taing","sev":"critical"},"geometry":{"type":"Point","coordinates":[95.3538,22.924]}},{"type":"Feature","properties":{"VILLAGE":"Tha Yet Kwa","VLG_MMR":"သရက်ကွ","TS":"Taze","VT":"In Taing","sev":"critical"},"geometry":{"type":"Point","coordinates":[95.3498,22.9338]}},{"type":"Feature","properties":{"VILLAGE":"Ywar Thit","VLG_MMR":"ရွာသစ်","TS":"Taze","VT":"In Taing","sev":"critical"},"geometry":{"type":"Point","coordinates":[95.3439,22.9452]}},{"type":"Feature","properties":{"VILLAGE":"Aung Thar","VLG_MMR":"အောင်သာ","TS":"Taze","VT":"Ka La Zin","sev":"critical"},"geometry":{"type":"Point","coordinates":[95.4184,22.9007]}},{"type":"Feature","properties":{"VILLAGE":"Ka La Zin","VLG_MMR":"ကလဇင်","TS":"Taze","VT":"Ka La Zin","sev":"critical"},"geometry":{"type":"Point","coordinates":[95.4433,22.9004]}},{"type":"Feature","properties":{"VILLAGE":"Kyo Htein","VLG_MMR":"ကြိုထိန်း","TS":"Taze","VT":"Ka La Zin","sev":"critical"},"geometry":{"type":"Point","coordinates":[95.4501,22.9066]}},{"type":"Feature","properties":{"VILLAGE":"Tat Thit","VLG_MMR":"တပ်သစ်","TS":"Taze","VT":"Ka La Zin","sev":"critical"},"geometry":{"type":"Point","coordinates":[95.4623,22.9124]}},{"type":"Feature","properties":{"VILLAGE":"Ywar Thu Gyi","VLG_MMR":"ရွာသူကြီး","TS":"Taze","VT":"Ka La Zin","sev":"critical"},"geometry":{"type":"Point","coordinates":[95.4471,22.9024]}},{"type":"Feature","properties":{"VILLAGE":"Kan Gyi Kone","VLG_MMR":"ကံကြီးကုန်း","TS":"Taze","VT":"Kan Gyi Kone","sev":"critical"},"geometry":{"type":"Point","coordinates":[95.3432,22.8922]}},{"type":"Feature","properties":{"VILLAGE":"Thone Sin","VLG_MMR":"သုံးဆင်","TS":"Taze","VT":"Kan Gyi Kone","sev":"critical"},"geometry":{"type":"Point","coordinates":[95.3351,22.9038]}},{"type":"Feature","properties":{"VILLAGE":"In Pin Aing","VLG_MMR":"အင်ပင်အိုင်","TS":"Taze","VT":"Kan Htu Ma","sev":"critical"},"geometry":{"type":"Point","coordinates":[95.2212,22.9578]}},{"type":"Feature","properties":{"VILLAGE":"In Yae Oe","VLG_MMR":"အင်ရေအိုး","TS":"Taze","VT":"Kan Htu Ma","sev":"critical"},"geometry":{"type":"Point","coordinates":[95.2054,22.9563]}},{"type":"Feature","properties":{"VILLAGE":"Kan Htu Ma","VLG_MMR":"ကံထူးမ","TS":"Taze","VT":"Kan Htu Ma","sev":"critical"},"geometry":{"type":"Point","coordinates":[95.2301,22.9321]}},{"type":"Feature","properties":{"VILLAGE":"Kan Lay Kone","VLG_MMR":"ကံလေးကုန်း","TS":"Taze","VT":"Kan Htu Ma","sev":"critical"},"geometry":{"type":"Point","coordinates":[95.2321,22.9769]}},{"type":"Feature","properties":{"VILLAGE":"Kyee Kan","VLG_MMR":"ကျီးကန်","TS":"Taze","VT":"Kan Htu Ma","sev":"critical"},"geometry":{"type":"Point","coordinates":[95.2377,22.9529]}},{"type":"Feature","properties":{"VILLAGE":"Kyet Su Kan","VLG_MMR":"ကြက်ဆူကန်","TS":"Taze","VT":"Kan Htu Ma","sev":"critical"},"geometry":{"type":"Point","coordinates":[95.2505,22.93]}},{"type":"Feature","properties":{"VILLAGE":"Lel Ma","VLG_MMR":"လယ်မ","TS":"Taze","VT":"Kan Htu Ma","sev":"critical"},"geometry":{"type":"Point","coordinates":[95.2318,22.913]}},{"type":"Feature","properties":{"VILLAGE":"Let Se Kan","VLG_MMR":"လက်ဆည်ကန်","TS":"Taze","VT":"Kan Htu Ma","sev":"critical"},"geometry":{"type":"Point","coordinates":[95.272,22.9008]}},{"type":"Feature","properties":{"VILLAGE":"Ma Yan Mi","VLG_MMR":"မရမ်းမိ","TS":"Taze","VT":"Kan Htu Ma","sev":"critical"},"geometry":{"type":"Point","coordinates":[95.2492,22.937]}},{"type":"Feature","properties":{"VILLAGE":"Myay Gu","VLG_MMR":"မြေဂူ","TS":"Taze","VT":"Kan Htu Ma","sev":"critical"},"geometry":{"type":"Point","coordinates":[95.2506,22.9089]}},{"type":"Feature","properties":{"VILLAGE":"Pu Tein Kone","VLG_MMR":"ပုတိန်ကုန်း","TS":"Taze","VT":"Kan Htu Ma","sev":"critical"},"geometry":{"type":"Point","coordinates":[95.1982,22.9612]}},{"type":"Feature","properties":{"VILLAGE":"Tha Yet Khar","VLG_MMR":"သရက်ခါး","TS":"Taze","VT":"Kan Htu Ma","sev":"critical"},"geometry":{"type":"Point","coordinates":[95.2442,22.94]}},{"type":"Feature","properties":{"VILLAGE":"Thit Say Pin Hla","VLG_MMR":"သစ္စေးပင်လှ","TS":"Taze","VT":"Kan Htu Ma","sev":"critical"},"geometry":{"type":"Point","coordinates":[95.236,22.9633]}},{"type":"Feature","properties":{"VILLAGE":"War Yon Yin","VLG_MMR":"ဝါးရုံရင်း","TS":"Taze","VT":"Kan Htu Ma","sev":"critical"},"geometry":{"type":"Point","coordinates":[95.2568,22.9041]}},{"type":"Feature","properties":{"VILLAGE":"Kar Paung Kya (East)","VLG_MMR":"ကာပေါင်းကျ (အရှေ့)","TS":"Taze","VT":"Kar Paung Kya","sev":"critical"},"geometry":{"type":"Point","coordinates":[95.2783,23.0927]}},{"type":"Feature","properties":{"VILLAGE":"Kar Paung Kya (West)","VLG_MMR":"ကာပေါင်းကျ (အနောက်)","TS":"Taze","VT":"Kar Paung Kya","sev":"critical"},"geometry":{"type":"Point","coordinates":[95.2729,23.093]}},{"type":"Feature","properties":{"VILLAGE":"Kha Paung Kyaing","VLG_MMR":"ခပေါင်းကြိုင်","TS":"Taze","VT":"Kha Paung Kyaing","sev":"critical"},"geometry":{"type":"Point","coordinates":[95.3855,22.9025]}},{"type":"Feature","properties":{"VILLAGE":"Ta Nei","VLG_MMR":"တနယ်","TS":"Taze","VT":"Kha Paung Kyaing","sev":"critical"},"geometry":{"type":"Point","coordinates":[95.3789,22.9174]}},{"type":"Feature","properties":{"VILLAGE":"Kan Thar","VLG_MMR":"ကံသာ","TS":"Taze","VT":"Kha Yan Chan","sev":"critical"},"geometry":{"type":"Point","coordinates":[95.2362,22.9867]}},{"type":"Feature","properties":{"VILLAGE":"Kha Yan Chan","VLG_MMR":"ခရမ်းခြံ","TS":"Taze","VT":"Kha Yan Chan","sev":"critical"},"geometry":{"type":"Point","coordinates":[95.2798,22.9444]}},{"type":"Feature","properties":{"VILLAGE":"Let Se","VLG_MMR":"လက်ဆည်","TS":"Taze","VT":"Kha Yan Chan","sev":"critical"},"geometry":{"type":"Point","coordinates":[95.2684,22.9367]}},{"type":"Feature","properties":{"VILLAGE":"Pe Khin Gyi","VLG_MMR":"ပဲခင်းကြီး","TS":"Taze","VT":"Kha Yan Chan","sev":"critical"},"geometry":{"type":"Point","coordinates":[95.2735,22.9461]}},{"type":"Feature","properties":{"VILLAGE":"Shwe Kyar Tan","VLG_MMR":"ရွှေကြာတန်း","TS":"Taze","VT":"Kha Yan Chan","sev":"critical"},"geometry":{"type":"Point","coordinates":[95.3017,22.93]}},{"type":"Feature","properties":{"VILLAGE":"Tha Pyay Yin","VLG_MMR":"သပြေရင်း","TS":"Taze","VT":"Kha Yan Chan","sev":"critical"},"geometry":{"type":"Point","coordinates":[95.2949,22.9416]}},{"type":"Feature","properties":{"VILLAGE":"Thit Yar Pin","VLG_MMR":"သစ်ရာပင်","TS":"Taze","VT":"Kha Yan Chan","sev":"critical"},"geometry":{"type":"Point","coordinates":[95.2505,22.9763]}},{"type":"Feature","properties":{"VILLAGE":"Baung Le","VLG_MMR":"ဘောင်းလဲ","TS":"Taze","VT":"Kon Swar","sev":"critical"},"geometry":{"type":"Point","coordinates":[95.3064,22.9079]}},{"type":"Feature","properties":{"VILLAGE":"Chit Lel","VLG_MMR":"ချစ်လည်","TS":"Taze","VT":"Kon Swar","sev":"critical"},"geometry":{"type":"Point","coordinates":[95.3102,22.9061]}},{"type":"Feature","properties":{"VILLAGE":"Htaung Thwin (East)","VLG_MMR":"ထောင်သွင်း (အရှေ့)","TS":"Taze","VT":"Kon Swar","sev":"critical"},"geometry":{"type":"Point","coordinates":[95.3054,22.9013]}},{"type":"Feature","properties":{"VILLAGE":"Htaung Thwin (Middle)","VLG_MMR":"ထောင်သွင်း (အလယ်)","TS":"Taze","VT":"Kon Swar","sev":"critical"},"geometry":{"type":"Point","coordinates":[95.3022,22.9031]}},{"type":"Feature","properties":{"VILLAGE":"Htaung Thwin (West)","VLG_MMR":"ထောင်သွင်း (အနောက်)","TS":"Taze","VT":"Kon Swar","sev":"critical"},"geometry":{"type":"Point","coordinates":[95.3005,22.9047]}},{"type":"Feature","properties":{"VILLAGE":"Inn Shey","VLG_MMR":"အင်းရှေ့","TS":"Taze","VT":"Kon Swar","sev":"critical"},"geometry":{"type":"Point","coordinates":[95.2868,22.9039]}},{"type":"Feature","properties":{"VILLAGE":"Kon Swar","VLG_MMR":"ကုန်စွာ","TS":"Taze","VT":"Kon Swar","sev":"critical"},"geometry":{"type":"Point","coordinates":[95.2998,22.9088]}},{"type":"Feature","properties":{"VILLAGE":"Kone Yoe","VLG_MMR":"ကုန်းရိုး","TS":"Taze","VT":"Kon Swar","sev":"critical"},"geometry":{"type":"Point","coordinates":[95.2956,22.9272]}},{"type":"Feature","properties":{"VILLAGE":"Pauk Yin","VLG_MMR":"ပေါက်ရင်း","TS":"Taze","VT":"Kon Swar","sev":"critical"},"geometry":{"type":"Point","coordinates":[95.2971,22.9047]}},{"type":"Feature","properties":{"VILLAGE":"Shwe Tone","VLG_MMR":"ရွှေတုံး","TS":"Taze","VT":"Kon Swar","sev":"critical"},"geometry":{"type":"Point","coordinates":[95.2934,22.9207]}},{"type":"Feature","properties":{"VILLAGE":"Kone Yoe (East)","VLG_MMR":"ကုန်းရိုး (အရှေ့)","TS":"Taze","VT":"Kone Yoe","sev":"critical"},"geometry":{"type":"Point","coordinates":[95.367,22.891]}},{"type":"Feature","properties":{"VILLAGE":"Kone Yoe (West)","VLG_MMR":"ကုန်းရိုး (အနောက်)","TS":"Taze","VT":"Kone Yoe","sev":"critical"},"geometry":{"type":"Point","coordinates":[95.3632,22.8932]}},{"type":"Feature","properties":{"VILLAGE":"Sein Sar","VLG_MMR":"စိန်းစား","TS":"Taze","VT":"Kone Yoe","sev":"critical"},"geometry":{"type":"Point","coordinates":[95.3951,22.8897]}},{"type":"Feature","properties":{"VILLAGE":"Tat Kone","VLG_MMR":"တပ်ကုန်း","TS":"Taze","VT":"Kone Yoe","sev":"critical"},"geometry":{"type":"Point","coordinates":[95.3481,22.8979]}},{"type":"Feature","properties":{"VILLAGE":"Ya Da Nar","VLG_MMR":"ရတနာ","TS":"Taze","VT":"Kone Yoe","sev":"critical"},"geometry":{"type":"Point","coordinates":[95.3585,22.8829]}},{"type":"Feature","properties":{"VILLAGE":"Aing Yar Shey","VLG_MMR":"အိုင်ယားရှည်","TS":"Taze","VT":"Kyaung Sin Aing","sev":"critical"},"geometry":{"type":"Point","coordinates":[95.2192,22.9417]}},{"type":"Feature","properties":{"VILLAGE":"Kyaung Kone","VLG_MMR":"ကျောင်းကုန်း","TS":"Taze","VT":"Kyaung Sin Aing","sev":"critical"},"geometry":{"type":"Point","coordinates":[95.2215,22.9274]}},{"type":"Feature","properties":{"VILLAGE":"Kyaung Sin Aing","VLG_MMR":"ကြောင်ဆင်းအိုင်","TS":"Taze","VT":"Kyaung Sin Aing","sev":"critical"},"geometry":{"type":"Point","coordinates":[95.2001,22.9364]}},{"type":"Feature","properties":{"VILLAGE":"Ma Daing Kyin","VLG_MMR":"မဒိုင်ကျင်း","TS":"Taze","VT":"Kyaung Sin Aing","sev":"critical"},"geometry":{"type":"Point","coordinates":[95.1856,22.9728]}},{"type":"Feature","properties":{"VILLAGE":"Yae Shin","VLG_MMR":"ရေရှင်","TS":"Taze","VT":"Kyaung Sin Aing","sev":"critical"},"geometry":{"type":"Point","coordinates":[95.1811,22.9545]}},{"type":"Feature","properties":{"VILLAGE":"In Pin Thar","VLG_MMR":"အင်ပင်သာ","TS":"Taze","VT":"Kyun Lel","sev":"critical"},"geometry":{"type":"Point","coordinates":[95.4165,23.0511]}},{"type":"Feature","properties":{"VILLAGE":"Kyun Lel","VLG_MMR":"ကျွန်းလယ်","TS":"Taze","VT":"Kyun Lel","sev":"critical"},"geometry":{"type":"Point","coordinates":[95.4338,23.0715]}},{"type":"Feature","properties":{"VILLAGE":"Kyun Taw Kone","VLG_MMR":"ကျွန်းတောကုန်း","TS":"Taze","VT":"Kyun Taw Kone","sev":"critical"},"geometry":{"type":"Point","coordinates":[95.3496,22.978]}},{"type":"Feature","properties":{"VILLAGE":"Htan Taw Su","VLG_MMR":"ထန်းတောစု","TS":"Taze","VT":"Lel Tee","sev":"critical"},"geometry":{"type":"Point","coordinates":[95.2425,22.9021]}},{"type":"Feature","properties":{"VILLAGE":"Kan Thit","VLG_MMR":"ကံသစ်","TS":"Taze","VT":"Lel Tee","sev":"critical"},"geometry":{"type":"Point","coordinates":[95.2236,22.8963]}},{"type":"Feature","properties":{"VILLAGE":"Lel Tee","VLG_MMR":"လယ်တီး","TS":"Taze","VT":"Lel Tee","sev":"critical"},"geometry":{"type":"Point","coordinates":[95.2396,22.9017]}},{"type":"Feature","properties":{"VILLAGE":"Sat Pyar Aing","VLG_MMR":"ဆပ်ပြာအိုင်","TS":"Taze","VT":"Lel Tee","sev":"critical"},"geometry":{"type":"Point","coordinates":[95.2119,22.9204]}},{"type":"Feature","properties":{"VILLAGE":"Sin Thay Kone","VLG_MMR":"ဆင်သေကုန်း","TS":"Taze","VT":"Lel Tee","sev":"critical"},"geometry":{"type":"Point","coordinates":[95.2394,22.8881]}},{"type":"Feature","properties":{"VILLAGE":"Khaung Yar","VLG_MMR":"ခေါင်ရာ","TS":"Taze","VT":"Mauk Tet","sev":"critical"},"geometry":{"type":"Point","coordinates":[95.0868,23.0677]}},{"type":"Feature","properties":{"VILLAGE":"Mauk Tet","VLG_MMR":"မောက်တက်","TS":"Taze","VT":"Mauk Tet","sev":"critical"},"geometry":{"type":"Point","coordinates":[95.0621,23.1101]}},{"type":"Feature","properties":{"VILLAGE":"Mu Gwa","VLG_MMR":"မူးဂွ","TS":"Taze","VT":"Mu Gwa","sev":"critical"},"geometry":{"type":"Point","coordinates":[95.4055,23.1187]}},{"type":"Feature","properties":{"VILLAGE":"Mu Tein","VLG_MMR":"မူးတိမ်","TS":"Taze","VT":"Mu Gwa","sev":"critical"},"geometry":{"type":"Point","coordinates":[95.3881,23.1525]}},{"type":"Feature","properties":{"VILLAGE":"Ah Shey Su","VLG_MMR":"အရှေ့စု","TS":"Taze","VT":"Na Bet Gyi","sev":"critical"},"geometry":{"type":"Point","coordinates":[95.3674,23.016]}},{"type":"Feature","properties":{"VILLAGE":"Na Bet Gyi","VLG_MMR":"နဘက်ကြီး","TS":"Taze","VT":"Na Bet Gyi","sev":"critical"},"geometry":{"type":"Point","coordinates":[95.3606,23.0163]}},{"type":"Feature","properties":{"VILLAGE":"Nay Pu Kone","VLG_MMR":"နေပူကုန်း","TS":"Taze","VT":"Na Bet Gyi","sev":"critical"},"geometry":{"type":"Point","coordinates":[95.3537,23.0235]}},{"type":"Feature","properties":{"VILLAGE":"Nyaung Ngoke To","VLG_MMR":"ညောင်ငုတ္တို","TS":"Taze","VT":"Na Bet Gyi","sev":"critical"},"geometry":{"type":"Point","coordinates":[95.3559,23.0257]}},{"type":"Feature","properties":{"VILLAGE":"Thet Kei Tan","VLG_MMR":"သက္ကယ်တန်း","TS":"Taze","VT":"Na Bet Gyi","sev":"critical"},"geometry":{"type":"Point","coordinates":[95.3622,23.026]}},{"type":"Feature","properties":{"VILLAGE":"Gway Kone","VLG_MMR":"ဂွေးကုန်း","TS":"Taze","VT":"Na Bet Nge","sev":"critical"},"geometry":{"type":"Point","coordinates":[95.3805,23.0411]}},{"type":"Feature","properties":{"VILLAGE":"Na Bet Nge","VLG_MMR":"နဘက်ငယ်","TS":"Taze","VT":"Na Bet Nge","sev":"critical"},"geometry":{"type":"Point","coordinates":[95.3612,23.0348]}},{"type":"Feature","properties":{"VILLAGE":"Shwe Kyin","VLG_MMR":"ရွှေကျင်","TS":"Taze","VT":"Na Bet Nge","sev":"critical"},"geometry":{"type":"Point","coordinates":[95.3905,23.0669]}},{"type":"Feature","properties":{"VILLAGE":"Ta Se Kye","VLG_MMR":"တဆယ်ကျဲ","TS":"Taze","VT":"Na Bet Nge","sev":"critical"},"geometry":{"type":"Point","coordinates":[95.3643,23.0559]}},{"type":"Feature","properties":{"VILLAGE":"Taung Taw","VLG_MMR":"တောင်တော","TS":"Taze","VT":"Na Bet Nge","sev":"critical"},"geometry":{"type":"Point","coordinates":[95.3535,23.0319]}},{"type":"Feature","properties":{"VILLAGE":"Inn Hlyar Shey","VLG_MMR":"အင်းလျှားရှည်","TS":"Taze","VT":"Na Nwin Taw","sev":"critical"},"geometry":{"type":"Point","coordinates":[95.1224,23.2763]}},{"type":"Feature","properties":{"VILLAGE":"Na Nwin Taw (East)","VLG_MMR":"နနွင်းတော (ရှေ့)","TS":"Taze","VT":"Na Nwin Taw","sev":"critical"},"geometry":{"type":"Point","coordinates":[95.2187,23.2377]}},{"type":"Feature","properties":{"VILLAGE":"Na Nwin Taw (West)","VLG_MMR":"နနွင်းတော (နောက်)","TS":"Taze","VT":"Na Nwin Taw","sev":"critical"},"geometry":{"type":"Point","coordinates":[95.2135,23.2363]}},{"type":"Feature","properties":{"VILLAGE":"Sa Par Te","VLG_MMR":"စပါးတဲ","TS":"Taze","VT":"Na Nwin Taw","sev":"critical"},"geometry":{"type":"Point","coordinates":[95.1586,23.2492]}},{"type":"Feature","properties":{"VILLAGE":"See Thar","VLG_MMR":"စီးသာ","TS":"Taze","VT":"Na Nwin Taw","sev":"critical"},"geometry":{"type":"Point","coordinates":[95.2669,23.2491]}},{"type":"Feature","properties":{"VILLAGE":"Kan Pauk","VLG_MMR":"ကံပေါက်","TS":"Taze","VT":"Nga Nu Chaung","sev":"critical"},"geometry":{"type":"Point","coordinates":[95.34,22.9235]}},{"type":"Feature","properties":{"VILLAGE":"Lin Hteik","VLG_MMR":"လင်းထိပ်","TS":"Taze","VT":"Nga Nu Chaung","sev":"critical"},"geometry":{"type":"Point","coordinates":[95.3198,22.9128]}},{"type":"Feature","properties":{"VILLAGE":"Nga Nu Chaung","VLG_MMR":"ငနုချောင်း","TS":"Taze","VT":"Nga Nu Chaung","sev":"critical"},"geometry":{"type":"Point","coordinates":[95.317,22.9154]}},{"type":"Feature","properties":{"VILLAGE":"Nyaung Yin (East)","VLG_MMR":"ညောင်ရင်း (ရှေ့)","TS":"Taze","VT":"Nga Nu Chaung","sev":"critical"},"geometry":{"type":"Point","coordinates":[95.314,22.9189]}},{"type":"Feature","properties":{"VILLAGE":"Nyaung Yin (West)","VLG_MMR":"ညောင်ရင်း (နောက်)","TS":"Taze","VT":"Nga Nu Chaung","sev":"critical"},"geometry":{"type":"Point","coordinates":[95.3105,22.9202]}},{"type":"Feature","properties":{"VILLAGE":"Tan Seik","VLG_MMR":"တံဆိပ်","TS":"Taze","VT":"Nga Nu Chaung","sev":"critical"},"geometry":{"type":"Point","coordinates":[95.3313,22.9073]}},{"type":"Feature","properties":{"VILLAGE":"War Yon Kan","VLG_MMR":"ဝါးရုံကန်","TS":"Taze","VT":"Nga Nu Chaung","sev":"critical"},"geometry":{"type":"Point","coordinates":[95.3294,22.9298]}},{"type":"Feature","properties":{"VILLAGE":"Ywar Thit","VLG_MMR":"ရွာသစ်","TS":"Taze","VT":"Nga Nu Chaung","sev":"critical"},"geometry":{"type":"Point","coordinates":[95.3132,22.9283]}},{"type":"Feature","properties":{"VILLAGE":"Nga Tan","VLG_MMR":"ငတန်း","TS":"Taze","VT":"Nga Tan","sev":"critical"},"geometry":{"type":"Point","coordinates":[95.4507,22.9363]}},{"type":"Feature","properties":{"VILLAGE":"Shwe Hlan","VLG_MMR":"ရွှေလှန်","TS":"Taze","VT":"Nga Tan","sev":"critical"},"geometry":{"type":"Point","coordinates":[95.4569,22.9377]}},{"type":"Feature","properties":{"VILLAGE":"Nyan Thar","VLG_MMR":"ညံသာ","TS":"Taze","VT":"Nyan Thar","sev":"critical"},"geometry":{"type":"Point","coordinates":[95.4297,22.9791]}},{"type":"Feature","properties":{"VILLAGE":"Thar Si Kone","VLG_MMR":"သာစီကုံး","TS":"Taze","VT":"Nyan Thar","sev":"critical"},"geometry":{"type":"Point","coordinates":[95.4382,22.9633]}},{"type":"Feature","properties":{"VILLAGE":"Chaung Nar","VLG_MMR":"ချောင်းနား","TS":"Taze","VT":"Nyaung Zee Kone","sev":"critical"},"geometry":{"type":"Point","coordinates":[95.3017,22.8717]}},{"type":"Feature","properties":{"VILLAGE":"In Pin Hla","VLG_MMR":"အင်ပင်လှ","TS":"Taze","VT":"Nyaung Zee Kone","sev":"critical"},"geometry":{"type":"Point","coordinates":[95.3089,22.8713]}},{"type":"Feature","properties":{"VILLAGE":"Kone Yoe","VLG_MMR":"ကုန်းရိုး","TS":"Taze","VT":"Nyaung Zee Kone","sev":"critical"},"geometry":{"type":"Point","coordinates":[95.2948,22.8614]}},{"type":"Feature","properties":{"VILLAGE":"Kyee Kone (North)","VLG_MMR":"ကျီကုန်း (မြောက်)","TS":"Taze","VT":"Nyaung Zee Kone","sev":"critical"},"geometry":{"type":"Point","coordinates":[95.3086,22.8638]}},{"type":"Feature","properties":{"VILLAGE":"Kyee Kone (South)","VLG_MMR":"ကျီကုန်း (တောင်)","TS":"Taze","VT":"Nyaung Zee Kone","sev":"critical"},"geometry":{"type":"Point","coordinates":[95.3074,22.8602]}},{"type":"Feature","properties":{"VILLAGE":"Ma Kyee Yar","VLG_MMR":"မကျီးယား","TS":"Taze","VT":"Nyaung Zee Kone","sev":"critical"},"geometry":{"type":"Point","coordinates":[95.2991,22.8812]}},{"type":"Feature","properties":{"VILLAGE":"Nyaung Zee Kone","VLG_MMR":"ညောင်ဇီးကုန်း","TS":"Taze","VT":"Nyaung Zee Kone","sev":"critical"},"geometry":{"type":"Point","coordinates":[95.3076,22.879]}},{"type":"Feature","properties":{"VILLAGE":"Pauk Taw","VLG_MMR":"ပေါက်တော","TS":"Taze","VT":"Nyaung Zee Kone","sev":"critical"},"geometry":{"type":"Point","coordinates":[95.2855,22.864]}},{"type":"Feature","properties":{"VILLAGE":"Sa Bai Hpyu (East)","VLG_MMR":"စပယ်ဖြူ (အရှေ့)","TS":"Taze","VT":"Nyaung Zee Kone","sev":"critical"},"geometry":{"type":"Point","coordinates":[95.2965,22.8644]}},{"type":"Feature","properties":{"VILLAGE":"Sa Bai Hpyu (West)","VLG_MMR":"စပယ်ဖြူ (အနောက်)","TS":"Taze","VT":"Nyaung Zee Kone","sev":"critical"},"geometry":{"type":"Point","coordinates":[95.2922,22.8639]}},{"type":"Feature","properties":{"VILLAGE":"Saw Me","VLG_MMR":"စောမဲ","TS":"Taze","VT":"Nyaung Zee Kone","sev":"critical"},"geometry":{"type":"Point","coordinates":[95.2838,22.8573]}},{"type":"Feature","properties":{"VILLAGE":"Su Lay Kone","VLG_MMR":"ဆူးလေကုန်း","TS":"Taze","VT":"Nyaung Zee Kone","sev":"critical"},"geometry":{"type":"Point","coordinates":[95.2925,22.8765]}},{"type":"Feature","properties":{"VILLAGE":"Oke Hpo Aing","VLG_MMR":"အုတ်ဖိုအိုင်","TS":"Taze","VT":"Oke Hpo Aing","sev":"critical"},"geometry":{"type":"Point","coordinates":[95.3504,23.0056]}},{"type":"Feature","properties":{"VILLAGE":"Pein Hne Kone","VLG_MMR":"ပိန်းနှဲကုန်း","TS":"Taze","VT":"Oke Hpo Aing","sev":"critical"},"geometry":{"type":"Point","coordinates":[95.3517,23.0035]}},{"type":"Feature","properties":{"VILLAGE":"Ywar Thit","VLG_MMR":"ရွာသစ်","TS":"Taze","VT":"Oke Hpo Aing","sev":"critical"},"geometry":{"type":"Point","coordinates":[95.3528,23.0081]}},{"type":"Feature","properties":{"VILLAGE":"Pa Kar","VLG_MMR":"ပကာ","TS":"Taze","VT":"Pa Kar","sev":"critical"},"geometry":{"type":"Point","coordinates":[95.0949,23.044]}},{"type":"Feature","properties":{"VILLAGE":"Sat Chay Ku","VLG_MMR":"ဆပ်ချေးကူး","TS":"Taze","VT":"Pa Kar","sev":"critical"},"geometry":{"type":"Point","coordinates":[95.1158,23.036]}},{"type":"Feature","properties":{"VILLAGE":"Sin Thin","VLG_MMR":"စင်းသင်း","TS":"Taze","VT":"Pa Kar","sev":"critical"},"geometry":{"type":"Point","coordinates":[95.1392,23.0265]}},{"type":"Feature","properties":{"VILLAGE":"Pay Kone","VLG_MMR":"ပေကုန်း","TS":"Taze","VT":"Pay Kone","sev":"critical"},"geometry":{"type":"Point","coordinates":[95.3411,23.0299]}},{"type":"Feature","properties":{"VILLAGE":"Htan Kone Gyi","VLG_MMR":"ထန်းကုန်းကြီး","TS":"Taze","VT":"Pu Tee","sev":"critical"},"geometry":{"type":"Point","coordinates":[95.3209,23.2189]}},{"type":"Feature","properties":{"VILLAGE":"Pu Tee","VLG_MMR":"ပုတီး","TS":"Taze","VT":"Pu Tee","sev":"critical"},"geometry":{"type":"Point","coordinates":[95.3094,23.2428]}},{"type":"Feature","properties":{"VILLAGE":"Wet Toe","VLG_MMR":"ဝက်တိုး","TS":"Taze","VT":"Pu Tee","sev":"critical"},"geometry":{"type":"Point","coordinates":[95.3633,23.2168]}},{"type":"Feature","properties":{"VILLAGE":"Daung Kway","VLG_MMR":"ဒေါင်ကွေး","TS":"Taze","VT":"San Swea","sev":"critical"},"geometry":{"type":"Point","coordinates":[95.2771,22.916]}},{"type":"Feature","properties":{"VILLAGE":"Hpo Hnoke","VLG_MMR":"ဖိုနှုတ်","TS":"Taze","VT":"San Swea","sev":"critical"},"geometry":{"type":"Point","coordinates":[95.2804,22.9228]}},{"type":"Feature","properties":{"VILLAGE":"In Taw Yoe","VLG_MMR":"အင်တောရိုး","TS":"Taze","VT":"San Swea","sev":"critical"},"geometry":{"type":"Point","coordinates":[95.2686,22.9298]}},{"type":"Feature","properties":{"VILLAGE":"Kaw Tet","VLG_MMR":"ကော်တက်","TS":"Taze","VT":"San Swea","sev":"critical"},"geometry":{"type":"Point","coordinates":[95.278,22.9306]}},{"type":"Feature","properties":{"VILLAGE":"Lel Boke Gyi","VLG_MMR":"လယ်ဘုတ်ကြီး","TS":"Taze","VT":"San Swea","sev":"critical"},"geometry":{"type":"Point","coordinates":[95.2785,22.9065]}},{"type":"Feature","properties":{"VILLAGE":"Oke Shit Kone","VLG_MMR":"အုပ်ရှစ်ကုန်း","TS":"Taze","VT":"San Swea","sev":"critical"},"geometry":{"type":"Point","coordinates":[95.2769,22.9237]}},{"type":"Feature","properties":{"VILLAGE":"Pay Kone","VLG_MMR":"ပေကုန်း","TS":"Taze","VT":"San Swea","sev":"critical"},"geometry":{"type":"Point","coordinates":[95.2621,22.9364]}},{"type":"Feature","properties":{"VILLAGE":"San Swea","VLG_MMR":"ဆန်ဆွဲ","TS":"Taze","VT":"San Swea","sev":"critical"},"geometry":{"type":"Point","coordinates":[95.2745,22.9177]}},{"type":"Feature","properties":{"VILLAGE":"See Gyi","VLG_MMR":"စီးကြီး","TS":"Taze","VT":"San Swea","sev":"critical"},"geometry":{"type":"Point","coordinates":[95.2843,22.9141]}},{"type":"Feature","properties":{"VILLAGE":"Yae Shin Kone","VLG_MMR":"ရေရှင်ကုန်း","TS":"Taze","VT":"San Swea","sev":"critical"},"geometry":{"type":"Point","coordinates":[95.2576,22.9341]}},{"type":"Feature","properties":{"VILLAGE":"Chat Taw","VLG_MMR":"ချပ်တော","TS":"Taze","VT":"Sein Nan","sev":"critical"},"geometry":{"type":"Point","coordinates":[95.066,23.2663]}},{"type":"Feature","properties":{"VILLAGE":"Inn","VLG_MMR":"အင်း","TS":"Taze","VT":"Sein Nan","sev":"critical"},"geometry":{"type":"Point","coordinates":[94.9965,23.1704]}},{"type":"Feature","properties":{"VILLAGE":"Ka Deik","VLG_MMR":"ကဒိတ်","TS":"Taze","VT":"Sein Nan","sev":"critical"},"geometry":{"type":"Point","coordinates":[95.0055,23.1991]}},{"type":"Feature","properties":{"VILLAGE":"Kauk Gyi","VLG_MMR":"ကောက်ကြီး","TS":"Taze","VT":"Sein Nan","sev":"critical"},"geometry":{"type":"Point","coordinates":[95.0117,23.2372]}},{"type":"Feature","properties":{"VILLAGE":"Khaung Tone","VLG_MMR":"ခေါင်းတုံး","TS":"Taze","VT":"Sein Nan","sev":"critical"},"geometry":{"type":"Point","coordinates":[94.9786,23.2461]}},{"type":"Feature","properties":{"VILLAGE":"Mon Pin","VLG_MMR":"မုံပင်","TS":"Taze","VT":"Sein Nan","sev":"critical"},"geometry":{"type":"Point","coordinates":[95.021,23.2268]}},{"type":"Feature","properties":{"VILLAGE":"Sein Nan","VLG_MMR":"စိန်းနန်း","TS":"Taze","VT":"Sein Nan","sev":"critical"},"geometry":{"type":"Point","coordinates":[95.0328,23.2338]}},{"type":"Feature","properties":{"VILLAGE":"Kywe Swea","VLG_MMR":"ကျွဲဆွဲ","TS":"Taze","VT":"Shwe Ka Taw","sev":"critical"},"geometry":{"type":"Point","coordinates":[95.376,22.9323]}},{"type":"Feature","properties":{"VILLAGE":"Shwe Ka Taw","VLG_MMR":"ရွှေကတော်","TS":"Taze","VT":"Shwe Ka Taw","sev":"critical"},"geometry":{"type":"Point","coordinates":[95.3749,22.9356]}},{"type":"Feature","properties":{"VILLAGE":"Nwar Khon","VLG_MMR":"နွားခုန်","TS":"Taze","VT":"Shwe Ku","sev":"critical"},"geometry":{"type":"Point","coordinates":[95.2573,22.8729]}},{"type":"Feature","properties":{"VILLAGE":"Pauk Taw","VLG_MMR":"ပေါက်တော","TS":"Taze","VT":"Shwe Ku","sev":"critical"},"geometry":{"type":"Point","coordinates":[95.2834,22.8651]}},{"type":"Feature","properties":{"VILLAGE":"Pay Kone","VLG_MMR":"ပေကုန်း","TS":"Taze","VT":"Shwe Ku","sev":"critical"},"geometry":{"type":"Point","coordinates":[95.2684,22.8644]}},{"type":"Feature","properties":{"VILLAGE":"Shwe Ku","VLG_MMR":"ရွှေကူ","TS":"Taze","VT":"Shwe Ku","sev":"critical"},"geometry":{"type":"Point","coordinates":[95.2771,22.8726]}},{"type":"Feature","properties":{"VILLAGE":"Shwe Ku Lay (Bant Bway Kone)","VLG_MMR":"ရွှေကူလေး (ဘန့်ဘွေးကုံး)","TS":"Taze","VT":"Shwe Ku","sev":"critical"},"geometry":{"type":"Point","coordinates":[95.2704,22.8696]}},{"type":"Feature","properties":{"VILLAGE":"Tha Yet Kone","VLG_MMR":"သရက်ကုန်း","TS":"Taze","VT":"Shwe Ku","sev":"critical"},"geometry":{"type":"Point","coordinates":[95.249,22.9023]}},{"type":"Feature","properties":{"VILLAGE":"Shwe Ta Kyay","VLG_MMR":"ရွှေတကျေး","TS":"Taze","VT":"Shwe Ta Kyay","sev":"critical"},"geometry":{"type":"Point","coordinates":[95.4181,22.9137]}},{"type":"Feature","properties":{"VILLAGE":"Sin Nge","VLG_MMR":"ဆင်ငယ်","TS":"Taze","VT":"Sin Nge","sev":"critical"},"geometry":{"type":"Point","coordinates":[95.3667,22.972]}},{"type":"Feature","properties":{"VILLAGE":"Aing Yar","VLG_MMR":"အိုင်ယား","TS":"Taze","VT":"Ta Poe","sev":"critical"},"geometry":{"type":"Point","coordinates":[95.2681,23.0305]}},{"type":"Feature","properties":{"VILLAGE":"Hnan Khin Gyi","VLG_MMR":"နှမ်းခင်းကြီး","TS":"Taze","VT":"Ta Poe","sev":"critical"},"geometry":{"type":"Point","coordinates":[95.2889,23.0395]}},{"type":"Feature","properties":{"VILLAGE":"Ta Poe","VLG_MMR":"တပိုး","TS":"Taze","VT":"Ta Poe","sev":"critical"},"geometry":{"type":"Point","coordinates":[95.2823,23.0355]}},{"type":"Feature","properties":{"VILLAGE":"Thea Kone","VLG_MMR":"သဲကုန်း","TS":"Taze","VT":"Ta Poe","sev":"critical"},"geometry":{"type":"Point","coordinates":[95.3038,23.031]}},{"type":"Feature","properties":{"VILLAGE":"Yae Thauk Aing","VLG_MMR":"ရေသောက်အိုင်","TS":"Taze","VT":"Ta Poe","sev":"critical"},"geometry":{"type":"Point","coordinates":[95.3022,23.0353]}},{"type":"Feature","properties":{"VILLAGE":"Taung Hon","VLG_MMR":"တောင်ဟုန်","TS":"Taze","VT":"Taw Gyin","sev":"critical"},"geometry":{"type":"Point","coordinates":[95.0487,23.046]}},{"type":"Feature","properties":{"VILLAGE":"Taw Gyin","VLG_MMR":"တောဂျင်","TS":"Taze","VT":"Taw Gyin","sev":"critical"},"geometry":{"type":"Point","coordinates":[94.991,23.0433]}},{"type":"Feature","properties":{"VILLAGE":"Chin Kone","VLG_MMR":"ချင်ကုန်း","TS":"Taze","VT":"Thea Sar","sev":"critical"},"geometry":{"type":"Point","coordinates":[95.3278,23.0543]}},{"type":"Feature","properties":{"VILLAGE":"In Taw Thar","VLG_MMR":"အင်တောသာ","TS":"Taze","VT":"Thea Sar","sev":"critical"},"geometry":{"type":"Point","coordinates":[95.3496,23.0537]}},{"type":"Feature","properties":{"VILLAGE":"Inn Nar","VLG_MMR":"အင်းနား","TS":"Taze","VT":"Thea Sar","sev":"critical"},"geometry":{"type":"Point","coordinates":[95.3254,23.0657]}},{"type":"Feature","properties":{"VILLAGE":"Thea Sar (East)","VLG_MMR":"သဲစား (အရှေ့)","TS":"Taze","VT":"Thea Sar","sev":"critical"},"geometry":{"type":"Point","coordinates":[95.3434,23.0546]}},{"type":"Feature","properties":{"VILLAGE":"Thea Sar (West)","VLG_MMR":"သဲစား (နောက်)","TS":"Taze","VT":"Thea Sar","sev":"critical"},"geometry":{"type":"Point","coordinates":[95.3375,23.0562]}},{"type":"Feature","properties":{"VILLAGE":"Wet Myay Taw","VLG_MMR":"ဝက်မြေတော","TS":"Taze","VT":"Thea Sar","sev":"critical"},"geometry":{"type":"Point","coordinates":[95.3234,23.0702]}},{"type":"Feature","properties":{"VILLAGE":"Thit Say Kone (North)","VLG_MMR":"သစ္စေးကုန်း (မြောက်)","TS":"Taze","VT":"Thit Say Kone","sev":"critical"},"geometry":{"type":"Point","coordinates":[95.3365,23.0478]}},{"type":"Feature","properties":{"VILLAGE":"Thit Say Kone (South)","VLG_MMR":"သစ္စေးကုန်း (တောင်)","TS":"Taze","VT":"Thit Say Kone","sev":"critical"},"geometry":{"type":"Point","coordinates":[95.3335,23.0444]}},{"type":"Feature","properties":{"VILLAGE":"Yun Aing","VLG_MMR":"ရွန်အိုင်","TS":"Taze","VT":"Thit Say Kone","sev":"critical"},"geometry":{"type":"Point","coordinates":[95.3131,23.0323]}},{"type":"Feature","properties":{"VILLAGE":"Hnget Pyaw Taw","VLG_MMR":"ငှက်ပျောတော","TS":"Taze","VT":"Thit Taw Pauk","sev":"critical"},"geometry":{"type":"Point","coordinates":[95.3205,23.0616]}},{"type":"Feature","properties":{"VILLAGE":"Thar Si Kone","VLG_MMR":"သာစီကုန်း","TS":"Taze","VT":"Thit Taw Pauk","sev":"critical"},"geometry":{"type":"Point","coordinates":[95.3115,23.0368]}},{"type":"Feature","properties":{"VILLAGE":"Thit Taw Pauk (North)","VLG_MMR":"သစ်တော်ပေါက် (မြောက်)","TS":"Taze","VT":"Thit Taw Pauk","sev":"critical"},"geometry":{"type":"Point","coordinates":[95.3032,23.0559]}},{"type":"Feature","properties":{"VILLAGE":"Thit Taw Pauk (South)","VLG_MMR":"သစ်တော်ပေါက် (တောင်)","TS":"Taze","VT":"Thit Taw Pauk","sev":"critical"},"geometry":{"type":"Point","coordinates":[95.3048,23.0418]}},{"type":"Feature","properties":{"VILLAGE":"Ywar Thit","VLG_MMR":"ရွာသစ်","TS":"Taze","VT":"Thit Taw Pauk","sev":"critical"},"geometry":{"type":"Point","coordinates":[95.3129,23.0405]}},{"type":"Feature","properties":{"VILLAGE":"Aung Thu Kha","VLG_MMR":"အောင်သုခ","TS":"Taze","VT":"Toke Ta Loke","sev":"critical"},"geometry":{"type":"Point","coordinates":[95.4405,22.9734]}},{"type":"Feature","properties":{"VILLAGE":"Byet Gyi","VLG_MMR":"ဗျက်ကြီး","TS":"Taze","VT":"Toke Ta Loke","sev":"critical"},"geometry":{"type":"Point","coordinates":[95.4517,23.015]}},{"type":"Feature","properties":{"VILLAGE":"Nar Taung Kya","VLG_MMR":"နားဋောင်းကျ","TS":"Taze","VT":"Toke Ta Loke","sev":"critical"},"geometry":{"type":"Point","coordinates":[95.444,23.0306]}},{"type":"Feature","properties":{"VILLAGE":"Thar Kay Ta","VLG_MMR":"သာကေတ","TS":"Taze","VT":"Toke Ta Loke","sev":"critical"},"geometry":{"type":"Point","coordinates":[95.4342,23.0069]}},{"type":"Feature","properties":{"VILLAGE":"Toke Ta Loke","VLG_MMR":"တုတ္တလုပ်","TS":"Taze","VT":"Toke Ta Loke","sev":"critical"},"geometry":{"type":"Point","coordinates":[95.4441,22.9874]}},{"type":"Feature","properties":{"VILLAGE":"Toke Ta Loke (South)","VLG_MMR":"တုတ္တလုပ် (တောင်)","TS":"Taze","VT":"Toke Ta Loke","sev":"critical"},"geometry":{"type":"Point","coordinates":[95.4352,22.9699]}},{"type":"Feature","properties":{"VILLAGE":"In Ta Khar","VLG_MMR":"အင်တခါး","TS":"Taze","VT":"War Ya Nge","sev":"critical"},"geometry":{"type":"Point","coordinates":[95.3266,22.932]}},{"type":"Feature","properties":{"VILLAGE":"Kha Nu Se","VLG_MMR":"ခနုဆည်","TS":"Taze","VT":"War Ya Nge","sev":"critical"},"geometry":{"type":"Point","coordinates":[95.3408,22.962]}},{"type":"Feature","properties":{"VILLAGE":"Koe Taung Boet","VLG_MMR":"ကိုးတောင်ဘို့","TS":"Taze","VT":"War Ya Nge","sev":"critical"},"geometry":{"type":"Point","coordinates":[95.3354,22.9345]}},{"type":"Feature","properties":{"VILLAGE":"Thar Yar Kone","VLG_MMR":"သာယာကုန်း","TS":"Taze","VT":"War Ya Nge","sev":"critical"},"geometry":{"type":"Point","coordinates":[95.3262,22.9394]}},{"type":"Feature","properties":{"VILLAGE":"War Ya Nge","VLG_MMR":"ဝါးရငယ်","TS":"Taze","VT":"War Ya Nge","sev":"critical"},"geometry":{"type":"Point","coordinates":[95.3397,22.9502]}},{"type":"Feature","properties":{"VILLAGE":"Inn Bat","VLG_MMR":"အင်းဘတ်","TS":"Taze","VT":"Yae U Kone","sev":"critical"},"geometry":{"type":"Point","coordinates":[95.4136,23.0061]}},{"type":"Feature","properties":{"VILLAGE":"Myauk Inn","VLG_MMR":"မြောက်အင်း","TS":"Taze","VT":"Yae U Kone","sev":"critical"},"geometry":{"type":"Point","coordinates":[95.4005,23.0337]}},{"type":"Feature","properties":{"VILLAGE":"Nyaung Lay Pin","VLG_MMR":"ညောင်လေးပင်","TS":"Taze","VT":"Yae U Kone","sev":"critical"},"geometry":{"type":"Point","coordinates":[95.4207,23.012]}},{"type":"Feature","properties":{"VILLAGE":"Oe Thei Kone","VLG_MMR":"အိုးသယ်ကုန်း","TS":"Taze","VT":"Yae U Kone","sev":"critical"},"geometry":{"type":"Point","coordinates":[95.4145,23.0191]}},{"type":"Feature","properties":{"VILLAGE":"Thar Yar Kone","VLG_MMR":"သာယာကုန်း","TS":"Taze","VT":"Yae U Kone","sev":"critical"},"geometry":{"type":"Point","coordinates":[95.4172,23.0292]}},{"type":"Feature","properties":{"VILLAGE":"Yae U Kone","VLG_MMR":"ရေဦးကုန်း","TS":"Taze","VT":"Yae U Kone","sev":"critical"},"geometry":{"type":"Point","coordinates":[95.3832,23.0154]}},{"type":"Feature","properties":{"VILLAGE":"Chaung Bo Nar","VLG_MMR":"ချောင်းဘိုနား","TS":"Taze","VT":"Ywar Ma","sev":"critical"},"geometry":{"type":"Point","coordinates":[95.2843,22.8825]}},{"type":"Feature","properties":{"VILLAGE":"Gan Gaw","VLG_MMR":"ဂန်ဂေါ်","TS":"Taze","VT":"Ywar Ma","sev":"critical"},"geometry":{"type":"Point","coordinates":[95.2953,22.8877]}},{"type":"Feature","properties":{"VILLAGE":"Inn Nar","VLG_MMR":"အင်းနား","TS":"Taze","VT":"Ywar Ma","sev":"critical"},"geometry":{"type":"Point","coordinates":[95.2834,22.9039]}},{"type":"Feature","properties":{"VILLAGE":"Inn Taw","VLG_MMR":"အင်းတော","TS":"Taze","VT":"Ywar Ma","sev":"critical"},"geometry":{"type":"Point","coordinates":[95.2925,22.9038]}},{"type":"Feature","properties":{"VILLAGE":"Ka Toe Kone","VLG_MMR":"ကတိုးကုန်း","TS":"Taze","VT":"Ywar Ma","sev":"critical"},"geometry":{"type":"Point","coordinates":[95.2943,22.8827]}},{"type":"Feature","properties":{"VILLAGE":"Lein Kone","VLG_MMR":"လိမ်ကုန်း","TS":"Taze","VT":"Ywar Ma","sev":"critical"},"geometry":{"type":"Point","coordinates":[95.2874,22.8854]}},{"type":"Feature","properties":{"VILLAGE":"Let Se Kan","VLG_MMR":"လက်ဆည်ကန်","TS":"Taze","VT":"Ywar Ma","sev":"critical"},"geometry":{"type":"Point","coordinates":[95.2743,22.8974]}},{"type":"Feature","properties":{"VILLAGE":"Nyaungdon","VLG_MMR":"ညောင်တုန်း","TS":"Taze","VT":"Ywar Ma","sev":"critical"},"geometry":{"type":"Point","coordinates":[95.2851,22.8905]}},{"type":"Feature","properties":{"VILLAGE":"Ywar Ma","VLG_MMR":"ရွာမ","TS":"Taze","VT":"Ywar Ma","sev":"critical"},"geometry":{"type":"Point","coordinates":[95.2987,22.8961]}},{"type":"Feature","properties":{"VILLAGE":"Aing Ma","VLG_MMR":"အိုင်းမ","TS":"Taze","VT":"Ywar Mon Taung","sev":"critical"},"geometry":{"type":"Point","coordinates":[95.0682,23.0569]}},{"type":"Feature","properties":{"VILLAGE":"Tway Ti","VLG_MMR":"တွေးတီ","TS":"Taze","VT":"Ywar Mon Taung","sev":"critical"},"geometry":{"type":"Point","coordinates":[94.9901,23.1]}},{"type":"Feature","properties":{"VILLAGE":"Waing Kyo","VLG_MMR":"ဝိုင်းကျို","TS":"Taze","VT":"Ywar Mon Taung","sev":"critical"},"geometry":{"type":"Point","coordinates":[94.9727,23.0741]}},{"type":"Feature","properties":{"VILLAGE":"Ywar Mon Taung","VLG_MMR":"ရွာမုံတောင်","TS":"Taze","VT":"Ywar Mon Taung","sev":"critical"},"geometry":{"type":"Point","coordinates":[94.9996,23.085]}},{"type":"Feature","properties":{"VILLAGE":"Et Gyi","VLG_MMR":"အက်ကြီး","TS":"Taze","VT":"Ywar Shey (North)","sev":"critical"},"geometry":{"type":"Point","coordinates":[95.3636,23.1272]}},{"type":"Feature","properties":{"VILLAGE":"Hpet Than Kone","VLG_MMR":"ဖက်သန်းကုန်း","TS":"Taze","VT":"Ywar Shey (North)","sev":"critical"},"geometry":{"type":"Point","coordinates":[95.3842,23.1012]}},{"type":"Feature","properties":{"VILLAGE":"Htan Pin Seik","VLG_MMR":"ထန်းပင်ဆိပ်","TS":"Taze","VT":"Ywar Shey (North)","sev":"critical"},"geometry":{"type":"Point","coordinates":[95.3707,23.1119]}},{"type":"Feature","properties":{"VILLAGE":"Kha Yu Taw","VLG_MMR":"ခရုတော","TS":"Taze","VT":"Ywar Shey (North)","sev":"critical"},"geometry":{"type":"Point","coordinates":[95.271,23.1471]}},{"type":"Feature","properties":{"VILLAGE":"Kone Aing","VLG_MMR":"ကုန်းအိုင်","TS":"Taze","VT":"Ywar Shey (North)","sev":"critical"},"geometry":{"type":"Point","coordinates":[95.3548,23.1013]}},{"type":"Feature","properties":{"VILLAGE":"Mei Za Li Kone","VLG_MMR":"မယ်ဇလီကုန်း","TS":"Taze","VT":"Ywar Shey (North)","sev":"critical"},"geometry":{"type":"Point","coordinates":[95.3392,23.1264]}},{"type":"Feature","properties":{"VILLAGE":"Nan Taung Yon","VLG_MMR":"နန်းဋောင်းရုံ","TS":"Taze","VT":"Ywar Shey (North)","sev":"critical"},"geometry":{"type":"Point","coordinates":[95.2366,23.1499]}},{"type":"Feature","properties":{"VILLAGE":"Thar Ga La","VLG_MMR":"သာဂလ","TS":"Taze","VT":"Ywar Shey (North)","sev":"critical"},"geometry":{"type":"Point","coordinates":[95.3695,23.1587]}},{"type":"Feature","properties":{"VILLAGE":"Thar Ga Ra","VLG_MMR":"သာဂရ","TS":"Taze","VT":"Ywar Shey (North)","sev":"critical"},"geometry":{"type":"Point","coordinates":[95.3736,23.1618]}},{"type":"Feature","properties":{"VILLAGE":"Wet Toe","VLG_MMR":"ဝက်တိုး","TS":"Taze","VT":"Ywar Shey (North)","sev":"critical"},"geometry":{"type":"Point","coordinates":[95.3282,23.1324]}},{"type":"Feature","properties":{"VILLAGE":"Ywar Shey","VLG_MMR":"ရွာရှည်","TS":"Taze","VT":"Ywar Shey (North)","sev":"critical"},"geometry":{"type":"Point","coordinates":[95.3391,23.1052]}},{"type":"Feature","properties":{"VILLAGE":"Let Pa Yar","VLG_MMR":"လက်ပရာ","TS":"Taze","VT":"Ywar Shey (South)","sev":"critical"},"geometry":{"type":"Point","coordinates":[95.3113,22.894]}},{"type":"Feature","properties":{"VILLAGE":"Nga Nwet Zin","VLG_MMR":"ငနွဲဇင်","TS":"Taze","VT":"Ywar Shey (South)","sev":"critical"},"geometry":{"type":"Point","coordinates":[95.3003,22.8895]}},{"type":"Feature","properties":{"VILLAGE":"Nyaung Pin Thar","VLG_MMR":"ညောင်ပင်သာ","TS":"Taze","VT":"Ywar Shey (South)","sev":"critical"},"geometry":{"type":"Point","coordinates":[95.309,22.899]}},{"type":"Feature","properties":{"VILLAGE":"Pauk Kone","VLG_MMR":"ပေါက်ကုန်း","TS":"Taze","VT":"Ywar Shey (South)","sev":"critical"},"geometry":{"type":"Point","coordinates":[95.3184,22.8859]}},{"type":"Feature","properties":{"VILLAGE":"Pay Kone","VLG_MMR":"ပေကုန်း","TS":"Taze","VT":"Ywar Shey (South)","sev":"critical"},"geometry":{"type":"Point","coordinates":[95.3079,22.8885]}},{"type":"Feature","properties":{"VILLAGE":"Su Par Kone","VLG_MMR":"ဆူးပါကုန်း","TS":"Taze","VT":"Ywar Shey (South)","sev":"critical"},"geometry":{"type":"Point","coordinates":[95.3055,22.8956]}},{"type":"Feature","properties":{"VILLAGE":"Tha Yet Kone","VLG_MMR":"သရက်ကုန်း","TS":"Taze","VT":"Ywar Shey (South)","sev":"critical"},"geometry":{"type":"Point","coordinates":[95.3138,22.8893]}},{"type":"Feature","properties":{"VILLAGE":"Wet Taik","VLG_MMR":"ဝက်တိုက်","TS":"Taze","VT":"Ywar Shey (South)","sev":"critical"},"geometry":{"type":"Point","coordinates":[95.3233,22.8859]}},{"type":"Feature","properties":{"VILLAGE":"Ywar Shey (East)","VLG_MMR":"ရွာရှည် (ရှေ့)","TS":"Taze","VT":"Ywar Shey (South)","sev":"critical"},"geometry":{"type":"Point","coordinates":[95.324,22.8746]}},{"type":"Feature","properties":{"VILLAGE":"Ywar Shey (West)","VLG_MMR":"ရွာရှည် (နောက်)","TS":"Taze","VT":"Ywar Shey (South)","sev":"critical"},"geometry":{"type":"Point","coordinates":[95.3207,22.8764]}},{"type":"Feature","properties":{"VILLAGE":"Ywar Thit","VLG_MMR":"ရွာသစ်","TS":"Taze","VT":"Ywar Shey (South)","sev":"critical"},"geometry":{"type":"Point","coordinates":[95.3274,22.886]}},{"type":"Feature","properties":{"VILLAGE":"Zee Kone","VLG_MMR":"ဇီးကုန်း","TS":"Taze","VT":"Ywar Shey (South)","sev":"critical"},"geometry":{"type":"Point","coordinates":[95.3146,22.8836]}},{"type":"Feature","properties":{"VILLAGE":"Chaung Yoe","VLG_MMR":"ချောင်းရိုး","TS":"Taze","VT":"Ywar Thar Yar","sev":"critical"},"geometry":{"type":"Point","coordinates":[95.3534,22.8652]}},{"type":"Feature","properties":{"VILLAGE":"Gway Hmaw Kone","VLG_MMR":"ဂွေးမှော်ကုန်း","TS":"Taze","VT":"Ywar Thar Yar","sev":"critical"},"geometry":{"type":"Point","coordinates":[95.3423,22.8791]}},{"type":"Feature","properties":{"VILLAGE":"Htan Taw","VLG_MMR":"ထန်းတော","TS":"Taze","VT":"Ywar Thar Yar","sev":"critical"},"geometry":{"type":"Point","coordinates":[95.3554,22.8682]}},{"type":"Feature","properties":{"VILLAGE":"Tha Pyay Pin","VLG_MMR":"သပြေပင်","TS":"Taze","VT":"Ywar Thar Yar","sev":"critical"},"geometry":{"type":"Point","coordinates":[95.3502,22.8685]}},{"type":"Feature","properties":{"VILLAGE":"Ywar Kye (Saing Yat)","VLG_MMR":"ရွာကျဲ (ဆိုင်းရပ်)","TS":"Taze","VT":"Ywar Thar Yar","sev":"critical"},"geometry":{"type":"Point","coordinates":[95.3394,22.8724]}},{"type":"Feature","properties":{"VILLAGE":"Ywar Thar Yar","VLG_MMR":"ရွာသာယာ","TS":"Taze","VT":"Ywar Thar Yar","sev":"critical"},"geometry":{"type":"Point","coordinates":[95.3448,22.873]}},{"type":"Feature","properties":{"VILLAGE":"Leik Chan","VLG_MMR":"လိပ်ခြံ","TS":"Taze","VT":"Zee Pauk","sev":"critical"},"geometry":{"type":"Point","coordinates":[95.1872,23.0154]}},{"type":"Feature","properties":{"VILLAGE":"Nwar Ku","VLG_MMR":"နွားကူး","TS":"Taze","VT":"Zee Pauk","sev":"critical"},"geometry":{"type":"Point","coordinates":[95.1485,23.0097]}},{"type":"Feature","properties":{"VILLAGE":"Taung Kyaung","VLG_MMR":"တောင်ကျောင်း","TS":"Taze","VT":"Zee Pauk","sev":"critical"},"geometry":{"type":"Point","coordinates":[95.1609,22.997]}},{"type":"Feature","properties":{"VILLAGE":"Ywar Thit Kone","VLG_MMR":"ရွာသစ်ကုန်း","TS":"Taze","VT":"Zee Pauk","sev":"critical"},"geometry":{"type":"Point","coordinates":[95.1976,22.9816]}},{"type":"Feature","properties":{"VILLAGE":"Zee Pauk","VLG_MMR":"ဇီးပေါက်","TS":"Taze","VT":"Zee Pauk","sev":"critical"},"geometry":{"type":"Point","coordinates":[95.2244,22.978]}},{"type":"Feature","properties":{"VILLAGE":"Bu Ba Kan","VLG_MMR":"ဘူးဘကန်","TS":"Wetlet","VT":"Bu Ba Kan","sev":"severe"},"geometry":{"type":"Point","coordinates":[95.9107,22.2577]}},{"type":"Feature","properties":{"VILLAGE":"Inn Be Taw","VLG_MMR":"အင်းဘဲတော","TS":"Wetlet","VT":"Bu Ba Kan","sev":"severe"},"geometry":{"type":"Point","coordinates":[95.8779,22.2956]}},{"type":"Feature","properties":{"VILLAGE":"Kan Beit","VLG_MMR":"ကန်ဘဲ့","TS":"Wetlet","VT":"Bu Ba Kan","sev":"severe"},"geometry":{"type":"Point","coordinates":[95.8965,22.264]}},{"type":"Feature","properties":{"VILLAGE":"Na Be Pin Hla","VLG_MMR":"နဘဲပင်လှ","TS":"Wetlet","VT":"Bu Ba Kan","sev":"severe"},"geometry":{"type":"Point","coordinates":[95.9165,22.2679]}},{"type":"Feature","properties":{"VILLAGE":"Nyaung Kan","VLG_MMR":"ညောင်ကန်","TS":"Wetlet","VT":"Bu Ba Kan","sev":"severe"},"geometry":{"type":"Point","coordinates":[95.8765,22.3083]}},{"type":"Feature","properties":{"VILLAGE":"Chat Pye","VLG_MMR":"ချပ်ပြဲ","TS":"Wetlet","VT":"Ha Lin","sev":"severe"},"geometry":{"type":"Point","coordinates":[95.8733,22.4689]}},{"type":"Feature","properties":{"VILLAGE":"Hla Htway","VLG_MMR":"လှထွေ","TS":"Wetlet","VT":"Hla Htway","sev":"severe"},"geometry":{"type":"Point","coordinates":[95.635,22.2393]}},{"type":"Feature","properties":{"VILLAGE":"Kyauk Kone","VLG_MMR":"ကျောက်ကုန်း","TS":"Wetlet","VT":"Hla Htway","sev":"severe"},"geometry":{"type":"Point","coordinates":[95.6195,22.2115]}},{"type":"Feature","properties":{"VILLAGE":"Lay Te","VLG_MMR":"​လေးတဲ","TS":"Wetlet","VT":"Hla Htway","sev":"severe"},"geometry":{"type":"Point","coordinates":[95.6778,22.2499]}},{"type":"Feature","properties":{"VILLAGE":"Min Kan","VLG_MMR":"မင်းကန်","TS":"Wetlet","VT":"Hla Htway","sev":"severe"},"geometry":{"type":"Point","coordinates":[95.6044,22.2309]}},{"type":"Feature","properties":{"VILLAGE":"Ohn Hmone Gyi","VLG_MMR":"အုန်မှုန်းကြီး","TS":"Wetlet","VT":"Hla Htway","sev":"severe"},"geometry":{"type":"Point","coordinates":[95.6589,22.2834]}},{"type":"Feature","properties":{"VILLAGE":"Ta Yoke Gyi","VLG_MMR":"တရုပ်ကြီး","TS":"Wetlet","VT":"Hla Htway","sev":"severe"},"geometry":{"type":"Point","coordinates":[95.6666,22.2753]}},{"type":"Feature","properties":{"VILLAGE":"Tha Yet Cho","VLG_MMR":"သရက်ချို","TS":"Wetlet","VT":"Hla Htway","sev":"severe"},"geometry":{"type":"Point","coordinates":[95.616,22.2166]}},{"type":"Feature","properties":{"VILLAGE":"Yae Twin Kone","VLG_MMR":"ရေတွင်းကုန်း","TS":"Wetlet","VT":"Hla Htway","sev":"severe"},"geometry":{"type":"Point","coordinates":[95.6582,22.251]}},{"type":"Feature","properties":{"VILLAGE":"Hla Taw","VLG_MMR":"လှတော","TS":"Wetlet","VT":"Hla Taw","sev":"severe"},"geometry":{"type":"Point","coordinates":[95.6855,22.3774]}},{"type":"Feature","properties":{"VILLAGE":"Hnget Pyaw Taw","VLG_MMR":"ငှက်ပြောတော","TS":"Wetlet","VT":"Hpa Yar Pyan","sev":"severe"},"geometry":{"type":"Point","coordinates":[95.7084,22.2673]}},{"type":"Feature","properties":{"VILLAGE":"Hpa Yar Pyan","VLG_MMR":"ဘုရားပြန်","TS":"Wetlet","VT":"Hpa Yar Pyan","sev":"severe"},"geometry":{"type":"Point","coordinates":[95.7369,22.262]}},{"type":"Feature","properties":{"VILLAGE":"Kan Pa Loke","VLG_MMR":"ကံပလုပ်","TS":"Wetlet","VT":"Hpa Yar Pyan","sev":"severe"},"geometry":{"type":"Point","coordinates":[95.7192,22.2561]}},{"type":"Feature","properties":{"VILLAGE":"Pyun U","VLG_MMR":"ပြွန်ဦး","TS":"Wetlet","VT":"Hpa Yar Pyan","sev":"severe"},"geometry":{"type":"Point","coordinates":[95.7352,22.2733]}},{"type":"Feature","properties":{"VILLAGE":"Te Kaw","VLG_MMR":"တဲကော","TS":"Wetlet","VT":"Hpa Yar Pyan","sev":"severe"},"geometry":{"type":"Point","coordinates":[95.7239,22.2628]}},{"type":"Feature","properties":{"VILLAGE":"Yae Soe Kone","VLG_MMR":"ရေဆိုးကုန်း","TS":"Wetlet","VT":"Hpa Yar Pyan","sev":"severe"},"geometry":{"type":"Point","coordinates":[95.6811,22.2585]}},{"type":"Feature","properties":{"VILLAGE":"Hput Hlaing","VLG_MMR":"ဖွတ်လှိုင်း","TS":"Wetlet","VT":"Hput Hlaing","sev":"severe"},"geometry":{"type":"Point","coordinates":[95.7331,22.49]}},{"type":"Feature","properties":{"VILLAGE":"Htan Gyi","VLG_MMR":"ထန်းကြီး","TS":"Wetlet","VT":"Htan Gyi","sev":"severe"},"geometry":{"type":"Point","coordinates":[95.8984,22.2001]}},{"type":"Feature","properties":{"VILLAGE":"Htan Gyi Bu Tar","VLG_MMR":"ထန်းကြီးဘူတာ","TS":"Wetlet","VT":"Htan Gyi","sev":"severe"},"geometry":{"type":"Point","coordinates":[95.8724,22.2136]}},{"type":"Feature","properties":{"VILLAGE":"Ohn Hne Boke","VLG_MMR":"အုန်နှဲဘုတ်","TS":"Wetlet","VT":"Htan Gyi","sev":"severe"},"geometry":{"type":"Point","coordinates":[95.9055,22.2361]}},{"type":"Feature","properties":{"VILLAGE":"Peit Thu Gyi","VLG_MMR":"ပဲ့သူကြီး","TS":"Wetlet","VT":"Htan Gyi","sev":"severe"},"geometry":{"type":"Point","coordinates":[95.9072,22.2182]}},{"type":"Feature","properties":{"VILLAGE":"In Daung","VLG_MMR":"အင်ဒေါင်း","TS":"Wetlet","VT":"In Daung","sev":"severe"},"geometry":{"type":"Point","coordinates":[95.9832,22.3154]}},{"type":"Feature","properties":{"VILLAGE":"Min Ywar Taung","VLG_MMR":"မင်းရွာတောင်","TS":"Wetlet","VT":"In Daung","sev":"severe"},"geometry":{"type":"Point","coordinates":[95.9801,22.3213]}},{"type":"Feature","properties":{"VILLAGE":"Ywar Thar","VLG_MMR":"ရွာသာ","TS":"Wetlet","VT":"In Daung","sev":"severe"},"geometry":{"type":"Point","coordinates":[95.978,22.3293]}},{"type":"Feature","properties":{"VILLAGE":"In Gyin Pin","VLG_MMR":"အင်ကြင်းပင်","TS":"Wetlet","VT":"In Gyin Pin","sev":"severe"},"geometry":{"type":"Point","coordinates":[95.8606,22.3377]}},{"type":"Feature","properties":{"VILLAGE":"Pa Laing Kan","VLG_MMR":"ပလိုင်းကန်","TS":"Wetlet","VT":"In Gyin Pin","sev":"severe"},"geometry":{"type":"Point","coordinates":[95.8573,22.3325]}},{"type":"Feature","properties":{"VILLAGE":"Inn Be","VLG_MMR":"အင်းဘဲ","TS":"Wetlet","VT":"Inn Be","sev":"severe"},"geometry":{"type":"Point","coordinates":[95.8944,22.3154]}},{"type":"Feature","properties":{"VILLAGE":"Pi Tauk Chon","VLG_MMR":"ပိတောက်ခြုံ","TS":"Wetlet","VT":"Inn Be","sev":"severe"},"geometry":{"type":"Point","coordinates":[95.8818,22.3222]}},{"type":"Feature","properties":{"VILLAGE":"Sar Taung Ni","VLG_MMR":"ဆားတောင်နီ","TS":"Wetlet","VT":"Inn Be","sev":"severe"},"geometry":{"type":"Point","coordinates":[95.9082,22.306]}},{"type":"Feature","properties":{"VILLAGE":"Taung Kone","VLG_MMR":"တောင်ကုန်း","TS":"Wetlet","VT":"Inn Be","sev":"severe"},"geometry":{"type":"Point","coordinates":[95.8978,22.2962]}},{"type":"Feature","properties":{"VILLAGE":"Ywar Thit","VLG_MMR":"ရွာသစ်","TS":"Wetlet","VT":"Inn Be","sev":"severe"},"geometry":{"type":"Point","coordinates":[95.8911,22.3246]}},{"type":"Feature","properties":{"VILLAGE":"Bi Zut Kone","VLG_MMR":"ဗိဇပ်ကုန်း","TS":"Wetlet","VT":"Kaing","sev":"severe"},"geometry":{"type":"Point","coordinates":[95.6313,22.2771]}},{"type":"Feature","properties":{"VILLAGE":"Kaing","VLG_MMR":"ကိုင်း","TS":"Wetlet","VT":"Kaing","sev":"severe"},"geometry":{"type":"Point","coordinates":[95.5867,22.2713]}},{"type":"Feature","properties":{"VILLAGE":"Na Be Hla","VLG_MMR":"နဘဲလှ","TS":"Wetlet","VT":"Kaing","sev":"severe"},"geometry":{"type":"Point","coordinates":[95.6063,22.2601]}},{"type":"Feature","properties":{"VILLAGE":"Shwe Oe Kya","VLG_MMR":"ရွှေအိုးကျ","TS":"Wetlet","VT":"Kaing","sev":"severe"},"geometry":{"type":"Point","coordinates":[95.6131,22.2705]}},{"type":"Feature","properties":{"VILLAGE":"Ta Ohn","VLG_MMR":"တအုံ","TS":"Wetlet","VT":"Kaing","sev":"severe"},"geometry":{"type":"Point","coordinates":[95.6341,22.2856]}},{"type":"Feature","properties":{"VILLAGE":"Hpa Yar Lay Kone","VLG_MMR":"ဘုရားလေးကုန်း","TS":"Wetlet","VT":"Kan Hpyu","sev":"severe"},"geometry":{"type":"Point","coordinates":[95.9258,22.3777]}},{"type":"Feature","properties":{"VILLAGE":"Kan Hpyu","VLG_MMR":"ကမ်းဖြူ","TS":"Wetlet","VT":"Kan Hpyu","sev":"severe"},"geometry":{"type":"Point","coordinates":[95.9795,22.3407]}},{"type":"Feature","properties":{"VILLAGE":"Nat Hmaw U","VLG_MMR":"နတ်မှော်ဦး","TS":"Wetlet","VT":"Kan Hpyu","sev":"severe"},"geometry":{"type":"Point","coordinates":[95.9818,22.3488]}},{"type":"Feature","properties":{"VILLAGE":"Ngar Pan Chaung","VLG_MMR":"ငါးပန်ချောင်း","TS":"Wetlet","VT":"Kan Hpyu","sev":"severe"},"geometry":{"type":"Point","coordinates":[95.9571,22.3959]}},{"type":"Feature","properties":{"VILLAGE":"Yae Lel Maw","VLG_MMR":"ရေလည်မော်","TS":"Wetlet","VT":"Kan Hpyu","sev":"severe"},"geometry":{"type":"Point","coordinates":[95.9679,22.3578]}},{"type":"Feature","properties":{"VILLAGE":"Kan Pauk","VLG_MMR":"ကန်ပေါက်","TS":"Wetlet","VT":"Kan Pauk","sev":"severe"},"geometry":{"type":"Point","coordinates":[95.8566,22.3193]}},{"type":"Feature","properties":{"VILLAGE":"Nat Kone","VLG_MMR":"နတ်ကုန်း","TS":"Wetlet","VT":"Kan Pauk","sev":"severe"},"geometry":{"type":"Point","coordinates":[95.8366,22.3284]}},{"type":"Feature","properties":{"VILLAGE":"Aung Chan Thar","VLG_MMR":"အောင်ချမ်းသာ","TS":"Wetlet","VT":"Khaw Taw","sev":"severe"},"geometry":{"type":"Point","coordinates":[95.765,22.2995]}},{"type":"Feature","properties":{"VILLAGE":"Khaw Taw","VLG_MMR":"​ခေါတော","TS":"Wetlet","VT":"Khaw Taw","sev":"severe"},"geometry":{"type":"Point","coordinates":[95.7723,22.3382]}},{"type":"Feature","properties":{"VILLAGE":"Kyee Pyar","VLG_MMR":"ကျီးပြား","TS":"Wetlet","VT":"Khaw Taw","sev":"severe"},"geometry":{"type":"Point","coordinates":[95.7745,22.3213]}},{"type":"Feature","properties":{"VILLAGE":"Nyaung Pin Thar","VLG_MMR":"ညောင်ပင်သာ","TS":"Wetlet","VT":"Khaw Taw","sev":"severe"},"geometry":{"type":"Point","coordinates":[95.7881,22.337]}},{"type":"Feature","properties":{"VILLAGE":"Sa Bai Taw (North)","VLG_MMR":"စပါယ်တော (မြောက်)","TS":"Wetlet","VT":"Khaw Taw","sev":"severe"},"geometry":{"type":"Point","coordinates":[95.7818,22.3349]}},{"type":"Feature","properties":{"VILLAGE":"Sa Bai Taw (South)","VLG_MMR":"စပါယ်တော (တောင်)","TS":"Wetlet","VT":"Khaw Taw","sev":"severe"},"geometry":{"type":"Point","coordinates":[95.782,22.3311]}},{"type":"Feature","properties":{"VILLAGE":"Thea Poke Kone","VLG_MMR":"သဲပုတ်ကုန်း","TS":"Wetlet","VT":"Khaw Taw","sev":"severe"},"geometry":{"type":"Point","coordinates":[95.7726,22.3085]}},{"type":"Feature","properties":{"VILLAGE":"Ku Kaung","VLG_MMR":"ကူကောင်း","TS":"Wetlet","VT":"Ku Kaung","sev":"severe"},"geometry":{"type":"Point","coordinates":[95.8185,22.2601]}},{"type":"Feature","properties":{"VILLAGE":"Thone Sint Kan","VLG_MMR":"သုံးဆင့်ကန်","TS":"Wetlet","VT":"Ku Kaung","sev":"severe"},"geometry":{"type":"Point","coordinates":[95.8524,22.2703]}},{"type":"Feature","properties":{"VILLAGE":"Wet Lu Aing","VLG_MMR":"ဝက်လူးအိုင်","TS":"Wetlet","VT":"Ku Kaung","sev":"severe"},"geometry":{"type":"Point","coordinates":[95.8211,22.2942]}},{"type":"Feature","properties":{"VILLAGE":"Yae Thauk Kan","VLG_MMR":"ရေသောက်ကန်","TS":"Wetlet","VT":"Ku Kaung","sev":"severe"},"geometry":{"type":"Point","coordinates":[95.8503,22.2469]}},{"type":"Feature","properties":{"VILLAGE":"Kyauk Taing","VLG_MMR":"ကျောက်တိုင်","TS":"Wetlet","VT":"Kyauk Taing","sev":"severe"},"geometry":{"type":"Point","coordinates":[95.572,22.4095]}},{"type":"Feature","properties":{"VILLAGE":"Mu Kan Lay","VLG_MMR":"မူးကမ်းလေး","TS":"Wetlet","VT":"Kyauk Taing","sev":"severe"},"geometry":{"type":"Point","coordinates":[95.5396,22.3911]}},{"type":"Feature","properties":{"VILLAGE":"Kyay Thee Kone","VLG_MMR":"ကျေးသီးကုန်း","TS":"Wetlet","VT":"Kyay Thee Kone","sev":"severe"},"geometry":{"type":"Point","coordinates":[95.7008,22.4416]}},{"type":"Feature","properties":{"VILLAGE":"Pon Nar","VLG_MMR":"ပုဏ္ဏား","TS":"Wetlet","VT":"Kyay Thee Kone","sev":"severe"},"geometry":{"type":"Point","coordinates":[95.699,22.4339]}},{"type":"Feature","properties":{"VILLAGE":"Sin Ta Wea (West)","VLG_MMR":"စင်းတဝဲ (အနောက်)","TS":"Wetlet","VT":"Kyay Thee Kone","sev":"severe"},"geometry":{"type":"Point","coordinates":[95.7054,22.4669]}},{"type":"Feature","properties":{"VILLAGE":"Kyee Kan (North)","VLG_MMR":"ကျီးကန် (မြောက်)","TS":"Wetlet","VT":"Kyee Kan","sev":"severe"},"geometry":{"type":"Point","coordinates":[95.6825,22.3622]}},{"type":"Feature","properties":{"VILLAGE":"Kyee Kan (South)","VLG_MMR":"ကျီးကန် (တောင်)","TS":"Wetlet","VT":"Kyee Kan","sev":"severe"},"geometry":{"type":"Point","coordinates":[95.6807,22.356]}},{"type":"Feature","properties":{"VILLAGE":"Oke Hpo Kone","VLG_MMR":"အုပ်ဖိုကုန်း","TS":"Wetlet","VT":"Kyee Kan","sev":"severe"},"geometry":{"type":"Point","coordinates":[95.691,22.3454]}},{"type":"Feature","properties":{"VILLAGE":"U Ti Kone","VLG_MMR":"ဥတည်ကုန်း","TS":"Wetlet","VT":"Kyee Kan","sev":"severe"},"geometry":{"type":"Point","coordinates":[95.6974,22.3456]}},{"type":"Feature","properties":{"VILLAGE":"U Yin Ma","VLG_MMR":"ဥယျာဉ်မ","TS":"Wetlet","VT":"Kyee Kan","sev":"severe"},"geometry":{"type":"Point","coordinates":[95.6675,22.3575]}},{"type":"Feature","properties":{"VILLAGE":"Kan Thar","VLG_MMR":"ကံသာ","TS":"Wetlet","VT":"Kyee Pin Kan","sev":"severe"},"geometry":{"type":"Point","coordinates":[95.7495,22.443]}},{"type":"Feature","properties":{"VILLAGE":"Kaw Ton","VLG_MMR":"ကော်တုန်","TS":"Wetlet","VT":"Kyee Pin Kan","sev":"severe"},"geometry":{"type":"Point","coordinates":[95.759,22.4073]}},{"type":"Feature","properties":{"VILLAGE":"Kyee Pin Kan","VLG_MMR":"ကျီးပင်ကန်","TS":"Wetlet","VT":"Kyee Pin Kan","sev":"severe"},"geometry":{"type":"Point","coordinates":[95.7672,22.4137]}},{"type":"Feature","properties":{"VILLAGE":"Lel Kaing","VLG_MMR":"လယ်ကိုင်း","TS":"Wetlet","VT":"Kyee Pin Kan","sev":"severe"},"geometry":{"type":"Point","coordinates":[95.7794,22.4387]}},{"type":"Feature","properties":{"VILLAGE":"Ta Dar U","VLG_MMR":"တံတားဦး","TS":"Wetlet","VT":"Kyee Pin Kan","sev":"severe"},"geometry":{"type":"Point","coordinates":[95.7568,22.4203]}},{"type":"Feature","properties":{"VILLAGE":"Kywe Zin","VLG_MMR":"ကျွဲဇင်း","TS":"Wetlet","VT":"Kywe Zin","sev":"severe"},"geometry":{"type":"Point","coordinates":[95.6314,22.4449]}},{"type":"Feature","properties":{"VILLAGE":"Khar Tet Kone","VLG_MMR":"ခါးတက်ကုန်း","TS":"Wetlet","VT":"Lein Pin","sev":"severe"},"geometry":{"type":"Point","coordinates":[95.7843,22.361]}},{"type":"Feature","properties":{"VILLAGE":"Lein Pin","VLG_MMR":"လိမ်ပင်","TS":"Wetlet","VT":"Lein Pin","sev":"severe"},"geometry":{"type":"Point","coordinates":[95.7765,22.3501]}},{"type":"Feature","properties":{"VILLAGE":"Ma Gyi Hpyu","VLG_MMR":"မကြီးဖြူ","TS":"Wetlet","VT":"Ma Gyi Hpyu","sev":"severe"},"geometry":{"type":"Point","coordinates":[95.7743,22.2166]}},{"type":"Feature","properties":{"VILLAGE":"Min Ga Lar Yae Sin","VLG_MMR":"မင်္ဂလာရေစဉ်","TS":"Wetlet","VT":"Ma Gyi Hpyu","sev":"severe"},"geometry":{"type":"Point","coordinates":[95.7401,22.2253]}},{"type":"Feature","properties":{"VILLAGE":"Ma Gyi Ton","VLG_MMR":"မကြီးတုံ","TS":"Wetlet","VT":"Ma Gyi Ton","sev":"severe"},"geometry":{"type":"Point","coordinates":[95.7524,22.3692]}},{"type":"Feature","properties":{"VILLAGE":"Aye Kone","VLG_MMR":"အေးကုန်း","TS":"Wetlet","VT":"Mauk Kyoe","sev":"severe"},"geometry":{"type":"Point","coordinates":[95.6509,22.4153]}},{"type":"Feature","properties":{"VILLAGE":"Mauk Kyoe","VLG_MMR":"မောက်ကြိုး","TS":"Wetlet","VT":"Mauk Kyoe","sev":"severe"},"geometry":{"type":"Point","coordinates":[95.674,22.4086]}},{"type":"Feature","properties":{"VILLAGE":"Kyee Yit Kone","VLG_MMR":"ကျီးရစ်ကုန်း","TS":"Wetlet","VT":"Me Kone","sev":"severe"},"geometry":{"type":"Point","coordinates":[95.6666,22.3485]}},{"type":"Feature","properties":{"VILLAGE":"Me Kone","VLG_MMR":"မဲကုန်း","TS":"Wetlet","VT":"Me Kone","sev":"severe"},"geometry":{"type":"Point","coordinates":[95.6744,22.3447]}},{"type":"Feature","properties":{"VILLAGE":"Than Taw Gyi","VLG_MMR":"သန်းတောကြီး","TS":"Wetlet","VT":"Me Kone","sev":"severe"},"geometry":{"type":"Point","coordinates":[95.6591,22.3525]}},{"type":"Feature","properties":{"VILLAGE":"Thit Poke Kan","VLG_MMR":"သစ်ပုတ်ကန်","TS":"Wetlet","VT":"Me Kone","sev":"severe"},"geometry":{"type":"Point","coordinates":[95.634,22.3519]}},{"type":"Feature","properties":{"VILLAGE":"Ah Lel Kone","VLG_MMR":"အလယ်ကုန်း","TS":"Wetlet","VT":"Min","sev":"severe"},"geometry":{"type":"Point","coordinates":[95.831,22.356]}},{"type":"Feature","properties":{"VILLAGE":"Htan Gyi Kone","VLG_MMR":"ထန်းကြီးကုန်း","TS":"Wetlet","VT":"Min","sev":"severe"},"geometry":{"type":"Point","coordinates":[95.827,22.3505]}},{"type":"Feature","properties":{"VILLAGE":"Mi Nyo Kone","VLG_MMR":"မိညိုကုန်း","TS":"Wetlet","VT":"Min","sev":"severe"},"geometry":{"type":"Point","coordinates":[95.8275,22.3528]}},{"type":"Feature","properties":{"VILLAGE":"Min","VLG_MMR":"မင်း","TS":"Wetlet","VT":"Min","sev":"severe"},"geometry":{"type":"Point","coordinates":[95.8452,22.3502]}},{"type":"Feature","properties":{"VILLAGE":"Wan Be Kone","VLG_MMR":"ဝမ်းဘဲကုန်း","TS":"Wetlet","VT":"Min","sev":"severe"},"geometry":{"type":"Point","coordinates":[95.8286,22.3578]}},{"type":"Feature","properties":{"VILLAGE":"Wet Let Ywei","VLG_MMR":"ဝက်လက်ရွဲ","TS":"Wetlet","VT":"Min","sev":"severe"},"geometry":{"type":"Point","coordinates":[95.825,22.3453]}},{"type":"Feature","properties":{"VILLAGE":"Kauk Kwayt Taw","VLG_MMR":"ကောက်ကွေ့တော","TS":"Wetlet","VT":"Min Chi","sev":"severe"},"geometry":{"type":"Point","coordinates":[95.6223,22.4306]}},{"type":"Feature","properties":{"VILLAGE":"Min Chi","VLG_MMR":"မင်းချီ","TS":"Wetlet","VT":"Min Chi","sev":"severe"},"geometry":{"type":"Point","coordinates":[95.6126,22.4109]}},{"type":"Feature","properties":{"VILLAGE":"Thit Khaung Wa","VLG_MMR":"သစ်ခေါင်းဝ","TS":"Wetlet","VT":"Min Chi","sev":"severe"},"geometry":{"type":"Point","coordinates":[95.6342,22.4172]}},{"type":"Feature","properties":{"VILLAGE":"Hmet Hti","VLG_MMR":"မှက်ထိ","TS":"Wetlet","VT":"Min Kone","sev":"severe"},"geometry":{"type":"Point","coordinates":[95.8525,22.4188]}},{"type":"Feature","properties":{"VILLAGE":"Min Kone","VLG_MMR":"မင်းကုန်း","TS":"Wetlet","VT":"Min Kone","sev":"severe"},"geometry":{"type":"Point","coordinates":[95.8693,22.3924]}},{"type":"Feature","properties":{"VILLAGE":"Sar Taung Gyi","VLG_MMR":"ဆားတောင်ကြီး","TS":"Wetlet","VT":"Min Kone","sev":"severe"},"geometry":{"type":"Point","coordinates":[95.8337,22.4286]}},{"type":"Feature","properties":{"VILLAGE":"Sin Nin","VLG_MMR":"ဆင်နင်း","TS":"Wetlet","VT":"Min Kone","sev":"severe"},"geometry":{"type":"Point","coordinates":[95.8847,22.3593]}},{"type":"Feature","properties":{"VILLAGE":"Bo Te Kone","VLG_MMR":"ဘိုတဲကုန်း","TS":"Wetlet","VT":"Min Thar Kan","sev":"severe"},"geometry":{"type":"Point","coordinates":[95.7383,22.4755]}},{"type":"Feature","properties":{"VILLAGE":"Min Thar Kan","VLG_MMR":"မင်းသားကန်","TS":"Wetlet","VT":"Min Thar Kan","sev":"severe"},"geometry":{"type":"Point","coordinates":[95.7369,22.4609]}},{"type":"Feature","properties":{"VILLAGE":"Moke Soe Chon","VLG_MMR":"မုဆိုးခြုံ","TS":"Wetlet","VT":"Moke Soe Chon","sev":"severe"},"geometry":{"type":"Point","coordinates":[95.7692,22.4697]}},{"type":"Feature","properties":{"VILLAGE":"Mu Gyi","VLG_MMR":"မူးကြီး","TS":"Wetlet","VT":"Mu Gyi","sev":"severe"},"geometry":{"type":"Point","coordinates":[95.7454,22.3526]}},{"type":"Feature","properties":{"VILLAGE":"Min Su","VLG_MMR":"မင်းစု","TS":"Wetlet","VT":"Myin Taw","sev":"severe"},"geometry":{"type":"Point","coordinates":[95.7895,22.3582]}},{"type":"Feature","properties":{"VILLAGE":"Myin Taw","VLG_MMR":"မြင်တော်","TS":"Wetlet","VT":"Myin Taw","sev":"severe"},"geometry":{"type":"Point","coordinates":[95.8107,22.3663]}},{"type":"Feature","properties":{"VILLAGE":"Taik Kone","VLG_MMR":"တိုက်ကုန်း","TS":"Wetlet","VT":"Myin Taw","sev":"severe"},"geometry":{"type":"Point","coordinates":[95.7569,22.3737]}},{"type":"Feature","properties":{"VILLAGE":"Tha Khut Taw (South)","VLG_MMR":"သခွတ္တော (တောင်)","TS":"Wetlet","VT":"Myin Taw","sev":"severe"},"geometry":{"type":"Point","coordinates":[95.7764,22.3885]}},{"type":"Feature","properties":{"VILLAGE":"Ma Har Bo","VLG_MMR":"မဟာဘို","TS":"Wetlet","VT":"Myin Thei","sev":"severe"},"geometry":{"type":"Point","coordinates":[95.5895,22.4443]}},{"type":"Feature","properties":{"VILLAGE":"Myin Thei","VLG_MMR":"မြင်းသည်","TS":"Wetlet","VT":"Myin Thei","sev":"severe"},"geometry":{"type":"Point","coordinates":[95.5487,22.4244]}},{"type":"Feature","properties":{"VILLAGE":"Shwe Bon Thar","VLG_MMR":"ရွှေဘုံသာ","TS":"Wetlet","VT":"Myin Thei","sev":"severe"},"geometry":{"type":"Point","coordinates":[95.5996,22.4542]}},{"type":"Feature","properties":{"VILLAGE":"Ta Ga Nan","VLG_MMR":"တဂဏန်း","TS":"Wetlet","VT":"Myin Thei","sev":"severe"},"geometry":{"type":"Point","coordinates":[95.5911,22.4366]}},{"type":"Feature","properties":{"VILLAGE":"U Yin Thar","VLG_MMR":"ဥယျာဉ်သာ","TS":"Wetlet","VT":"Myin Thei","sev":"severe"},"geometry":{"type":"Point","coordinates":[95.5351,22.4464]}},{"type":"Feature","properties":{"VILLAGE":"Nyaung Pin Gyi Taw","VLG_MMR":"ညောင်ပင်ကြီးတော","TS":"Wetlet","VT":"Nyaung Pin Gyi Taw","sev":"severe"},"geometry":{"type":"Point","coordinates":[95.8386,22.2347]}},{"type":"Feature","properties":{"VILLAGE":"Ohn Hne Boke","VLG_MMR":"အုန်းနှဲဘုတ်","TS":"Wetlet","VT":"Ohn Hne Boke","sev":"severe"},"geometry":{"type":"Point","coordinates":[95.6883,22.4825]}},{"type":"Feature","properties":{"VILLAGE":"Meik Hti Lar","VLG_MMR":"မိတ္ထီလာ","TS":"Wetlet","VT":"Oke Pon","sev":"severe"},"geometry":{"type":"Point","coordinates":[95.6354,22.4722]}},{"type":"Feature","properties":{"VILLAGE":"Oke Pon","VLG_MMR":"အုပ်ပုံ","TS":"Wetlet","VT":"Oke Pon","sev":"severe"},"geometry":{"type":"Point","coordinates":[95.6152,22.4809]}},{"type":"Feature","properties":{"VILLAGE":"Pauk Kan","VLG_MMR":"ပေါက်ကန်","TS":"Wetlet","VT":"Pauk Kan","sev":"severe"},"geometry":{"type":"Point","coordinates":[95.8745,22.2367]}},{"type":"Feature","properties":{"VILLAGE":"Pauk Kan Bu Tar","VLG_MMR":"ပေါက်ကန်ဘူတာ","TS":"Wetlet","VT":"Pauk Kan","sev":"severe"},"geometry":{"type":"Point","coordinates":[95.8621,22.2354]}},{"type":"Feature","properties":{"VILLAGE":"Zee Hpyu Kone","VLG_MMR":"ဇီးဖြူကုန်း","TS":"Wetlet","VT":"Pauk Kan","sev":"severe"},"geometry":{"type":"Point","coordinates":[95.8854,22.2532]}},{"type":"Feature","properties":{"VILLAGE":"Mauk Ka Dee","VLG_MMR":"မောက်ကဒီး","TS":"Wetlet","VT":"Pauk Taw","sev":"severe"},"geometry":{"type":"Point","coordinates":[95.6898,22.2702]}},{"type":"Feature","properties":{"VILLAGE":"Pauk Taw","VLG_MMR":"ပေါက်တော","TS":"Wetlet","VT":"Pauk Taw","sev":"severe"},"geometry":{"type":"Point","coordinates":[95.7384,22.2778]}},{"type":"Feature","properties":{"VILLAGE":"Tha Yet Gyi (South)","VLG_MMR":"သရက်ကြီး (တောင်)","TS":"Wetlet","VT":"Pauk Taw","sev":"severe"},"geometry":{"type":"Point","coordinates":[95.7396,22.2798]}},{"type":"Feature","properties":{"VILLAGE":"Pin Zin","VLG_MMR":"ပင်းဇင်း","TS":"Wetlet","VT":"Pin Zin","sev":"severe"},"geometry":{"type":"Point","coordinates":[95.7286,22.3669]}},{"type":"Feature","properties":{"VILLAGE":"Ta Dar U","VLG_MMR":"တံတားဦး","TS":"Wetlet","VT":"Pin Zin","sev":"severe"},"geometry":{"type":"Point","coordinates":[95.7113,22.3278]}},{"type":"Feature","properties":{"VILLAGE":"Ta Mar Kone","VLG_MMR":"တမာကုန်း","TS":"Wetlet","VT":"Pin Zin","sev":"severe"},"geometry":{"type":"Point","coordinates":[95.7147,22.3355]}},{"type":"Feature","properties":{"VILLAGE":"Ywar Taw Kone","VLG_MMR":"ရွာတော်ကုန်း","TS":"Wetlet","VT":"Pin Zin","sev":"severe"},"geometry":{"type":"Point","coordinates":[95.7079,22.3383]}},{"type":"Feature","properties":{"VILLAGE":"Saing Naing Gyi","VLG_MMR":"စိုင်နိုင်ကြီး","TS":"Wetlet","VT":"Saing Naing Gyi","sev":"severe"},"geometry":{"type":"Point","coordinates":[95.6628,22.4521]}},{"type":"Feature","properties":{"VILLAGE":"Saing Naing Kwayt","VLG_MMR":"စိုင်နိုင်ကွေ့","TS":"Wetlet","VT":"Saing Naing Gyi","sev":"severe"},"geometry":{"type":"Point","coordinates":[95.6722,22.4389]}},{"type":"Feature","properties":{"VILLAGE":"Saing Naing Lay","VLG_MMR":"စိုင်နိုင်လေး","TS":"Wetlet","VT":"Saing Naing Lay","sev":"severe"},"geometry":{"type":"Point","coordinates":[95.6694,22.4717]}},{"type":"Feature","properties":{"VILLAGE":"Tha Nat Chaung","VLG_MMR":"သနပ်ချောင်","TS":"Wetlet","VT":"Saing Naing Lay","sev":"severe"},"geometry":{"type":"Point","coordinates":[95.6514,22.4756]}},{"type":"Feature","properties":{"VILLAGE":"Chaung Mee To","VLG_MMR":"ချောင်းမီးတို","TS":"Wetlet","VT":"Shar Kwe","sev":"severe"},"geometry":{"type":"Point","coordinates":[95.8961,22.4531]}},{"type":"Feature","properties":{"VILLAGE":"Hta Naung Thar","VLG_MMR":"ထနောင်းသာ","TS":"Wetlet","VT":"Shar Kwe","sev":"severe"},"geometry":{"type":"Point","coordinates":[95.8736,22.4674]}},{"type":"Feature","properties":{"VILLAGE":"Htone Bo Kone","VLG_MMR":"ထုံးဘိုကုန်း","TS":"Wetlet","VT":"Shar Kwe","sev":"severe"},"geometry":{"type":"Point","coordinates":[95.9544,22.4796]}},{"type":"Feature","properties":{"VILLAGE":"Shar Kwe","VLG_MMR":"ရှားကွဲ","TS":"Wetlet","VT":"Shar Kwe","sev":"severe"},"geometry":{"type":"Point","coordinates":[95.9585,22.4583]}},{"type":"Feature","properties":{"VILLAGE":"Yae Ka Moe","VLG_MMR":"ရေကမိုး","TS":"Wetlet","VT":"Shar Kwe","sev":"severe"},"geometry":{"type":"Point","coordinates":[95.9549,22.443]}},{"type":"Feature","properties":{"VILLAGE":"Shein Ma Kar","VLG_MMR":"ရှိန်းမကား","TS":"Wetlet","VT":"Shein Ma Kar","sev":"severe"},"geometry":{"type":"Point","coordinates":[95.9784,22.2813]}},{"type":"Feature","properties":{"VILLAGE":"Ywar Thit","VLG_MMR":"ရွာသစ်","TS":"Wetlet","VT":"Shein Ma Kar","sev":"severe"},"geometry":{"type":"Point","coordinates":[95.9808,22.2963]}},{"type":"Feature","properties":{"VILLAGE":"Kan Thar","VLG_MMR":"ကံသာ","TS":"Wetlet","VT":"Shwe Kyin","sev":"severe"},"geometry":{"type":"Point","coordinates":[95.6548,22.3758]}},{"type":"Feature","properties":{"VILLAGE":"Shwe Kyin","VLG_MMR":"ရွှေကျင်","TS":"Wetlet","VT":"Shwe Kyin","sev":"severe"},"geometry":{"type":"Point","coordinates":[95.6782,22.3793]}},{"type":"Feature","properties":{"VILLAGE":"Bo Te Kone","VLG_MMR":"ဘိုတဲကုန်း","TS":"Wetlet","VT":"Shwe Pan Kone","sev":"severe"},"geometry":{"type":"Point","coordinates":[95.6441,22.3054]}},{"type":"Feature","properties":{"VILLAGE":"Shwe Pan Kone","VLG_MMR":"ရွှေပန်းကုန်း","TS":"Wetlet","VT":"Shwe Pan Kone","sev":"severe"},"geometry":{"type":"Point","coordinates":[95.6201,22.3108]}},{"type":"Feature","properties":{"VILLAGE":"Shwe Pan Kone (South)","VLG_MMR":"ရွှေပန်းကုန်းတောင်","TS":"Wetlet","VT":"Shwe Pan Kone","sev":"severe"},"geometry":{"type":"Point","coordinates":[95.6231,22.3031]}},{"type":"Feature","properties":{"VILLAGE":"Ywar Taw","VLG_MMR":"ရွာတော်","TS":"Wetlet","VT":"Shwe Pan Kone","sev":"severe"},"geometry":{"type":"Point","coordinates":[95.6494,22.2967]}},{"type":"Feature","properties":{"VILLAGE":"Zee Hpyu Kone","VLG_MMR":"ဇီးဖြူကုန်း","TS":"Wetlet","VT":"Shwe Pan Kone","sev":"severe"},"geometry":{"type":"Point","coordinates":[95.6135,22.3258]}},{"type":"Feature","properties":{"VILLAGE":"Sar Hpo Kone","VLG_MMR":"ဆားဖိုကုန်း","TS":"Wetlet","VT":"Sin Kut","sev":"severe"},"geometry":{"type":"Point","coordinates":[95.7992,22.2449]}},{"type":"Feature","properties":{"VILLAGE":"Sin Kut (Middle)","VLG_MMR":"ဆင်းကွတ် (အလယ်)","TS":"Wetlet","VT":"Sin Kut","sev":"severe"},"geometry":{"type":"Point","coordinates":[95.788,22.2598]}},{"type":"Feature","properties":{"VILLAGE":"Sin Kut (North)","VLG_MMR":"ဆင်းကွတ် (မြောက်)","TS":"Wetlet","VT":"Sin Kut","sev":"severe"},"geometry":{"type":"Point","coordinates":[95.7765,22.265]}},{"type":"Feature","properties":{"VILLAGE":"Sin Kut (South)","VLG_MMR":"ဆင်းကွတ် (တောင်)","TS":"Wetlet","VT":"Sin Kut","sev":"severe"},"geometry":{"type":"Point","coordinates":[95.7831,22.2435]}},{"type":"Feature","properties":{"VILLAGE":"Sin Ta Wea","VLG_MMR":"စင်းတဝဲ","TS":"Wetlet","VT":"Sin Ta Wea","sev":"severe"},"geometry":{"type":"Point","coordinates":[95.7137,22.4676]}},{"type":"Feature","properties":{"VILLAGE":"Sint Bar","VLG_MMR":"စင့်ဘာ","TS":"Wetlet","VT":"Sint Bar","sev":"severe"},"geometry":{"type":"Point","coordinates":[95.7168,22.4129]}},{"type":"Feature","properties":{"VILLAGE":"Mu Kyoe","VLG_MMR":"မူးကြိုး","TS":"Wetlet","VT":"Swei Kwayt","sev":"severe"},"geometry":{"type":"Point","coordinates":[95.5609,22.3488]}},{"type":"Feature","properties":{"VILLAGE":"Swei Kwayt","VLG_MMR":"စွယ်ကွေ့","TS":"Wetlet","VT":"Swei Kwayt","sev":"severe"},"geometry":{"type":"Point","coordinates":[95.5445,22.3668]}},{"type":"Feature","properties":{"VILLAGE":"Swei Kwayt (North)","VLG_MMR":"စွယ်ကွေ့ (မြောက်)","TS":"Wetlet","VT":"Swei Kwayt","sev":"severe"},"geometry":{"type":"Point","coordinates":[95.5444,22.3711]}},{"type":"Feature","properties":{"VILLAGE":"U Yin Thar","VLG_MMR":"ဥယျာဉ်သာ","TS":"Wetlet","VT":"Swei Kwayt","sev":"severe"},"geometry":{"type":"Point","coordinates":[95.5729,22.3345]}},{"type":"Feature","properties":{"VILLAGE":"Nyaung Zauk","VLG_MMR":"ညောင်ဇောက်","TS":"Wetlet","VT":"Ta Chan Thar","sev":"severe"},"geometry":{"type":"Point","coordinates":[95.8139,22.2201]}},{"type":"Feature","properties":{"VILLAGE":"Ta Chan Thar","VLG_MMR":"တချမ်းသာ","TS":"Wetlet","VT":"Ta Chan Thar","sev":"severe"},"geometry":{"type":"Point","coordinates":[95.7997,22.2402]}},{"type":"Feature","properties":{"VILLAGE":"Hle U Gyi Kone","VLG_MMR":"လှည်းဦးကြီးကုန်း","TS":"Wetlet","VT":"Ta Kaung Htaunt","sev":"severe"},"geometry":{"type":"Point","coordinates":[95.7037,22.2906]}},{"type":"Feature","properties":{"VILLAGE":"Hnan Gyi Kone","VLG_MMR":"နှမ်းကြီးကုန်း","TS":"Wetlet","VT":"Ta Kaung Htaunt","sev":"severe"},"geometry":{"type":"Point","coordinates":[95.6904,22.2811]}},{"type":"Feature","properties":{"VILLAGE":"Hnget Pyaw Taw","VLG_MMR":"ငှက်ပြောတော","TS":"Wetlet","VT":"Ta Kaung Htaunt","sev":"severe"},"geometry":{"type":"Point","coordinates":[95.7079,22.2682]}},{"type":"Feature","properties":{"VILLAGE":"Khar Tauk Kone","VLG_MMR":"ခါးတောက်ကုန်း","TS":"Wetlet","VT":"Ta Kaung Htaunt","sev":"severe"},"geometry":{"type":"Point","coordinates":[95.6694,22.2745]}},{"type":"Feature","properties":{"VILLAGE":"Koke Ko Su","VLG_MMR":"ကိုကိုစု","TS":"Wetlet","VT":"Ta Kaung Htaunt","sev":"severe"},"geometry":{"type":"Point","coordinates":[95.6735,22.2817]}},{"type":"Feature","properties":{"VILLAGE":"Shwe Dar","VLG_MMR":"ရွှေဒါး","TS":"Wetlet","VT":"Ta Kaung Htaunt","sev":"severe"},"geometry":{"type":"Point","coordinates":[95.683,22.2766]}},{"type":"Feature","properties":{"VILLAGE":"Ta Kaung Htaunt","VLG_MMR":"တကောင်းထောင့်","TS":"Wetlet","VT":"Ta Kaung Htaunt","sev":"severe"},"geometry":{"type":"Point","coordinates":[95.714,22.2817]}},{"type":"Feature","properties":{"VILLAGE":"Hnaw Pin","VLG_MMR":"နှောပင်","TS":"Wetlet","VT":"Ta Kaung Min","sev":"severe"},"geometry":{"type":"Point","coordinates":[95.729,22.4102]}},{"type":"Feature","properties":{"VILLAGE":"Ta Kaung Min","VLG_MMR":"တကောင်းမင်း","TS":"Wetlet","VT":"Ta Kaung Min","sev":"severe"},"geometry":{"type":"Point","coordinates":[95.7328,22.3826]}},{"type":"Feature","properties":{"VILLAGE":"Tha Hpan Kone","VLG_MMR":"သဖန်းကုန်း","TS":"Wetlet","VT":"Ta Kaung Min","sev":"severe"},"geometry":{"type":"Point","coordinates":[95.7498,22.3933]}},{"type":"Feature","properties":{"VILLAGE":"Hpet Than Gyi","VLG_MMR":"ဖက်သန်းကြီး","TS":"Wetlet","VT":"Ta Nin Thar","sev":"severe"},"geometry":{"type":"Point","coordinates":[95.7548,22.4025]}},{"type":"Feature","properties":{"VILLAGE":"Ta Nin Thar","VLG_MMR":"တနင်းသာ","TS":"Wetlet","VT":"Ta Nin Thar","sev":"severe"},"geometry":{"type":"Point","coordinates":[95.735,22.4147]}},{"type":"Feature","properties":{"VILLAGE":"Ngar Yei","VLG_MMR":"ငါးရယ်","TS":"Wetlet","VT":"Tat","sev":"severe"},"geometry":{"type":"Point","coordinates":[95.9851,22.2558]}},{"type":"Feature","properties":{"VILLAGE":"Sint Kaing","VLG_MMR":"စဉ့်ကိုင်","TS":"Wetlet","VT":"Tat","sev":"severe"},"geometry":{"type":"Point","coordinates":[95.9895,22.195]}},{"type":"Feature","properties":{"VILLAGE":"Ta Mar Kan","VLG_MMR":"တမာကန်","TS":"Wetlet","VT":"Tat","sev":"severe"},"geometry":{"type":"Point","coordinates":[95.9629,22.2465]}},{"type":"Feature","properties":{"VILLAGE":"Tat (Lower)","VLG_MMR":"တပ် (အောက်)","TS":"Wetlet","VT":"Tat","sev":"severe"},"geometry":{"type":"Point","coordinates":[95.9827,22.2265]}},{"type":"Feature","properties":{"VILLAGE":"Tat (Upper)","VLG_MMR":"တပ် (အထက်)","TS":"Wetlet","VT":"Tat","sev":"severe"},"geometry":{"type":"Point","coordinates":[95.9743,22.2265]}},{"type":"Feature","properties":{"VILLAGE":"Aung Chan Thar","VLG_MMR":"အောင်ချမ်းသာ","TS":"Wetlet","VT":"Tha Khut Taw","sev":"severe"},"geometry":{"type":"Point","coordinates":[95.7946,22.4153]}},{"type":"Feature","properties":{"VILLAGE":"Dint Te Kone","VLG_MMR":"ဒင့်တဲကုန်း","TS":"Wetlet","VT":"Tha Khut Taw","sev":"severe"},"geometry":{"type":"Point","coordinates":[95.7869,22.4154]}},{"type":"Feature","properties":{"VILLAGE":"Kaw Ton","VLG_MMR":"ကော်တုံ","TS":"Wetlet","VT":"Tha Khut Taw","sev":"severe"},"geometry":{"type":"Point","coordinates":[95.7593,22.4062]}},{"type":"Feature","properties":{"VILLAGE":"Kone Gyi","VLG_MMR":"ကုန်းကြီး","TS":"Wetlet","VT":"Tha Khut Taw","sev":"severe"},"geometry":{"type":"Point","coordinates":[95.798,22.4003]}},{"type":"Feature","properties":{"VILLAGE":"Ohn Hne Boke","VLG_MMR":"အုန်နှဲဘုတ်","TS":"Wetlet","VT":"Tha Khut Taw","sev":"severe"},"geometry":{"type":"Point","coordinates":[95.7778,22.3966]}},{"type":"Feature","properties":{"VILLAGE":"Tha Khut Taw (North)","VLG_MMR":"သခွတ္တော (မြောက်)","TS":"Wetlet","VT":"Tha Khut Taw","sev":"severe"},"geometry":{"type":"Point","coordinates":[95.7746,22.3941]}},{"type":"Feature","properties":{"VILLAGE":"Tei Taw","VLG_MMR":"တယ်တော","TS":"Wetlet","VT":"Tha Ma Yoe","sev":"severe"},"geometry":{"type":"Point","coordinates":[95.5887,22.3152]}},{"type":"Feature","properties":{"VILLAGE":"Tha Ma Yoe","VLG_MMR":"သမရိုး","TS":"Wetlet","VT":"Tha Ma Yoe","sev":"severe"},"geometry":{"type":"Point","coordinates":[95.5986,22.2947]}},{"type":"Feature","properties":{"VILLAGE":"Bo Te Kone","VLG_MMR":"ဘိုတဲကုန်း","TS":"Wetlet","VT":"Tha Man Thar","sev":"severe"},"geometry":{"type":"Point","coordinates":[95.6046,22.3804]}},{"type":"Feature","properties":{"VILLAGE":"Kan Sar Yay","VLG_MMR":"ကံစာရေး","TS":"Wetlet","VT":"Tha Man Thar","sev":"severe"},"geometry":{"type":"Point","coordinates":[95.606,22.336]}},{"type":"Feature","properties":{"VILLAGE":"Kwin Ma","VLG_MMR":"ကွင်းမ","TS":"Wetlet","VT":"Tha Man Thar","sev":"severe"},"geometry":{"type":"Point","coordinates":[95.6276,22.345]}},{"type":"Feature","properties":{"VILLAGE":"Taw Kone","VLG_MMR":"တောကုန်း","TS":"Wetlet","VT":"Tha Man Thar","sev":"severe"},"geometry":{"type":"Point","coordinates":[95.5983,22.3491]}},{"type":"Feature","properties":{"VILLAGE":"Tha Man Thar","VLG_MMR":"သမန်သာ","TS":"Wetlet","VT":"Tha Man Thar","sev":"severe"},"geometry":{"type":"Point","coordinates":[95.5997,22.3738]}},{"type":"Feature","properties":{"VILLAGE":"Me Taw Kone","VLG_MMR":"မဲတောကုန်း","TS":"Wetlet","VT":"Tha Na","sev":"severe"},"geometry":{"type":"Point","coordinates":[95.6466,22.4334]}},{"type":"Feature","properties":{"VILLAGE":"Tha Na","VLG_MMR":"သန","TS":"Wetlet","VT":"Tha Na","sev":"severe"},"geometry":{"type":"Point","coordinates":[95.6674,22.4223]}},{"type":"Feature","properties":{"VILLAGE":"Khin Min","VLG_MMR":"ခင်မင်","TS":"Wetlet","VT":"Tha Yaing","sev":"severe"},"geometry":{"type":"Point","coordinates":[95.847,22.3684]}},{"type":"Feature","properties":{"VILLAGE":"Nyaung Pin Twin","VLG_MMR":"ညောင်ပင်တွင်း","TS":"Wetlet","VT":"Tha Yaing","sev":"severe"},"geometry":{"type":"Point","coordinates":[95.8349,22.3873]}},{"type":"Feature","properties":{"VILLAGE":"Sa Mun","VLG_MMR":"စမွန်း","TS":"Wetlet","VT":"Tha Yaing","sev":"severe"},"geometry":{"type":"Point","coordinates":[95.8329,22.3682]}},{"type":"Feature","properties":{"VILLAGE":"Tha Yaing","VLG_MMR":"သရိုင်","TS":"Wetlet","VT":"Tha Yaing","sev":"severe"},"geometry":{"type":"Point","coordinates":[95.8494,22.377]}},{"type":"Feature","properties":{"VILLAGE":"Htone Bo","VLG_MMR":"ထုံးဘို","TS":"Wetlet","VT":"Tha Yet Gyi","sev":"severe"},"geometry":{"type":"Point","coordinates":[95.7182,22.3118]}},{"type":"Feature","properties":{"VILLAGE":"Ka Du","VLG_MMR":"ကဒူး","TS":"Wetlet","VT":"Tha Yet Gyi","sev":"severe"},"geometry":{"type":"Point","coordinates":[95.7228,22.2879]}},{"type":"Feature","properties":{"VILLAGE":"Tha Yet Gyi (East)","VLG_MMR":"သရက်ကြီး (အရှေ့)","TS":"Wetlet","VT":"Tha Yet Gyi","sev":"severe"},"geometry":{"type":"Point","coordinates":[95.738,22.2821]}},{"type":"Feature","properties":{"VILLAGE":"Tha Yet Gyi (West)","VLG_MMR":"သရက်ကြီး (အနောက်)","TS":"Wetlet","VT":"Tha Yet Gyi","sev":"severe"},"geometry":{"type":"Point","coordinates":[95.7329,22.2835]}},{"type":"Feature","properties":{"VILLAGE":"Thar Laing","VLG_MMR":"သာလိုင်း","TS":"Wetlet","VT":"Thar Laing","sev":"severe"},"geometry":{"type":"Point","coordinates":[95.8363,22.3006]}},{"type":"Feature","properties":{"VILLAGE":"Ywar Thit","VLG_MMR":"ရွာသစ်","TS":"Wetlet","VT":"Thar Laing","sev":"severe"},"geometry":{"type":"Point","coordinates":[95.837,22.3172]}},{"type":"Feature","properties":{"VILLAGE":"Hlay Poet Seik","VLG_MMR":"လှေပို့ဆိပ်","TS":"Wetlet","VT":"Thit Seint Gyi","sev":"severe"},"geometry":{"type":"Point","coordinates":[95.953,22.4291]}},{"type":"Feature","properties":{"VILLAGE":"Ku Gyi","VLG_MMR":"ကူကြီး","TS":"Wetlet","VT":"Thit Seint Gyi","sev":"severe"},"geometry":{"type":"Point","coordinates":[95.9567,22.4164]}},{"type":"Feature","properties":{"VILLAGE":"Thit Seint Gyi","VLG_MMR":"သစ်ဆိမ့်ကြီး","TS":"Wetlet","VT":"Thit Seint Gyi","sev":"severe"},"geometry":{"type":"Point","coordinates":[95.9537,22.4208]}},{"type":"Feature","properties":{"VILLAGE":"Ywar Thit","VLG_MMR":"ရွာသစ်","TS":"Wetlet","VT":"Thit Seint Gyi","sev":"severe"},"geometry":{"type":"Point","coordinates":[95.9536,22.4344]}},{"type":"Feature","properties":{"VILLAGE":"Dun Te Kone (North)","VLG_MMR":"ဒွန်တဲကုန်း (မြောက်)","TS":"Wetlet","VT":"Yae Htwet","sev":"severe"},"geometry":{"type":"Point","coordinates":[95.6331,22.3828]}},{"type":"Feature","properties":{"VILLAGE":"Dun Te Kone (South)","VLG_MMR":"ဒွန်တဲကုန်း (တောင်)","TS":"Wetlet","VT":"Yae Htwet","sev":"severe"},"geometry":{"type":"Point","coordinates":[95.633,22.3802]}},{"type":"Feature","properties":{"VILLAGE":"Htein Kan","VLG_MMR":"ထိန်ကန်","TS":"Wetlet","VT":"Yae Htwet","sev":"severe"},"geometry":{"type":"Point","coordinates":[95.6525,22.3942]}},{"type":"Feature","properties":{"VILLAGE":"Myet Hnar Pan","VLG_MMR":"မျက်နှာပန်း","TS":"Wetlet","VT":"Yae Htwet","sev":"severe"},"geometry":{"type":"Point","coordinates":[95.6337,22.3917]}},{"type":"Feature","properties":{"VILLAGE":"Yae Htwet","VLG_MMR":"ရေထွက်","TS":"Wetlet","VT":"Yae Htwet","sev":"severe"},"geometry":{"type":"Point","coordinates":[95.6725,22.3885]}},{"type":"Feature","properties":{"VILLAGE":"Moke Soe Chon Bu Tar","VLG_MMR":"မုဆိုးခြုံဘူတာ","TS":"Wetlet","VT":"Yin Mar Kan","sev":"severe"},"geometry":{"type":"Point","coordinates":[95.7503,22.4699]}},{"type":"Feature","properties":{"VILLAGE":"Yin Mar Kan","VLG_MMR":"ရင်းမာကန်","TS":"Wetlet","VT":"Yin Mar Kan","sev":"severe"},"geometry":{"type":"Point","coordinates":[95.7451,22.483]}},{"type":"Feature","properties":{"VILLAGE":"Htan Gyi","VLG_MMR":"ထန်းကြီး","TS":"Wetlet","VT":"Yin Taw","sev":"severe"},"geometry":{"type":"Point","coordinates":[95.7337,22.4299]}},{"type":"Feature","properties":{"VILLAGE":"Shwe Taung","VLG_MMR":"ရွှေတောင်","TS":"Wetlet","VT":"Yin Taw","sev":"severe"},"geometry":{"type":"Point","coordinates":[95.7343,22.4493]}},{"type":"Feature","properties":{"VILLAGE":"Yin Taw","VLG_MMR":"ရင်းတော","TS":"Wetlet","VT":"Yin Taw","sev":"severe"},"geometry":{"type":"Point","coordinates":[95.7126,22.4414]}},{"type":"Feature","properties":{"VILLAGE":"Ywar Tan","VLG_MMR":"ရွာတန်း","TS":"Wetlet","VT":"Yin Taw","sev":"severe"},"geometry":{"type":"Point","coordinates":[95.7427,22.4437]}},{"type":"Feature","properties":{"VILLAGE":"Min Kone Lay","VLG_MMR":"မင်းကုန်းလေး","TS":"Wetlet","VT":"Yone Pin Kone","sev":"severe"},"geometry":{"type":"Point","coordinates":[95.9412,22.2764]}},{"type":"Feature","properties":{"VILLAGE":"Pa Win Tat","VLG_MMR":"ပဝင်းတပ်","TS":"Wetlet","VT":"Yone Pin Kone","sev":"severe"},"geometry":{"type":"Point","coordinates":[95.9376,22.2949]}},{"type":"Feature","properties":{"VILLAGE":"Shwe Kyin","VLG_MMR":"ရွှေကျင်","TS":"Wetlet","VT":"Yone Pin Kone","sev":"severe"},"geometry":{"type":"Point","coordinates":[95.9252,22.3222]}},{"type":"Feature","properties":{"VILLAGE":"Yone Pin Kone","VLG_MMR":"ရုံးပင်ကုန်း","TS":"Wetlet","VT":"Yone Pin Kone","sev":"severe"},"geometry":{"type":"Point","coordinates":[95.9311,22.3002]}},{"type":"Feature","properties":{"VILLAGE":"Pyun Gyi","VLG_MMR":"ပြွန်ကြီး","TS":"Wetlet","VT":"Yone Thar","sev":"severe"},"geometry":{"type":"Point","coordinates":[95.8064,22.3061]}},{"type":"Feature","properties":{"VILLAGE":"Yone Thar","VLG_MMR":"ရုံးသာ","TS":"Wetlet","VT":"Yone Thar","sev":"severe"},"geometry":{"type":"Point","coordinates":[95.8052,22.3021]}},{"type":"Feature","properties":{"VILLAGE":"Ywar Nan","VLG_MMR":"ရွာနန်း","TS":"Wetlet","VT":"Ywar Nan","sev":"severe"},"geometry":{"type":"Point","coordinates":[95.8223,22.2027]}},{"type":"Feature","properties":{"VILLAGE":"Ywar Thit","VLG_MMR":"ရွာသစ်","TS":"Wetlet","VT":"Ywar Nan","sev":"severe"},"geometry":{"type":"Point","coordinates":[95.8193,22.2101]}},{"type":"Feature","properties":{"VILLAGE":"Yin Ma Taw","VLG_MMR":"ရင်းမတော","TS":"Wetlet","VT":"Ywar Thar Gyi","sev":"severe"},"geometry":{"type":"Point","coordinates":[95.6665,22.2928]}},{"type":"Feature","properties":{"VILLAGE":"Ywar Thar Gyi","VLG_MMR":"ရွာသာကြီး","TS":"Wetlet","VT":"Ywar Thar Gyi","sev":"severe"},"geometry":{"type":"Point","coordinates":[95.7062,22.3031]}},{"type":"Feature","properties":{"VILLAGE":"Ywar Thar Gyi Ah Nauk","VLG_MMR":"ရွာသာကြီးအနောက်","TS":"Wetlet","VT":"Ywar Thar Gyi","sev":"severe"},"geometry":{"type":"Point","coordinates":[95.7015,22.3046]}},{"type":"Feature","properties":{"VILLAGE":"Khin Pin","VLG_MMR":"ခင်ပင်","TS":"Ye-U","VT":"Khin Pin","sev":"severe"},"geometry":{"type":"Point","coordinates":[95.0687,22.9412]}},{"type":"Feature","properties":{"VILLAGE":"Aung Keit Zin","VLG_MMR":"အောင်ကဲ့ဇင်","TS":"Ye-U","VT":"Aung Keit Zin","sev":"severe"},"geometry":{"type":"Point","coordinates":[95.2213,22.8037]}},{"type":"Feature","properties":{"VILLAGE":"Chauk Gyi","VLG_MMR":"​ချောက်ကြီး","TS":"Ye-U","VT":"Aung Keit Zin","sev":"severe"},"geometry":{"type":"Point","coordinates":[95.2093,22.8027]}},{"type":"Feature","properties":{"VILLAGE":"Htauk Kyant","VLG_MMR":"ထောက်ကြံ့","TS":"Ye-U","VT":"Aung Keit Zin","sev":"severe"},"geometry":{"type":"Point","coordinates":[95.2061,22.8254]}},{"type":"Feature","properties":{"VILLAGE":"In Gyin Kone","VLG_MMR":"အင်ကြင်းကုန်း","TS":"Ye-U","VT":"Aung Keit Zin","sev":"severe"},"geometry":{"type":"Point","coordinates":[95.2104,22.8059]}},{"type":"Feature","properties":{"VILLAGE":"Tha Min Kwin","VLG_MMR":"သမင်ကွင်း","TS":"Ye-U","VT":"Aung Keit Zin","sev":"severe"},"geometry":{"type":"Point","coordinates":[95.2126,22.8088]}},{"type":"Feature","properties":{"VILLAGE":"Zee Kone","VLG_MMR":"ဇီးကုန်း","TS":"Ye-U","VT":"Aung Keit Zin","sev":"severe"},"geometry":{"type":"Point","coordinates":[95.2146,22.8171]}},{"type":"Feature","properties":{"VILLAGE":"Aung Thar","VLG_MMR":"အောင်သာ","TS":"Ye-U","VT":"Aung Thar","sev":"severe"},"geometry":{"type":"Point","coordinates":[95.3682,22.7092]}},{"type":"Feature","properties":{"VILLAGE":"Boke","VLG_MMR":"ဘုတ်","TS":"Ye-U","VT":"Boke","sev":"severe"},"geometry":{"type":"Point","coordinates":[95.3012,22.8493]}},{"type":"Feature","properties":{"VILLAGE":"Na Be Aing","VLG_MMR":"နဘဲအိုင်","TS":"Ye-U","VT":"Boke","sev":"severe"},"geometry":{"type":"Point","coordinates":[95.3064,22.8547]}},{"type":"Feature","properties":{"VILLAGE":"Nay Pu Kone","VLG_MMR":"နေပူကုန်း","TS":"Ye-U","VT":"Boke","sev":"severe"},"geometry":{"type":"Point","coordinates":[95.3073,22.8503]}},{"type":"Feature","properties":{"VILLAGE":"Boke Ta Hu","VLG_MMR":"ဗုဒ္ဓဟူး","TS":"Ye-U","VT":"Chan Thar","sev":"severe"},"geometry":{"type":"Point","coordinates":[95.3267,22.7754]}},{"type":"Feature","properties":{"VILLAGE":"Chan Thar","VLG_MMR":"ချမ်းသာ","TS":"Ye-U","VT":"Chan Thar","sev":"severe"},"geometry":{"type":"Point","coordinates":[95.3299,22.7704]}},{"type":"Feature","properties":{"VILLAGE":"Htan Pin Kone","VLG_MMR":"ထန်းပင်ကုန်း","TS":"Ye-U","VT":"Chan Thar","sev":"severe"},"geometry":{"type":"Point","coordinates":[95.3345,22.7741]}},{"type":"Feature","properties":{"VILLAGE":"Chaung Nar","VLG_MMR":"ချောင်းနား","TS":"Ye-U","VT":"Chaung Shey","sev":"severe"},"geometry":{"type":"Point","coordinates":[95.2601,22.826]}},{"type":"Feature","properties":{"VILLAGE":"In Taing","VLG_MMR":"အင်တိုင်း","TS":"Ye-U","VT":"Chaung Shey","sev":"severe"},"geometry":{"type":"Point","coordinates":[95.2801,22.8166]}},{"type":"Feature","properties":{"VILLAGE":"Tha Pyay Kone","VLG_MMR":"သပြေကုံး","TS":"Ye-U","VT":"Chaung Shey","sev":"severe"},"geometry":{"type":"Point","coordinates":[95.2778,22.8142]}},{"type":"Feature","properties":{"VILLAGE":"Ywar Thit (South)","VLG_MMR":"ရွာသစ် (တောင်)","TS":"Ye-U","VT":"Chaung Shey","sev":"severe"},"geometry":{"type":"Point","coordinates":[95.2679,22.8166]}},{"type":"Feature","properties":{"VILLAGE":"Chaung Son","VLG_MMR":"ချောင်းဆုံ","TS":"Ye-U","VT":"Chaung Son","sev":"severe"},"geometry":{"type":"Point","coordinates":[95.316,22.8029]}},{"type":"Feature","properties":{"VILLAGE":"Let Pan Kwet","VLG_MMR":"လက်ပံကွက်","TS":"Ye-U","VT":"Chaung Son","sev":"severe"},"geometry":{"type":"Point","coordinates":[95.3046,22.8086]}},{"type":"Feature","properties":{"VILLAGE":"Chon","VLG_MMR":"ခြုံ","TS":"Ye-U","VT":"Chon","sev":"severe"},"geometry":{"type":"Point","coordinates":[95.3291,22.724]}},{"type":"Feature","properties":{"VILLAGE":"Kyi Kone","VLG_MMR":"ကြည်ကုံး","TS":"Ye-U","VT":"Chon","sev":"severe"},"geometry":{"type":"Point","coordinates":[95.3331,22.7231]}},{"type":"Feature","properties":{"VILLAGE":"Ma Soe Yein","VLG_MMR":"မစိုးရိမ်","TS":"Ye-U","VT":"Chon","sev":"severe"},"geometry":{"type":"Point","coordinates":[95.3475,22.704]}},{"type":"Feature","properties":{"VILLAGE":"Hnaw Kone","VLG_MMR":"နှောကုန်း","TS":"Ye-U","VT":"Hnaw Kone","sev":"severe"},"geometry":{"type":"Point","coordinates":[95.3667,22.7701]}},{"type":"Feature","properties":{"VILLAGE":"Kone Gyi","VLG_MMR":"ကုန်းကြီး","TS":"Ye-U","VT":"Hnaw Kone","sev":"severe"},"geometry":{"type":"Point","coordinates":[95.368,22.7545]}},{"type":"Feature","properties":{"VILLAGE":"Kone Tan","VLG_MMR":"ကုန်းတန်း","TS":"Ye-U","VT":"Hnaw Kone","sev":"severe"},"geometry":{"type":"Point","coordinates":[95.3698,22.7638]}},{"type":"Feature","properties":{"VILLAGE":"Za Wa","VLG_MMR":"ဇဝ","TS":"Ye-U","VT":"Hnaw Kone","sev":"severe"},"geometry":{"type":"Point","coordinates":[95.3706,22.7797]}},{"type":"Feature","properties":{"VILLAGE":"Hpa Lan Khon","VLG_MMR":"ဖလံခုံ","TS":"Ye-U","VT":"Hpa Lan Khon","sev":"severe"},"geometry":{"type":"Point","coordinates":[95.3675,22.8086]}},{"type":"Feature","properties":{"VILLAGE":"Hpein Kar","VLG_MMR":"ဖိန်းကား","TS":"Ye-U","VT":"Hpein Kar","sev":"severe"},"geometry":{"type":"Point","coordinates":[95.4206,22.8122]}},{"type":"Feature","properties":{"VILLAGE":"Htan Gyi","VLG_MMR":"ထန်းကြီး","TS":"Ye-U","VT":"Htan Gyi","sev":"severe"},"geometry":{"type":"Point","coordinates":[95.2826,22.7344]}},{"type":"Feature","properties":{"VILLAGE":"Htan Taw Kone","VLG_MMR":"ထန်းတောကုံး","TS":"Ye-U","VT":"Htan Gyi","sev":"severe"},"geometry":{"type":"Point","coordinates":[95.2702,22.739]}},{"type":"Feature","properties":{"VILLAGE":"Nant Thar Kyaing","VLG_MMR":"နံ့သာကြိုင်","TS":"Ye-U","VT":"Htan Gyi","sev":"severe"},"geometry":{"type":"Point","coordinates":[95.2789,22.748]}},{"type":"Feature","properties":{"VILLAGE":"Ngar Pi Khoe","VLG_MMR":"ငါးပိခိုး","TS":"Ye-U","VT":"Htan Gyi","sev":"severe"},"geometry":{"type":"Point","coordinates":[95.2904,22.7272]}},{"type":"Feature","properties":{"VILLAGE":"Htan Taw (South)","VLG_MMR":"ထန်းတော (တောင်)","TS":"Ye-U","VT":"Htan Taw","sev":"severe"},"geometry":{"type":"Point","coordinates":[95.4039,22.7549]}},{"type":"Feature","properties":{"VILLAGE":"Aung Thar Yar","VLG_MMR":"အောင်သာယာ","TS":"Ye-U","VT":"In Pin","sev":"severe"},"geometry":{"type":"Point","coordinates":[95.4779,22.8852]}},{"type":"Feature","properties":{"VILLAGE":"In Pin","VLG_MMR":"အင်ပင်","TS":"Ye-U","VT":"In Pin","sev":"severe"},"geometry":{"type":"Point","coordinates":[95.4628,22.8825]}},{"type":"Feature","properties":{"VILLAGE":"Shan Seik","VLG_MMR":"ရှမ်းဆိပ်","TS":"Ye-U","VT":"In Pin","sev":"severe"},"geometry":{"type":"Point","coordinates":[95.466,22.8994]}},{"type":"Feature","properties":{"VILLAGE":"Si Son","VLG_MMR":"ဆီဆုံ","TS":"Ye-U","VT":"In Pin","sev":"severe"},"geometry":{"type":"Point","coordinates":[95.4542,22.8945]}},{"type":"Feature","properties":{"VILLAGE":"Tat Thit","VLG_MMR":"တပ်သစ်","TS":"Ye-U","VT":"In Pin","sev":"severe"},"geometry":{"type":"Point","coordinates":[95.4628,22.9047]}},{"type":"Feature","properties":{"VILLAGE":"Thar Yar Kone","VLG_MMR":"သာယာကုံး","TS":"Ye-U","VT":"In Pin","sev":"severe"},"geometry":{"type":"Point","coordinates":[95.4755,22.8925]}},{"type":"Feature","properties":{"VILLAGE":"Ywar Shey","VLG_MMR":"ရွာရှေ","TS":"Ye-U","VT":"In Pin","sev":"severe"},"geometry":{"type":"Point","coordinates":[95.4494,22.8901]}},{"type":"Feature","properties":{"VILLAGE":"Bo Yon","VLG_MMR":"ဗိုလ်ရုံ","TS":"Ye-U","VT":"In Taw","sev":"severe"},"geometry":{"type":"Point","coordinates":[95.4189,22.8368]}},{"type":"Feature","properties":{"VILLAGE":"In Taw","VLG_MMR":"အင်တော","TS":"Ye-U","VT":"In Taw","sev":"severe"},"geometry":{"type":"Point","coordinates":[95.4119,22.8508]}},{"type":"Feature","properties":{"VILLAGE":"Ohn Na Paung","VLG_MMR":"အုန်းနပေါင်း","TS":"Ye-U","VT":"In Taw","sev":"severe"},"geometry":{"type":"Point","coordinates":[95.4225,22.8339]}},{"type":"Feature","properties":{"VILLAGE":"Pan Kone (North)","VLG_MMR":"ပန်းကုန်း ( မြောက် )","TS":"Ye-U","VT":"In Taw","sev":"severe"},"geometry":{"type":"Point","coordinates":[95.406,22.8353]}},{"type":"Feature","properties":{"VILLAGE":"Pan Kone (South)","VLG_MMR":"ပန်းကုံး","TS":"Ye-U","VT":"In Taw","sev":"severe"},"geometry":{"type":"Point","coordinates":[95.4014,22.8314]}},{"type":"Feature","properties":{"VILLAGE":"Sat Thay","VLG_MMR":"ဆပ်သေ","TS":"Ye-U","VT":"In Taw","sev":"severe"},"geometry":{"type":"Point","coordinates":[95.4135,22.8422]}},{"type":"Feature","properties":{"VILLAGE":"Inn Gyi (East)","VLG_MMR":"အင်းကြီး (အရှေ့)","TS":"Ye-U","VT":"Inn Gyi","sev":"severe"},"geometry":{"type":"Point","coordinates":[95.0004,22.8449]}},{"type":"Feature","properties":{"VILLAGE":"Kan Pauk (West)","VLG_MMR":"ကန်ပေါက် (အနောက်)","TS":"Ye-U","VT":"Kan Pauk","sev":"severe"},"geometry":{"type":"Point","coordinates":[95.3899,22.8026]}},{"type":"Feature","properties":{"VILLAGE":"Nyaung Pin Thar","VLG_MMR":"ညောင်ပင်သာ","TS":"Ye-U","VT":"Khaung Nwet","sev":"severe"},"geometry":{"type":"Point","coordinates":[95.2798,22.7665]}},{"type":"Feature","properties":{"VILLAGE":"Seik Thin Boe","VLG_MMR":"ဆိပ်သင်းဘိုး","TS":"Ye-U","VT":"Khaung Nwet","sev":"severe"},"geometry":{"type":"Point","coordinates":[95.2885,22.7554]}},{"type":"Feature","properties":{"VILLAGE":"Zee Taw","VLG_MMR":"ဇီးတော","TS":"Ye-U","VT":"Khaung Nwet","sev":"severe"},"geometry":{"type":"Point","coordinates":[95.2846,22.7614]}},{"type":"Feature","properties":{"VILLAGE":"Zee Taw Lay","VLG_MMR":"ဇီးတောလေး","TS":"Ye-U","VT":"Khaung Nwet","sev":"severe"},"geometry":{"type":"Point","coordinates":[95.2885,22.7631]}},{"type":"Feature","properties":{"VILLAGE":"Aung Pan","VLG_MMR":"အောင်ပန်း","TS":"Ye-U","VT":"Khin Pin","sev":"severe"},"geometry":{"type":"Point","coordinates":[95.1224,22.9047]}},{"type":"Feature","properties":{"VILLAGE":"Koke Ko Su","VLG_MMR":"ကုက္ကိုစု","TS":"Ye-U","VT":"Koke Ko Su","sev":"severe"},"geometry":{"type":"Point","coordinates":[95.4215,22.7236]}},{"type":"Feature","properties":{"VILLAGE":"Mu Thar Kone","VLG_MMR":"မူးသာကုံး","TS":"Ye-U","VT":"Koke Ko Su","sev":"severe"},"geometry":{"type":"Point","coordinates":[95.4218,22.7184]}},{"type":"Feature","properties":{"VILLAGE":"Ywar Thar Lay","VLG_MMR":"ရွာသာလေး","TS":"Ye-U","VT":"Koke Ko Su","sev":"severe"},"geometry":{"type":"Point","coordinates":[95.4219,22.7293]}},{"type":"Feature","properties":{"VILLAGE":"Kone Thar","VLG_MMR":"ကုံးသာ","TS":"Ye-U","VT":"Kone Thar","sev":"severe"},"geometry":{"type":"Point","coordinates":[95.3405,22.7595]}},{"type":"Feature","properties":{"VILLAGE":"Kun Ohn","VLG_MMR":"ကွမ်းအုံ","TS":"Ye-U","VT":"Kun Ohn","sev":"severe"},"geometry":{"type":"Point","coordinates":[95.2917,22.7933]}},{"type":"Feature","properties":{"VILLAGE":"Ma Gyi Kone","VLG_MMR":"မကြီးကုံး","TS":"Ye-U","VT":"Kun Ohn","sev":"severe"},"geometry":{"type":"Point","coordinates":[95.2725,22.7868]}},{"type":"Feature","properties":{"VILLAGE":"Moe Taung","VLG_MMR":"မိုးတောင်","TS":"Ye-U","VT":"Kun Ohn","sev":"severe"},"geometry":{"type":"Point","coordinates":[95.282,22.791]}},{"type":"Feature","properties":{"VILLAGE":"Nyaung Zauk","VLG_MMR":"ညောင်စောက်","TS":"Ye-U","VT":"Kun Ohn","sev":"severe"},"geometry":{"type":"Point","coordinates":[95.2844,22.8069]}},{"type":"Feature","properties":{"VILLAGE":"Si Son","VLG_MMR":"ဆီဆုံ","TS":"Ye-U","VT":"Kun Ohn","sev":"severe"},"geometry":{"type":"Point","coordinates":[95.2916,22.7785]}},{"type":"Feature","properties":{"VILLAGE":"Sin Chan","VLG_MMR":"ဆင်ခြံ","TS":"Ye-U","VT":"Kun Ohn","sev":"severe"},"geometry":{"type":"Point","coordinates":[95.3021,22.7791]}},{"type":"Feature","properties":{"VILLAGE":"Tha Yet Kan","VLG_MMR":"သရက်ကန်","TS":"Ye-U","VT":"Kun Ohn","sev":"severe"},"geometry":{"type":"Point","coordinates":[95.285,22.789]}},{"type":"Feature","properties":{"VILLAGE":"Kyar Pan Nyo","VLG_MMR":"ကြာပန်းညို","TS":"Ye-U","VT":"Kyar Pan Nyo","sev":"severe"},"geometry":{"type":"Point","coordinates":[95.4446,22.7941]}},{"type":"Feature","properties":{"VILLAGE":"Auk Ka Lay","VLG_MMR":"အောက်ကလေး","TS":"Ye-U","VT":"Kyaung Pan Taw","sev":"severe"},"geometry":{"type":"Point","coordinates":[95.2826,22.7177]}},{"type":"Feature","properties":{"VILLAGE":"Kyaung Pan Taw","VLG_MMR":"ကြောင်ပန်းတော","TS":"Ye-U","VT":"Kyaung Pan Taw","sev":"severe"},"geometry":{"type":"Point","coordinates":[95.2715,22.7162]}},{"type":"Feature","properties":{"VILLAGE":"Zee Kone","VLG_MMR":"ဇီးကုံး","TS":"Ye-U","VT":"Kyaung Pan Taw","sev":"severe"},"geometry":{"type":"Point","coordinates":[95.2835,22.7107]}},{"type":"Feature","properties":{"VILLAGE":"Gon Tan","VLG_MMR":"ဂုဏ်တန်","TS":"Ye-U","VT":"Lein Taw","sev":"severe"},"geometry":{"type":"Point","coordinates":[95.3302,22.8345]}},{"type":"Feature","properties":{"VILLAGE":"Lein Taw","VLG_MMR":"လိမ်တော","TS":"Ye-U","VT":"Lein Taw","sev":"severe"},"geometry":{"type":"Point","coordinates":[95.3201,22.8245]}},{"type":"Feature","properties":{"VILLAGE":"Ywar Htaung","VLG_MMR":"ရွာထောင်","TS":"Ye-U","VT":"Lein Taw","sev":"severe"},"geometry":{"type":"Point","coordinates":[95.3274,22.8436]}},{"type":"Feature","properties":{"VILLAGE":"Ywar Pale","VLG_MMR":"ရွာပုလဲ","TS":"Ye-U","VT":"Lein Taw","sev":"severe"},"geometry":{"type":"Point","coordinates":[95.3379,22.8329]}},{"type":"Feature","properties":{"VILLAGE":"Chaung Yoe","VLG_MMR":"ချောင်းရိုး","TS":"Ye-U","VT":"Lin Hpyu","sev":"severe"},"geometry":{"type":"Point","coordinates":[95.2023,22.7897]}},{"type":"Feature","properties":{"VILLAGE":"In Kone","VLG_MMR":"အင်ကုံး","TS":"Ye-U","VT":"Lin Hpyu","sev":"severe"},"geometry":{"type":"Point","coordinates":[95.2214,22.7823]}},{"type":"Feature","properties":{"VILLAGE":"Lin Hpyu","VLG_MMR":"လင်းဖြူ","TS":"Ye-U","VT":"Lin Hpyu","sev":"severe"},"geometry":{"type":"Point","coordinates":[95.2209,22.7878]}},{"type":"Feature","properties":{"VILLAGE":"Ngar Pei","VLG_MMR":"ငါးပယ်","TS":"Ye-U","VT":"Lin Hpyu","sev":"severe"},"geometry":{"type":"Point","coordinates":[95.1998,22.7825]}},{"type":"Feature","properties":{"VILLAGE":"Ngar Pei (North)","VLG_MMR":"ငါးပယ် (မြောက်)","TS":"Ye-U","VT":"Lin Hpyu","sev":"severe"},"geometry":{"type":"Point","coordinates":[95.2008,22.7848]}},{"type":"Feature","properties":{"VILLAGE":"See Pyar","VLG_MMR":"စီးပြား","TS":"Ye-U","VT":"Lin Hpyu","sev":"severe"},"geometry":{"type":"Point","coordinates":[95.2064,22.7777]}},{"type":"Feature","properties":{"VILLAGE":"Kan Thar Nge","VLG_MMR":"ကန်သာငယ်","TS":"Ye-U","VT":"Ma Gyi Ni","sev":"severe"},"geometry":{"type":"Point","coordinates":[95.2969,22.7464]}},{"type":"Feature","properties":{"VILLAGE":"Ma Gyi Ni (North)","VLG_MMR":"မကြီးနီ (မြောက်)","TS":"Ye-U","VT":"Ma Gyi Ni","sev":"severe"},"geometry":{"type":"Point","coordinates":[95.2921,22.7524]}},{"type":"Feature","properties":{"VILLAGE":"Ma Gyi Ni (South)","VLG_MMR":"မကြီးနီ (တောင်)","TS":"Ye-U","VT":"Ma Gyi Ni","sev":"severe"},"geometry":{"type":"Point","coordinates":[95.2938,22.7472]}},{"type":"Feature","properties":{"VILLAGE":"Wan Pyayt","VLG_MMR":"ဝမ်းပြေ့","TS":"Ye-U","VT":"Ma Gyi Ni","sev":"severe"},"geometry":{"type":"Point","coordinates":[95.2889,22.7404]}},{"type":"Feature","properties":{"VILLAGE":"Ma Gyi Taw Ywar Ma","VLG_MMR":"မကြီးတောရွာမ","TS":"Ye-U","VT":"Ma Gyi Taw","sev":"severe"},"geometry":{"type":"Point","coordinates":[95.4288,22.7469]}},{"type":"Feature","properties":{"VILLAGE":"Ku Hpyu","VLG_MMR":"ကူဖြူ","TS":"Ye-U","VT":"Me Oe","sev":"severe"},"geometry":{"type":"Point","coordinates":[95.3525,22.8107]}},{"type":"Feature","properties":{"VILLAGE":"Me Oe","VLG_MMR":"မဲအိုး","TS":"Ye-U","VT":"Me Oe","sev":"severe"},"geometry":{"type":"Point","coordinates":[95.3526,22.7974]}},{"type":"Feature","properties":{"VILLAGE":"Htan Kyit","VLG_MMR":"ထန်းကျစ်","TS":"Ye-U","VT":"Meik Hti Lar","sev":"severe"},"geometry":{"type":"Point","coordinates":[95.2532,22.751]}},{"type":"Feature","properties":{"VILLAGE":"Meik Hti Lar","VLG_MMR":"မိတ္ထီလာ","TS":"Ye-U","VT":"Meik Hti Lar","sev":"severe"},"geometry":{"type":"Point","coordinates":[95.2584,22.7685]}},{"type":"Feature","properties":{"VILLAGE":"Nyi Naung (East)","VLG_MMR":"ညီနောင် (အရှေ့)","TS":"Ye-U","VT":"Meik Hti Lar","sev":"severe"},"geometry":{"type":"Point","coordinates":[95.2641,22.7584]}},{"type":"Feature","properties":{"VILLAGE":"Ye Man","VLG_MMR":"ရဲမာန်","TS":"Ye-U","VT":"Meik Hti Lar","sev":"severe"},"geometry":{"type":"Point","coordinates":[95.2596,22.7766]}},{"type":"Feature","properties":{"VILLAGE":"Moke Si","VLG_MMR":"မုတ်စီ","TS":"Ye-U","VT":"Moke Si","sev":"severe"},"geometry":{"type":"Point","coordinates":[95.3879,22.733]}},{"type":"Feature","properties":{"VILLAGE":"Chaung U","VLG_MMR":"ချောင်းဦး","TS":"Ye-U","VT":"Mon Taing Pin","sev":"severe"},"geometry":{"type":"Point","coordinates":[95.4463,22.8454]}},{"type":"Feature","properties":{"VILLAGE":"Mon Taing Pin","VLG_MMR":"မုန်တိုင်ပင်","TS":"Ye-U","VT":"Mon Taing Pin","sev":"severe"},"geometry":{"type":"Point","coordinates":[95.456,22.8801]}},{"type":"Feature","properties":{"VILLAGE":"Pin Sein Khin","VLG_MMR":"ပင်စိမ်းခင်း","TS":"Ye-U","VT":"Mon Taing Pin","sev":"severe"},"geometry":{"type":"Point","coordinates":[95.4802,22.8544]}},{"type":"Feature","properties":{"VILLAGE":"Sa Khan Thar","VLG_MMR":"စခမ်းသာ","TS":"Ye-U","VT":"Mon Taing Pin","sev":"severe"},"geometry":{"type":"Point","coordinates":[95.4628,22.8733]}},{"type":"Feature","properties":{"VILLAGE":"Zee Kan","VLG_MMR":"ဇီးကန်","TS":"Ye-U","VT":"Mon Taing Pin","sev":"severe"},"geometry":{"type":"Point","coordinates":[95.4566,22.8577]}},{"type":"Feature","properties":{"VILLAGE":"Myin Pauk","VLG_MMR":"မြင်းပေါက်","TS":"Ye-U","VT":"Myin Pauk","sev":"severe"},"geometry":{"type":"Point","coordinates":[95.3631,22.7869]}},{"type":"Feature","properties":{"VILLAGE":"Taung Kone","VLG_MMR":"တောင်ကုန်း","TS":"Ye-U","VT":"Myin Pauk","sev":"severe"},"geometry":{"type":"Point","coordinates":[95.3559,22.7892]}},{"type":"Feature","properties":{"VILLAGE":"Wet Hpoe","VLG_MMR":"ဝက်ဖိုး","TS":"Ye-U","VT":"Myin Pauk","sev":"severe"},"geometry":{"type":"Point","coordinates":[95.365,22.7838]}},{"type":"Feature","properties":{"VILLAGE":"Htan Taw","VLG_MMR":"ထန်းတော","TS":"Ye-U","VT":"Myo Gyi","sev":"severe"},"geometry":{"type":"Point","coordinates":[95.303,22.7303]}},{"type":"Feature","properties":{"VILLAGE":"Myo Gyi","VLG_MMR":"မြို့ကြီး","TS":"Ye-U","VT":"Myo Gyi","sev":"severe"},"geometry":{"type":"Point","coordinates":[95.3104,22.7341]}},{"type":"Feature","properties":{"VILLAGE":"Pauk Taw","VLG_MMR":"ပေါက်တော","TS":"Ye-U","VT":"Myo Gyi","sev":"severe"},"geometry":{"type":"Point","coordinates":[95.3219,22.7272]}},{"type":"Feature","properties":{"VILLAGE":"Taung Taw","VLG_MMR":"တောင်တော","TS":"Ye-U","VT":"Myo Gyi","sev":"severe"},"geometry":{"type":"Point","coordinates":[95.3066,22.7255]}},{"type":"Feature","properties":{"VILLAGE":"Zee Kone","VLG_MMR":"ဇီးကုံး","TS":"Ye-U","VT":"Myo Gyi","sev":"severe"},"geometry":{"type":"Point","coordinates":[95.3353,22.7316]}},{"type":"Feature","properties":{"VILLAGE":"Myin Myay","VLG_MMR":"မြင်းမြေ","TS":"Ye-U","VT":"Nay Pu Kone","sev":"severe"},"geometry":{"type":"Point","coordinates":[95.2168,22.8298]}},{"type":"Feature","properties":{"VILLAGE":"Nay Pu Kone","VLG_MMR":"​နေပူကုန်း","TS":"Ye-U","VT":"Nay Pu Kone","sev":"severe"},"geometry":{"type":"Point","coordinates":[95.2236,22.8332]}},{"type":"Feature","properties":{"VILLAGE":"Tat Kone","VLG_MMR":"တပ်ကုန်း","TS":"Ye-U","VT":"Nay Pu Kone","sev":"severe"},"geometry":{"type":"Point","coordinates":[95.2242,22.8255]}},{"type":"Feature","properties":{"VILLAGE":"Nga Yoke Ton","VLG_MMR":"ငြုပ်တုံ","TS":"Ye-U","VT":"Nga Yoke Ton","sev":"severe"},"geometry":{"type":"Point","coordinates":[95.3882,22.7478]}},{"type":"Feature","properties":{"VILLAGE":"Gwet","VLG_MMR":"ဂွက်","TS":"Ye-U","VT":"Nyaung Lel","sev":"severe"},"geometry":{"type":"Point","coordinates":[95.2187,22.8445]}},{"type":"Feature","properties":{"VILLAGE":"Hpa Yon Kone","VLG_MMR":"ဖရုံကုန်း","TS":"Ye-U","VT":"Nyaung Lel","sev":"severe"},"geometry":{"type":"Point","coordinates":[95.2409,22.8445]}},{"type":"Feature","properties":{"VILLAGE":"Nyaung Lel","VLG_MMR":"ညောင်လယ်","TS":"Ye-U","VT":"Nyaung Lel","sev":"severe"},"geometry":{"type":"Point","coordinates":[95.2408,22.8342]}},{"type":"Feature","properties":{"VILLAGE":"Kone Thar","VLG_MMR":"ကုံးသာ","TS":"Ye-U","VT":"Nyaung Ni Kan","sev":"severe"},"geometry":{"type":"Point","coordinates":[95.1918,22.813]}},{"type":"Feature","properties":{"VILLAGE":"Kyaung Kone","VLG_MMR":"ကျောင်းကုံး","TS":"Ye-U","VT":"Nyaung Ni Kan","sev":"severe"},"geometry":{"type":"Point","coordinates":[95.187,22.8305]}},{"type":"Feature","properties":{"VILLAGE":"Nyaung Ni Kan","VLG_MMR":"ညောင်နီကန်","TS":"Ye-U","VT":"Nyaung Ni Kan","sev":"severe"},"geometry":{"type":"Point","coordinates":[95.1916,22.8089]}},{"type":"Feature","properties":{"VILLAGE":"Wet Hpyu","VLG_MMR":"ဝက်ဖြူ","TS":"Ye-U","VT":"Nyaung Ni Kan","sev":"severe"},"geometry":{"type":"Point","coordinates":[95.1904,22.8246]}},{"type":"Feature","properties":{"VILLAGE":"Let Ma Htaung","VLG_MMR":"လက်မထောင်း","TS":"Ye-U","VT":"Oke Hpo","sev":"severe"},"geometry":{"type":"Point","coordinates":[95.2421,22.8163]}},{"type":"Feature","properties":{"VILLAGE":"Oke Hpo","VLG_MMR":"အုပ်ဖို","TS":"Ye-U","VT":"Oke Hpo","sev":"severe"},"geometry":{"type":"Point","coordinates":[95.2453,22.7973]}},{"type":"Feature","properties":{"VILLAGE":"Auk Yae Twin","VLG_MMR":"အောက်ရေတွင်း","TS":"Ye-U","VT":"Pa Lu Za Wa","sev":"severe"},"geometry":{"type":"Point","coordinates":[94.8307,22.8728]}},{"type":"Feature","properties":{"VILLAGE":"Aung Thu Kha","VLG_MMR":"အောင်သုခ","TS":"Ye-U","VT":"Pa Lu Za Wa","sev":"severe"},"geometry":{"type":"Point","coordinates":[94.8353,22.865]}},{"type":"Feature","properties":{"VILLAGE":"Gwayt Ngu","VLG_MMR":"ဂွေ့ငူ","TS":"Ye-U","VT":"Pa Lu Za Wa","sev":"severe"},"geometry":{"type":"Point","coordinates":[94.8344,22.8749]}},{"type":"Feature","properties":{"VILLAGE":"Pa Lu Za Wa","VLG_MMR":"ပလူဇဝ","TS":"Ye-U","VT":"Pa Lu Za Wa","sev":"severe"},"geometry":{"type":"Point","coordinates":[94.8504,22.8744]}},{"type":"Feature","properties":{"VILLAGE":"Paw","VLG_MMR":"​ပေါ","TS":"Ye-U","VT":"Pa Lu Za Wa","sev":"severe"},"geometry":{"type":"Point","coordinates":[94.859,22.918]}},{"type":"Feature","properties":{"VILLAGE":"Thit Hpa","VLG_MMR":"သစ်ဖ","TS":"Ye-U","VT":"Pa Lu Za Wa","sev":"severe"},"geometry":{"type":"Point","coordinates":[94.8491,22.8836]}},{"type":"Feature","properties":{"VILLAGE":"Pay Gyi","VLG_MMR":"ပေကြီး","TS":"Ye-U","VT":"Pay Gyi","sev":"severe"},"geometry":{"type":"Point","coordinates":[95.2866,22.8394]}},{"type":"Feature","properties":{"VILLAGE":"Pyi Taung","VLG_MMR":"ပြည်တောင်","TS":"Ye-U","VT":"Pay Gyi","sev":"severe"},"geometry":{"type":"Point","coordinates":[95.2896,22.8219]}},{"type":"Feature","properties":{"VILLAGE":"Pin Si","VLG_MMR":"ပင်စီ","TS":"Ye-U","VT":"Pone Ta Kar","sev":"severe"},"geometry":{"type":"Point","coordinates":[95.4223,22.8718]}},{"type":"Feature","properties":{"VILLAGE":"Pone Ta Kar (East)","VLG_MMR":"ပုန်းတကား (အရှေ့)","TS":"Ye-U","VT":"Pone Ta Kar","sev":"severe"},"geometry":{"type":"Point","coordinates":[95.4177,22.8711]}},{"type":"Feature","properties":{"VILLAGE":"Pone Ta Kar (West)","VLG_MMR":"ပုန်းတကား (အနောက်)","TS":"Ye-U","VT":"Pone Ta Kar","sev":"severe"},"geometry":{"type":"Point","coordinates":[95.4145,22.8697]}},{"type":"Feature","properties":{"VILLAGE":"Chaung Yoe","VLG_MMR":"ချောင်းရိုး","TS":"Ye-U","VT":"Shaw Hpyu","sev":"severe"},"geometry":{"type":"Point","coordinates":[95.3115,22.7155]}},{"type":"Feature","properties":{"VILLAGE":"Shaw Hpyu","VLG_MMR":"ရှော်ဖြူ","TS":"Ye-U","VT":"Shaw Hpyu","sev":"severe"},"geometry":{"type":"Point","coordinates":[95.3071,22.7038]}},{"type":"Feature","properties":{"VILLAGE":"Inn Pu Htoe","VLG_MMR":"အင်ပုထိုး","TS":"Ye-U","VT":"Si Thar Myay","sev":"severe"},"geometry":{"type":"Point","coordinates":[95.3382,22.8014]}},{"type":"Feature","properties":{"VILLAGE":"Ma Lwei","VLG_MMR":"မလွယ်","TS":"Ye-U","VT":"Si Thar Myay","sev":"severe"},"geometry":{"type":"Point","coordinates":[95.321,22.8119]}},{"type":"Feature","properties":{"VILLAGE":"Si Thar Myay","VLG_MMR":"စည်သာမြေ","TS":"Ye-U","VT":"Si Thar Myay","sev":"severe"},"geometry":{"type":"Point","coordinates":[95.3428,22.8214]}},{"type":"Feature","properties":{"VILLAGE":"Ywar Thit","VLG_MMR":"ရွာသစ်","TS":"Ye-U","VT":"Si Thar Myay","sev":"severe"},"geometry":{"type":"Point","coordinates":[95.3315,22.8076]}},{"type":"Feature","properties":{"VILLAGE":"Kin Mun Chon","VLG_MMR":"ကင်မွန်းချုံ","TS":"Ye-U","VT":"Ta Mar Taw","sev":"severe"},"geometry":{"type":"Point","coordinates":[95.2711,22.845]}},{"type":"Feature","properties":{"VILLAGE":"Par Ra Mi","VLG_MMR":"ပါရမီ","TS":"Ye-U","VT":"Ta Mar Taw","sev":"severe"},"geometry":{"type":"Point","coordinates":[95.2551,22.8494]}},{"type":"Feature","properties":{"VILLAGE":"See Gyi","VLG_MMR":"စည်းကြီး","TS":"Ye-U","VT":"Ta Mar Taw","sev":"severe"},"geometry":{"type":"Point","coordinates":[95.2761,22.8371]}},{"type":"Feature","properties":{"VILLAGE":"Shey Gwayt","VLG_MMR":"ရှေ့ဂွေ","TS":"Ye-U","VT":"Ta Mar Taw","sev":"severe"},"geometry":{"type":"Point","coordinates":[95.272,22.8536]}},{"type":"Feature","properties":{"VILLAGE":"Ta Mar Taw","VLG_MMR":"တမာတော","TS":"Ye-U","VT":"Ta Mar Taw","sev":"severe"},"geometry":{"type":"Point","coordinates":[95.2631,22.8404]}},{"type":"Feature","properties":{"VILLAGE":"Ywar Aing","VLG_MMR":"ရွာအိုင်း","TS":"Ye-U","VT":"Ta Mar Taw","sev":"severe"},"geometry":{"type":"Point","coordinates":[95.248,22.8368]}},{"type":"Feature","properties":{"VILLAGE":"Kin San","VLG_MMR":"ကင်းစမ်း","TS":"Ye-U","VT":"Tar Taing","sev":"severe"},"geometry":{"type":"Point","coordinates":[95.1798,22.78]}},{"type":"Feature","properties":{"VILLAGE":"Tar Taing","VLG_MMR":"တာတိုင်","TS":"Ye-U","VT":"Tar Taing","sev":"severe"},"geometry":{"type":"Point","coordinates":[95.1854,22.7936]}},{"type":"Feature","properties":{"VILLAGE":"Kan Thar","VLG_MMR":"ကံသာ","TS":"Ye-U","VT":"Taung Kwin","sev":"severe"},"geometry":{"type":"Point","coordinates":[95.3147,22.7918]}},{"type":"Feature","properties":{"VILLAGE":"Na Be Hla","VLG_MMR":"နဘဲလှ","TS":"Ye-U","VT":"Taung Kwin","sev":"severe"},"geometry":{"type":"Point","coordinates":[95.3276,22.791]}},{"type":"Feature","properties":{"VILLAGE":"Taung Kwin","VLG_MMR":"တောင်ကွင်","TS":"Ye-U","VT":"Taung Kwin","sev":"severe"},"geometry":{"type":"Point","coordinates":[95.3199,22.7829]}},{"type":"Feature","properties":{"VILLAGE":"Aik","VLG_MMR":"အိုက်","TS":"Ye-U","VT":"Taung Pyin Nge","sev":"severe"},"geometry":{"type":"Point","coordinates":[94.8792,22.8108]}},{"type":"Feature","properties":{"VILLAGE":"Taung Pyin Nge","VLG_MMR":"တောင်ပြင်ငယ်","TS":"Ye-U","VT":"Taung Pyin Nge","sev":"severe"},"geometry":{"type":"Point","coordinates":[94.819,22.8403]}},{"type":"Feature","properties":{"VILLAGE":"Kyauk Sa Kone","VLG_MMR":"ကျောက်စကုန်း","TS":"Ye-U","VT":"Than Thei","sev":"severe"},"geometry":{"type":"Point","coordinates":[95.4061,22.7778]}},{"type":"Feature","properties":{"VILLAGE":"Than Thei","VLG_MMR":"သံသည်","TS":"Ye-U","VT":"Than Thei","sev":"severe"},"geometry":{"type":"Point","coordinates":[95.3945,22.7742]}},{"type":"Feature","properties":{"VILLAGE":"Ma Yoe Kone","VLG_MMR":"မရိုးကုံး","TS":"Ye-U","VT":"Tin Tein Yan","sev":"severe"},"geometry":{"type":"Point","coordinates":[95.2904,22.7111]}},{"type":"Feature","properties":{"VILLAGE":"Ohn Chan (South)","VLG_MMR":"အုန်းခြံ (တောင်)","TS":"Ye-U","VT":"Tin Tein Yan","sev":"severe"},"geometry":{"type":"Point","coordinates":[95.2888,22.7184]}},{"type":"Feature","properties":{"VILLAGE":"Sat Thee Khoe","VLG_MMR":"စပ်သီးခိုး","TS":"Ye-U","VT":"Tin Tein Yan","sev":"severe"},"geometry":{"type":"Point","coordinates":[95.2832,22.7271]}},{"type":"Feature","properties":{"VILLAGE":"Tin Tein Yan (Ywar Ma)","VLG_MMR":"တင်းတိမ်ရံ (ရွာမ)","TS":"Ye-U","VT":"Tin Tein Yan","sev":"severe"},"geometry":{"type":"Point","coordinates":[95.2955,22.7264]}},{"type":"Feature","properties":{"VILLAGE":"Tin Tein Yan Zay","VLG_MMR":"တင်းတိမ်ရံစျေး","TS":"Ye-U","VT":"Tin Tein Yan","sev":"severe"},"geometry":{"type":"Point","coordinates":[95.2943,22.7309]}},{"type":"Feature","properties":{"VILLAGE":"Tu Maung","VLG_MMR":"တူမောင်း","TS":"Ye-U","VT":"Tu Maung","sev":"severe"},"geometry":{"type":"Point","coordinates":[95.3675,22.8498]}},{"type":"Feature","properties":{"VILLAGE":"Min Maung Kone","VLG_MMR":"မင်းမောင်းကုံး","TS":"Ye-U","VT":"Wet Thea","sev":"severe"},"geometry":{"type":"Point","coordinates":[95.3299,22.847]}},{"type":"Feature","properties":{"VILLAGE":"Wet Thea","VLG_MMR":"ဝက်သဲ","TS":"Ye-U","VT":"Wet Thea","sev":"severe"},"geometry":{"type":"Point","coordinates":[95.3385,22.8532]}},{"type":"Feature","properties":{"VILLAGE":"Ma Yoe Kone","VLG_MMR":"မရိုးကုံး","TS":"Ye-U","VT":"Win Wa","sev":"severe"},"geometry":{"type":"Point","coordinates":[95.3147,22.7735]}},{"type":"Feature","properties":{"VILLAGE":"Nyaung Hla","VLG_MMR":"ညောင်လှ","TS":"Ye-U","VT":"Win Wa","sev":"severe"},"geometry":{"type":"Point","coordinates":[95.3098,22.775]}},{"type":"Feature","properties":{"VILLAGE":"Taw Kyaung","VLG_MMR":"တောကျောင်း","TS":"Ye-U","VT":"Win Wa","sev":"severe"},"geometry":{"type":"Point","coordinates":[95.3062,22.768]}},{"type":"Feature","properties":{"VILLAGE":"Win Wa","VLG_MMR":"ဝင်ဝ","TS":"Ye-U","VT":"Win Wa","sev":"severe"},"geometry":{"type":"Point","coordinates":[95.3136,22.7603]}},{"type":"Feature","properties":{"VILLAGE":"Khaw Sat Kone","VLG_MMR":"ခေါစပ်ကုန်း","TS":"Ye-U","VT":"Yae Myet","sev":"severe"},"geometry":{"type":"Point","coordinates":[95.2282,22.862]}},{"type":"Feature","properties":{"VILLAGE":"Nat Gyi Kone","VLG_MMR":"နတ်ကြီးကုန်း","TS":"Ye-U","VT":"Yae Myet","sev":"severe"},"geometry":{"type":"Point","coordinates":[95.214,22.8775]}},{"type":"Feature","properties":{"VILLAGE":"Shwe Kyin Maw","VLG_MMR":"ရွှေကျင်မော်","TS":"Ye-U","VT":"Yae Myet","sev":"severe"},"geometry":{"type":"Point","coordinates":[95.175,22.885]}},{"type":"Feature","properties":{"VILLAGE":"U Yin","VLG_MMR":"ဥယျာဉ်","TS":"Ye-U","VT":"Yae Myet","sev":"severe"},"geometry":{"type":"Point","coordinates":[95.2228,22.8797]}},{"type":"Feature","properties":{"VILLAGE":"Yae Myet","VLG_MMR":"ရေမြက်","TS":"Ye-U","VT":"Yae Myet","sev":"severe"},"geometry":{"type":"Point","coordinates":[95.209,22.8659]}},{"type":"Feature","properties":{"VILLAGE":"Nwar Paung","VLG_MMR":"နွားပေါင်","TS":"Ye-U","VT":"Yae U Kone","sev":"severe"},"geometry":{"type":"Point","coordinates":[95.4065,22.7913]}},{"type":"Feature","properties":{"VILLAGE":"Yae U Kone","VLG_MMR":"ရေဦးကုန်း","TS":"Ye-U","VT":"Yae U Kone","sev":"severe"},"geometry":{"type":"Point","coordinates":[95.43,22.7816]}},{"type":"Feature","properties":{"VILLAGE":"Ywar Thit","VLG_MMR":"ရွာသစ်","TS":"Ye-U","VT":"Yae U Kone","sev":"severe"},"geometry":{"type":"Point","coordinates":[95.4224,22.7948]}},{"type":"Feature","properties":{"VILLAGE":"Ywar Meik Thar","VLG_MMR":"ရွာမိဿာ","TS":"Ye-U","VT":"Ywar Meik Thar","sev":"severe"},"geometry":{"type":"Point","coordinates":[95.3565,22.7488]}},{"type":"Feature","properties":{"VILLAGE":"Ywar Nge","VLG_MMR":"ရွာငယ်","TS":"Ye-U","VT":"Ywar Nge","sev":"severe"},"geometry":{"type":"Point","coordinates":[95.0322,22.9583]}},{"type":"Feature","properties":{"VILLAGE":"Hle Thwin","VLG_MMR":"လှဲသွင်း","TS":"Ye-U","VT":"Ywar Pu Gyi","sev":"severe"},"geometry":{"type":"Point","coordinates":[95.4209,22.8818]}},{"type":"Feature","properties":{"VILLAGE":"Kyoet Htein","VLG_MMR":"ကြို့ထိမ်း","TS":"Ye-U","VT":"Ywar Pu Gyi","sev":"severe"},"geometry":{"type":"Point","coordinates":[95.4517,22.9042]}},{"type":"Feature","properties":{"VILLAGE":"Pay Kone","VLG_MMR":"ပေကုံး","TS":"Ye-U","VT":"Ywar Pu Gyi","sev":"severe"},"geometry":{"type":"Point","coordinates":[95.4433,22.8969]}},{"type":"Feature","properties":{"VILLAGE":"See Ma","VLG_MMR":"စီးမ","TS":"Ye-U","VT":"Ywar Pu Gyi","sev":"severe"},"geometry":{"type":"Point","coordinates":[95.4456,22.8954]}},{"type":"Feature","properties":{"VILLAGE":"Ywar Pu Gyi","VLG_MMR":"ရွာပုကြီး","TS":"Ye-U","VT":"Ywar Pu Gyi","sev":"severe"},"geometry":{"type":"Point","coordinates":[95.4485,22.9013]}},{"type":"Feature","properties":{"VILLAGE":"Ywar Thit","VLG_MMR":"ရွာသစ်","TS":"Ye-U","VT":"Ywar Thit","sev":"severe"},"geometry":{"type":"Point","coordinates":[95.334,22.7646]}},{"type":"Feature","properties":{"VILLAGE":"Daunt Doe","VLG_MMR":"​ဒေါင့်ဒိုး","TS":"Ye-U","VT":"Zay Ya Wa Di","sev":"severe"},"geometry":{"type":"Point","coordinates":[95.2485,22.7776]}},{"type":"Feature","properties":{"VILLAGE":"Kyet Taw Sar","VLG_MMR":"ကြက်တောစား","TS":"Ye-U","VT":"Zay Ya Wa Di","sev":"severe"},"geometry":{"type":"Point","coordinates":[95.2264,22.756]}},{"type":"Feature","properties":{"VILLAGE":"Zay Ya Wa Di","VLG_MMR":"ဇေယျဝတီ","TS":"Ye-U","VT":"Zay Ya Wa Di","sev":"severe"},"geometry":{"type":"Point","coordinates":[95.2318,22.7638]}},{"type":"Feature","properties":{"VILLAGE":"Pauk Thar","VLG_MMR":"ပေါက်သာ","TS":"Ye-U","VT":"Zein Zun","sev":"severe"},"geometry":{"type":"Point","coordinates":[95.4277,22.6837]}},{"type":"Feature","properties":{"VILLAGE":"Pi Ta Kat Kya (East)","VLG_MMR":"ပိဋကပ်ကျ (အရှေ့)","TS":"Ye-U","VT":"Zein Zun","sev":"severe"},"geometry":{"type":"Point","coordinates":[95.431,22.6956]}},{"type":"Feature","properties":{"VILLAGE":"Se Gyi","VLG_MMR":"ဆယ်ကြီး","TS":"Ye-U","VT":"Zein Zun","sev":"severe"},"geometry":{"type":"Point","coordinates":[95.4192,22.6883]}},{"type":"Feature","properties":{"VILLAGE":"Zein Zun (East)","VLG_MMR":"ဇိန်ဇွန်း (အရှေ့)","TS":"Ye-U","VT":"Zein Zun","sev":"severe"},"geometry":{"type":"Point","coordinates":[95.4327,22.691]}},{"type":"Feature","properties":{"VILLAGE":"Zein Zun (West)","VLG_MMR":"ဇိန်ဇွန်း (အနောက်)","TS":"Ye-U","VT":"Zein Zun","sev":"severe"},"geometry":{"type":"Point","coordinates":[95.4287,22.6896]}}]}